# wavelength_um,throughput, length
9.000000000000000222e-01,9.956623928819735569e-01,1.000000000000000000e+01
9.010000000000000231e-01,9.956815344239465793e-01,1.000000000000000000e+01
9.020000000000000240e-01,9.957006740997362826e-01,1.000000000000000000e+01
9.030000000000000249e-01,9.957198115947220041e-01,1.000000000000000000e+01
9.040000000000000258e-01,9.957389470669221199e-01,1.000000000000000000e+01
9.050000000000000266e-01,9.957580806742888369e-01,1.000000000000000000e+01
9.060000000000000275e-01,9.957772121023006351e-01,1.000000000000000000e+01
9.070000000000000284e-01,9.957963415089258197e-01,1.000000000000000000e+01
9.080000000000000293e-01,9.958154688946302402e-01,1.000000000000000000e+01
9.090000000000000302e-01,9.958345944172986020e-01,1.000000000000000000e+01
9.100000000000000311e-01,9.958537177625420567e-01,1.000000000000000000e+01
9.110000000000000320e-01,9.958728390882616299e-01,1.000000000000000000e+01
9.120000000000000329e-01,9.958919585522915119e-01,1.000000000000000000e+01
9.130000000000000338e-01,9.959110758403421082e-01,1.000000000000000000e+01
9.140000000000000346e-01,9.959301911102641514e-01,1.000000000000000000e+01
9.150000000000000355e-01,9.959493045198415384e-01,1.000000000000000000e+01
9.160000000000000364e-01,9.959684157548838179e-01,1.000000000000000000e+01
9.170000000000000373e-01,9.959875249731912072e-01,1.000000000000000000e+01
9.180000000000000382e-01,9.960066321752280016e-01,1.000000000000000000e+01
9.190000000000000391e-01,9.960257375187112627e-01,1.000000000000000000e+01
9.200000000000000400e-01,9.960448406895825446e-01,1.000000000000000000e+01
9.210000000000000409e-01,9.960639418455751182e-01,1.000000000000000000e+01
9.220000000000000417e-01,9.960830411443557519e-01,1.000000000000000000e+01
9.230000000000000426e-01,9.961021382719649209e-01,1.000000000000000000e+01
9.240000000000000435e-01,9.961212333860858248e-01,1.000000000000000000e+01
9.250000000000000444e-01,9.961403266443348281e-01,1.000000000000000000e+01
9.260000000000000453e-01,9.961594177328515487e-01,1.000000000000000000e+01
9.270000000000000462e-01,9.961785068092687823e-01,1.000000000000000000e+01
9.280000000000000471e-01,9.961975938740491587e-01,1.000000000000000000e+01
9.290000000000000480e-01,9.962166790847423181e-01,1.000000000000000000e+01
9.300000000000000488e-01,9.962357621276196618e-01,1.000000000000000000e+01
9.310000000000000497e-01,9.962548431602469279e-01,1.000000000000000000e+01
9.320000000000000506e-01,9.962739223401237965e-01,1.000000000000000000e+01
9.330000000000000515e-01,9.962929993536204787e-01,1.000000000000000000e+01
9.340000000000000524e-01,9.963120743582526417e-01,1.000000000000000000e+01
9.350000000000000533e-01,9.963311475114695615e-01,1.000000000000000000e+01
9.360000000000000542e-01,9.963502184997403699e-01,1.000000000000000000e+01
9.370000000000000551e-01,9.963692874805306632e-01,1.000000000000000000e+01
9.379999999999999449e-01,9.963883544543012949e-01,1.000000000000000000e+01
9.389999999999999458e-01,9.964074195784351495e-01,1.000000000000000000e+01
9.399999999999999467e-01,9.964264825395324765e-01,1.000000000000000000e+01
9.409999999999999476e-01,9.964455434949922585e-01,1.000000000000000000e+01
9.419999999999999485e-01,9.964646026021470870e-01,1.000000000000000000e+01
9.429999999999999494e-01,9.964836595476960213e-01,1.000000000000000000e+01
9.439999999999999503e-01,9.965027144889879729e-01,1.000000000000000000e+01
9.449999999999999512e-01,9.965217675833055733e-01,1.000000000000000000e+01
9.459999999999999520e-01,9.965408185174463584e-01,1.000000000000000000e+01
9.469999999999999529e-01,9.965598674487091690e-01,1.000000000000000000e+01
9.479999999999999538e-01,9.965789143775534153e-01,1.000000000000000000e+01
9.489999999999999547e-01,9.965979594611951153e-01,1.000000000000000000e+01
9.499999999999999556e-01,9.966170023865631444e-01,1.000000000000000000e+01
9.509999999999999565e-01,9.966372464767506711e-01,1.000000000000000000e+01
9.519999999999999574e-01,9.966593596719683923e-01,1.000000000000000000e+01
9.529999999999999583e-01,9.966825395388119180e-01,1.000000000000000000e+01
9.539999999999999591e-01,9.967059835524528788e-01,1.000000000000000000e+01
9.549999999999999600e-01,9.967288900661146478e-01,1.000000000000000000e+01
9.559999999999999609e-01,9.967504576780845671e-01,1.000000000000000000e+01
9.569999999999999618e-01,9.967698853467876763e-01,1.000000000000000000e+01
9.579999999999999627e-01,9.967863724703740491e-01,1.000000000000000000e+01
9.589999999999999636e-01,9.967991181479941565e-01,1.000000000000000000e+01
9.599999999999999645e-01,9.968073221283240137e-01,1.000000000000000000e+01
9.609999999999999654e-01,9.968124052938621693e-01,1.000000000000000000e+01
9.619999999999999662e-01,9.968164776732312271e-01,1.000000000000000000e+01
9.629999999999999671e-01,9.968197721470933859e-01,1.000000000000000000e+01
9.639999999999999680e-01,9.968225215668660155e-01,1.000000000000000000e+01
9.649999999999999689e-01,9.968249587632210806e-01,1.000000000000000000e+01
9.659999999999999698e-01,9.968273165515926237e-01,1.000000000000000000e+01
9.669999999999999707e-01,9.968298274215798838e-01,1.000000000000000000e+01
9.679999999999999716e-01,9.968327244758212746e-01,1.000000000000000000e+01
9.689999999999999725e-01,9.968362403306235686e-01,1.000000000000000000e+01
9.699999999999999734e-01,9.968406075791953480e-01,1.000000000000000000e+01
9.709999999999999742e-01,9.968461174856223517e-01,1.000000000000000000e+01
9.719999999999999751e-01,9.968528086102419472e-01,1.000000000000000000e+01
9.729999999999999760e-01,9.968605350929132802e-01,1.000000000000000000e+01
9.739999999999999769e-01,9.968691510788318944e-01,1.000000000000000000e+01
9.749999999999999778e-01,9.968785105697579585e-01,1.000000000000000000e+01
9.759999999999999787e-01,9.968884675871321210e-01,1.000000000000000000e+01
9.769999999999999796e-01,9.968988764904653799e-01,1.000000000000000000e+01
9.779999999999999805e-01,9.969095911990280001e-01,1.000000000000000000e+01
9.789999999999999813e-01,9.969204661338991746e-01,1.000000000000000000e+01
9.799999999999999822e-01,9.969313554373520070e-01,1.000000000000000000e+01
9.809999999999999831e-01,9.969431528005563425e-01,1.000000000000000000e+01
9.819999999999999840e-01,9.969565439113652339e-01,1.000000000000000000e+01
9.829999999999999849e-01,9.969710713154608106e-01,1.000000000000000000e+01
9.839999999999999858e-01,9.969862776768654289e-01,1.000000000000000000e+01
9.849999999999999867e-01,9.970017056444006043e-01,1.000000000000000000e+01
9.859999999999999876e-01,9.970168981758658067e-01,1.000000000000000000e+01
9.869999999999999885e-01,9.970313983813803294e-01,1.000000000000000000e+01
9.879999999999999893e-01,9.970447491989138378e-01,1.000000000000000000e+01
9.889999999999999902e-01,9.970564941529617142e-01,1.000000000000000000e+01
9.899999999999999911e-01,9.970661765379005281e-01,1.000000000000000000e+01
9.909999999999999920e-01,9.970742579039659770e-01,1.000000000000000000e+01
9.919999999999999929e-01,9.970815880143020227e-01,1.000000000000000000e+01
9.929999999999999938e-01,9.970882920267786220e-01,1.000000000000000000e+01
9.939999999999999947e-01,9.970944956986333985e-01,1.000000000000000000e+01
9.949999999999999956e-01,9.971003242960020385e-01,1.000000000000000000e+01
9.959999999999999964e-01,9.971059032222989726e-01,1.000000000000000000e+01
9.969999999999999973e-01,9.971113578640411479e-01,1.000000000000000000e+01
9.979999999999999982e-01,9.971168137484512917e-01,1.000000000000000000e+01
9.989999999999999991e-01,9.971223959186451546e-01,1.000000000000000000e+01
1.000000000000000000e+00,9.971282300273580645e-01,1.000000000000000000e+01
1.000999999999999890e+00,9.971342103956856162e-01,1.000000000000000000e+01
1.002000000000000002e+00,9.971401491502521752e-01,1.000000000000000000e+01
1.002999999999999892e+00,9.971460477016941271e-01,1.000000000000000000e+01
1.004000000000000004e+00,9.971519076167156825e-01,1.000000000000000000e+01
1.004999999999999893e+00,9.971577303055196850e-01,1.000000000000000000e+01
1.006000000000000005e+00,9.971635176469102468e-01,1.000000000000000000e+01
1.006999999999999895e+00,9.971692707381124565e-01,1.000000000000000000e+01
1.008000000000000007e+00,9.971749913012269984e-01,1.000000000000000000e+01
1.008999999999999897e+00,9.971806809018655127e-01,1.000000000000000000e+01
1.010000000000000009e+00,9.971863411054269211e-01,1.000000000000000000e+01
1.010999999999999899e+00,9.971917511417327518e-01,1.000000000000000000e+01
1.012000000000000011e+00,9.971967876037214351e-01,1.000000000000000000e+01
1.012999999999999901e+00,9.972015972279210105e-01,1.000000000000000000e+01
1.014000000000000012e+00,9.972063265777221241e-01,1.000000000000000000e+01
1.014999999999999902e+00,9.972111226695523634e-01,1.000000000000000000e+01
1.016000000000000014e+00,9.972161321917526466e-01,1.000000000000000000e+01
1.016999999999999904e+00,9.972215019721445417e-01,1.000000000000000000e+01
1.018000000000000016e+00,9.972273786632583903e-01,1.000000000000000000e+01
1.018999999999999906e+00,9.972339088950604724e-01,1.000000000000000000e+01
1.020000000000000018e+00,9.972412394264642543e-01,1.000000000000000000e+01
1.020999999999999908e+00,9.972499034078429192e-01,1.000000000000000000e+01
1.022000000000000020e+00,9.972601905280801260e-01,1.000000000000000000e+01
1.022999999999999909e+00,9.972718821781533238e-01,1.000000000000000000e+01
1.024000000000000021e+00,9.972847599252714357e-01,1.000000000000000000e+01
1.024999999999999911e+00,9.972986050599640384e-01,1.000000000000000000e+01
1.026000000000000023e+00,9.973131992337250784e-01,1.000000000000000000e+01
1.026999999999999913e+00,9.973283241569624868e-01,1.000000000000000000e+01
1.028000000000000025e+00,9.973437611383462187e-01,1.000000000000000000e+01
1.028999999999999915e+00,9.973592923388646669e-01,1.000000000000000000e+01
1.030000000000000027e+00,9.973746992130528843e-01,1.000000000000000000e+01
1.030999999999999917e+00,9.973911142581923794e-01,1.000000000000000000e+01
1.032000000000000028e+00,9.974094214201773001e-01,1.000000000000000000e+01
1.032999999999999918e+00,9.974290302961033028e-01,1.000000000000000000e+01
1.034000000000000030e+00,9.974493502318138027e-01,1.000000000000000000e+01
1.034999999999999920e+00,9.974697914468803051e-01,1.000000000000000000e+01
1.036000000000000032e+00,9.974897637998145772e-01,1.000000000000000000e+01
1.036999999999999922e+00,9.975086781864132002e-01,1.000000000000000000e+01
1.038000000000000034e+00,9.975259447989420769e-01,1.000000000000000000e+01
1.038999999999999924e+00,9.975409747979232522e-01,1.000000000000000000e+01
1.040000000000000036e+00,9.975531791571321527e-01,1.000000000000000000e+01
1.040999999999999925e+00,9.975632449835377669e-01,1.000000000000000000e+01
1.042000000000000037e+00,9.975723516784786860e-01,1.000000000000000000e+01
1.042999999999999927e+00,9.975806476563845449e-01,1.000000000000000000e+01
1.044000000000000039e+00,9.975882820717397736e-01,1.000000000000000000e+01
1.044999999999999929e+00,9.975954032659921644e-01,1.000000000000000000e+01
1.046000000000000041e+00,9.976021600196549599e-01,1.000000000000000000e+01
1.046999999999999931e+00,9.976087010881603545e-01,1.000000000000000000e+01
1.048000000000000043e+00,9.976151750483605030e-01,1.000000000000000000e+01
1.048999999999999932e+00,9.976217304555912158e-01,1.000000000000000000e+01
1.050000000000000044e+00,9.976285158436160039e-01,1.000000000000000000e+01
1.050999999999999934e+00,9.976352197734281724e-01,1.000000000000000000e+01
1.052000000000000046e+00,9.976415186948358604e-01,1.000000000000000000e+01
1.052999999999999936e+00,9.976475432540494737e-01,1.000000000000000000e+01
1.054000000000000048e+00,9.976534245457313599e-01,1.000000000000000000e+01
1.054999999999999938e+00,9.976592930235351764e-01,1.000000000000000000e+01
1.056000000000000050e+00,9.976652794357919740e-01,1.000000000000000000e+01
1.056999999999999940e+00,9.976715143575879408e-01,1.000000000000000000e+01
1.058000000000000052e+00,9.976781286569500473e-01,1.000000000000000000e+01
1.058999999999999941e+00,9.976852528692502498e-01,1.000000000000000000e+01
1.060000000000000053e+00,9.976930176615049772e-01,1.000000000000000000e+01
1.060999999999999943e+00,9.977017423528861118e-01,1.000000000000000000e+01
1.062000000000000055e+00,9.977115216853084112e-01,1.000000000000000000e+01
1.062999999999999945e+00,9.977221482903845251e-01,1.000000000000000000e+01
1.064000000000000057e+00,9.977334156131459908e-01,1.000000000000000000e+01
1.064999999999999947e+00,9.977451168299060758e-01,1.000000000000000000e+01
1.066000000000000059e+00,9.977570450102294375e-01,1.000000000000000000e+01
1.066999999999999948e+00,9.977689935879845429e-01,1.000000000000000000e+01
1.068000000000000060e+00,9.977807557396903837e-01,1.000000000000000000e+01
1.068999999999999950e+00,9.977921248508440089e-01,1.000000000000000000e+01
1.070000000000000062e+00,9.978028943568429954e-01,1.000000000000000000e+01
1.070999999999999952e+00,9.978134922546277874e-01,1.000000000000000000e+01
1.072000000000000064e+00,9.978243730635671938e-01,1.000000000000000000e+01
1.072999999999999954e+00,9.978353704551192749e-01,1.000000000000000000e+01
1.074000000000000066e+00,9.978463176734296836e-01,1.000000000000000000e+01
1.074999999999999956e+00,9.978570483141304681e-01,1.000000000000000000e+01
1.076000000000000068e+00,9.978673961673534265e-01,1.000000000000000000e+01
1.076999999999999957e+00,9.978771945923138320e-01,1.000000000000000000e+01
1.078000000000000069e+00,9.978862774470363961e-01,1.000000000000000000e+01
1.078999999999999959e+00,9.978944783042337230e-01,1.000000000000000000e+01
1.080000000000000071e+00,9.979016310665871359e-01,1.000000000000000000e+01
1.080999999999999961e+00,9.979079017580848587e-01,1.000000000000000000e+01
1.082000000000000073e+00,9.979136289517702707e-01,1.000000000000000000e+01
1.082999999999999963e+00,9.979189042031305634e-01,1.000000000000000000e+01
1.084000000000000075e+00,9.979238196755872981e-01,1.000000000000000000e+01
1.084999999999999964e+00,9.979284668975811901e-01,1.000000000000000000e+01
1.086000000000000076e+00,9.979329378534916861e-01,1.000000000000000000e+01
1.086999999999999966e+00,9.979373243622902123e-01,1.000000000000000000e+01
1.088000000000000078e+00,9.979417182338201631e-01,1.000000000000000000e+01
1.088999999999999968e+00,9.979462111133963198e-01,1.000000000000000000e+01
1.090000000000000080e+00,9.979508947927401286e-01,1.000000000000000000e+01
1.090999999999999970e+00,9.979561064147398630e-01,1.000000000000000000e+01
1.092000000000000082e+00,9.979619380385578165e-01,1.000000000000000000e+01
1.092999999999999972e+00,9.979681143891679929e-01,1.000000000000000000e+01
1.094000000000000083e+00,9.979743602255923829e-01,1.000000000000000000e+01
1.094999999999999973e+00,9.979804001884733378e-01,1.000000000000000000e+01
1.096000000000000085e+00,9.979859591101830629e-01,1.000000000000000000e+01
1.096999999999999975e+00,9.979907616984734497e-01,1.000000000000000000e+01
1.098000000000000087e+00,9.979945328382164860e-01,1.000000000000000000e+01
1.098999999999999977e+00,9.979969974222793194e-01,1.000000000000000000e+01
1.100000000000000089e+00,9.979978800226955160e-01,1.000000000000000000e+01
1.100999999999999979e+00,9.979978800226955160e-01,1.000000000000000000e+01
1.102000000000000091e+00,9.979978800226955160e-01,1.000000000000000000e+01
1.102999999999999980e+00,9.979978800226955160e-01,1.000000000000000000e+01
1.104000000000000092e+00,9.979978800226955160e-01,1.000000000000000000e+01
1.104999999999999982e+00,9.979978800226955160e-01,1.000000000000000000e+01
1.106000000000000094e+00,9.979978800226955160e-01,1.000000000000000000e+01
1.106999999999999984e+00,9.979978800226955160e-01,1.000000000000000000e+01
1.108000000000000096e+00,9.979978800226955160e-01,1.000000000000000000e+01
1.108999999999999986e+00,9.979978800226955160e-01,1.000000000000000000e+01
1.110000000000000098e+00,9.979978800226955160e-01,1.000000000000000000e+01
1.110999999999999988e+00,9.979982860112234233e-01,1.000000000000000000e+01
1.112000000000000099e+00,9.979994411291692735e-01,1.000000000000000000e+01
1.112999999999999989e+00,9.980012506332487376e-01,1.000000000000000000e+01
1.114000000000000101e+00,9.980036200872363095e-01,1.000000000000000000e+01
1.114999999999999991e+00,9.980064547429353672e-01,1.000000000000000000e+01
1.116000000000000103e+00,9.980096601650382260e-01,1.000000000000000000e+01
1.116999999999999993e+00,9.980131417666635585e-01,1.000000000000000000e+01
1.118000000000000105e+00,9.980168051221255388e-01,1.000000000000000000e+01
1.118999999999999995e+00,9.980205553459826628e-01,1.000000000000000000e+01
1.120000000000000107e+00,9.980242981824867243e-01,1.000000000000000000e+01
1.120999999999999996e+00,9.980284989637555615e-01,1.000000000000000000e+01
1.122000000000000108e+00,9.980335784975816749e-01,1.000000000000000000e+01
1.122999999999999998e+00,9.980393749738434295e-01,1.000000000000000000e+01
1.124000000000000110e+00,9.980457267486801953e-01,1.000000000000000000e+01
1.125000000000000000e+00,9.980524720391237281e-01,1.000000000000000000e+01
1.125999999999999890e+00,9.980594492383495497e-01,1.000000000000000000e+01
1.127000000000000002e+00,9.980664966074457300e-01,1.000000000000000000e+01
1.127999999999999892e+00,9.980734524322725232e-01,1.000000000000000000e+01
1.129000000000000004e+00,9.980801553343258137e-01,1.000000000000000000e+01
1.129999999999999893e+00,9.980864434917673389e-01,1.000000000000000000e+01
1.131000000000000005e+00,9.980924430341563403e-01,1.000000000000000000e+01
1.131999999999999895e+00,9.980983921629514866e-01,1.000000000000000000e+01
1.133000000000000007e+00,9.981042974124314515e-01,1.000000000000000000e+01
1.133999999999999897e+00,9.981101650050792085e-01,1.000000000000000000e+01
1.135000000000000009e+00,9.981160017843473398e-01,1.000000000000000000e+01
1.135999999999999899e+00,9.981218139710092974e-01,1.000000000000000000e+01
1.137000000000000011e+00,9.981276080959103902e-01,1.000000000000000000e+01
1.137999999999999901e+00,9.981333908444902647e-01,1.000000000000000000e+01
1.139000000000000012e+00,9.981391685904726918e-01,1.000000000000000000e+01
1.139999999999999902e+00,9.981449478621943205e-01,1.000000000000000000e+01
1.141000000000000014e+00,9.981512319099650199e-01,1.000000000000000000e+01
1.141999999999999904e+00,9.981582934329304990e-01,1.000000000000000000e+01
1.143000000000000016e+00,9.981657937077734744e-01,1.000000000000000000e+01
1.143999999999999906e+00,9.981733932847068891e-01,1.000000000000000000e+01
1.145000000000000018e+00,9.981807535465988535e-01,1.000000000000000000e+01
1.145999999999999908e+00,9.981875354643948706e-01,1.000000000000000000e+01
1.147000000000000020e+00,9.981934000557152187e-01,1.000000000000000000e+01
1.147999999999999909e+00,9.981980085262628366e-01,1.000000000000000000e+01
1.149000000000000021e+00,9.982010220941316403e-01,1.000000000000000000e+01
1.149999999999999911e+00,9.982021019631955872e-01,1.000000000000000000e+01
1.151000000000000023e+00,9.982004080419796255e-01,1.000000000000000000e+01
1.151999999999999913e+00,9.981958100429405567e-01,1.000000000000000000e+01
1.153000000000000025e+00,9.981890340283023910e-01,1.000000000000000000e+01
1.153999999999999915e+00,9.981808054484077042e-01,1.000000000000000000e+01
1.155000000000000027e+00,9.981718506128048896e-01,1.000000000000000000e+01
1.155999999999999917e+00,9.981628951799227378e-01,1.000000000000000000e+01
1.157000000000000028e+00,9.981546654147782638e-01,1.000000000000000000e+01
1.157999999999999918e+00,9.981478878637476404e-01,1.000000000000000000e+01
1.159000000000000030e+00,9.981432885338841210e-01,1.000000000000000000e+01
1.159999999999999920e+00,9.981415940636337858e-01,1.000000000000000000e+01
1.161000000000000032e+00,9.981416518829123730e-01,1.000000000000000000e+01
1.161999999999999922e+00,9.981418228537897175e-01,1.000000000000000000e+01
1.163000000000000034e+00,9.981421037119632134e-01,1.000000000000000000e+01
1.163999999999999924e+00,9.981424907266644997e-01,1.000000000000000000e+01
1.165000000000000036e+00,9.981429806332472454e-01,1.000000000000000000e+01
1.165999999999999925e+00,9.981435697006423302e-01,1.000000000000000000e+01
1.167000000000000037e+00,9.981442545085139617e-01,1.000000000000000000e+01
1.167999999999999927e+00,9.981450316364228748e-01,1.000000000000000000e+01
1.169000000000000039e+00,9.981458973529950818e-01,1.000000000000000000e+01
1.169999999999999929e+00,9.981468483930650004e-01,1.000000000000000000e+01
1.171000000000000041e+00,9.981493806936294622e-01,1.000000000000000000e+01
1.171999999999999931e+00,9.981546612185192568e-01,1.000000000000000000e+01
1.173000000000000043e+00,9.981621924147633385e-01,1.000000000000000000e+01
1.173999999999999932e+00,9.981714771807358444e-01,1.000000000000000000e+01
1.175000000000000044e+00,9.981820179885372291e-01,1.000000000000000000e+01
1.175999999999999934e+00,9.981933177022658255e-01,1.000000000000000000e+01
1.177000000000000046e+00,9.982048789840162195e-01,1.000000000000000000e+01
1.177999999999999936e+00,9.982162052401183372e-01,1.000000000000000000e+01
1.179000000000000048e+00,9.982267990677368141e-01,1.000000000000000000e+01
1.179999999999999938e+00,9.982361641060385482e-01,1.000000000000000000e+01
1.181000000000000050e+00,9.982449580993305593e-01,1.000000000000000000e+01
1.181999999999999940e+00,9.982540629519607300e-01,1.000000000000000000e+01
1.183000000000000052e+00,9.982633178568788290e-01,1.000000000000000000e+01
1.183999999999999941e+00,9.982725620390479060e-01,1.000000000000000000e+01
1.185000000000000053e+00,9.982816349113647902e-01,1.000000000000000000e+01
1.185999999999999943e+00,9.982903757632096697e-01,1.000000000000000000e+01
1.187000000000000055e+00,9.982986239135451800e-01,1.000000000000000000e+01
1.187999999999999945e+00,9.983062187072614391e-01,1.000000000000000000e+01
1.189000000000000057e+00,9.983129996653822280e-01,1.000000000000000000e+01
1.189999999999999947e+00,9.983188061679912906e-01,1.000000000000000000e+01
1.191000000000000059e+00,9.983238055368669484e-01,1.000000000000000000e+01
1.191999999999999948e+00,9.983283282500716727e-01,1.000000000000000000e+01
1.193000000000000060e+00,9.983324583415240649e-01,1.000000000000000000e+01
1.193999999999999950e+00,9.983362801450688107e-01,1.000000000000000000e+01
1.195000000000000062e+00,9.983398776750359582e-01,1.000000000000000000e+01
1.195999999999999952e+00,9.983433349380178568e-01,1.000000000000000000e+01
1.197000000000000064e+00,9.983467362442186577e-01,1.000000000000000000e+01
1.197999999999999954e+00,9.983501654316317975e-01,1.000000000000000000e+01
1.199000000000000066e+00,9.983537064871360611e-01,1.000000000000000000e+01
1.199999999999999956e+00,9.983574438566450437e-01,1.000000000000000000e+01
1.201000000000000068e+00,9.983611920160236908e-01,1.000000000000000000e+01
1.201999999999999957e+00,9.983647607991301687e-01,1.000000000000000000e+01
1.203000000000000069e+00,9.983682270575063855e-01,1.000000000000000000e+01
1.203999999999999959e+00,9.983716676365318454e-01,1.000000000000000000e+01
1.205000000000000071e+00,9.983751595309231508e-01,1.000000000000000000e+01
1.205999999999999961e+00,9.983787792637641711e-01,1.000000000000000000e+01
1.207000000000000073e+00,9.983826036622844846e-01,1.000000000000000000e+01
1.207999999999999963e+00,9.983867097019056835e-01,1.000000000000000000e+01
1.209000000000000075e+00,9.983911740395509105e-01,1.000000000000000000e+01
1.209999999999999964e+00,9.983960734779602220e-01,1.000000000000000000e+01
1.211000000000000076e+00,9.984015149187108751e-01,1.000000000000000000e+01
1.211999999999999966e+00,9.984075344748097880e-01,1.000000000000000000e+01
1.213000000000000078e+00,9.984141026016928322e-01,1.000000000000000000e+01
1.213999999999999968e+00,9.984211900642904203e-01,1.000000000000000000e+01
1.215000000000000080e+00,9.984287674722830408e-01,1.000000000000000000e+01
1.215999999999999970e+00,9.984368051257728194e-01,1.000000000000000000e+01
1.217000000000000082e+00,9.984452739471352256e-01,1.000000000000000000e+01
1.217999999999999972e+00,9.984541442403086497e-01,1.000000000000000000e+01
1.219000000000000083e+00,9.984633867776898652e-01,1.000000000000000000e+01
1.219999999999999973e+00,9.984729720249192475e-01,1.000000000000000000e+01
1.221000000000000085e+00,9.984833957423359108e-01,1.000000000000000000e+01
1.221999999999999975e+00,9.984950307084011767e-01,1.000000000000000000e+01
1.223000000000000087e+00,9.985076626315751991e-01,1.000000000000000000e+01
1.223999999999999977e+00,9.985210775711089726e-01,1.000000000000000000e+01
1.225000000000000089e+00,9.985350616372320465e-01,1.000000000000000000e+01
1.225999999999999979e+00,9.985494008440244373e-01,1.000000000000000000e+01
1.227000000000000091e+00,9.985638815801100021e-01,1.000000000000000000e+01
1.227999999999999980e+00,9.985782896811138398e-01,1.000000000000000000e+01
1.229000000000000092e+00,9.985924118256802595e-01,1.000000000000000000e+01
1.229999999999999982e+00,9.986060342927998157e-01,1.000000000000000000e+01
1.231000000000000094e+00,9.986194960678801413e-01,1.000000000000000000e+01
1.231999999999999984e+00,9.986332071827611623e-01,1.000000000000000000e+01
1.233000000000000096e+00,9.986470601687026383e-01,1.000000000000000000e+01
1.233999999999999986e+00,9.986609480541414063e-01,1.000000000000000000e+01
1.235000000000000098e+00,9.986747631252498314e-01,1.000000000000000000e+01
1.235999999999999988e+00,9.986883986306782646e-01,1.000000000000000000e+01
1.237000000000000099e+00,9.987017470760122251e-01,1.000000000000000000e+01
1.237999999999999989e+00,9.987147013072406043e-01,1.000000000000000000e+01
1.239000000000000101e+00,9.987271543536984097e-01,1.000000000000000000e+01
1.239999999999999991e+00,9.987389991155335434e-01,1.000000000000000000e+01
1.241000000000000103e+00,9.987511572568146256e-01,1.000000000000000000e+01
1.241999999999999993e+00,9.987642706046473418e-01,1.000000000000000000e+01
1.243000000000000105e+00,9.987778126555234559e-01,1.000000000000000000e+01
1.243999999999999995e+00,9.987912565912872020e-01,1.000000000000000000e+01
1.245000000000000107e+00,9.988040759035125005e-01,1.000000000000000000e+01
1.245999999999999996e+00,9.988157443829394078e-01,1.000000000000000000e+01
1.247000000000000108e+00,9.988257357839832595e-01,1.000000000000000000e+01
1.247999999999999998e+00,9.988335237837860925e-01,1.000000000000000000e+01
1.249000000000000110e+00,9.988385825453400813e-01,1.000000000000000000e+01
1.250000000000000000e+00,9.988403857169869671e-01,1.000000000000000000e+01
1.250999999999999890e+00,9.988403857169869671e-01,1.000000000000000000e+01
1.252000000000000002e+00,9.988403857169869671e-01,1.000000000000000000e+01
1.252999999999999892e+00,9.988403857169869671e-01,1.000000000000000000e+01
1.254000000000000004e+00,9.988403857169869671e-01,1.000000000000000000e+01
1.254999999999999893e+00,9.988403857169869671e-01,1.000000000000000000e+01
1.256000000000000005e+00,9.988403857169869671e-01,1.000000000000000000e+01
1.256999999999999895e+00,9.988403857169869671e-01,1.000000000000000000e+01
1.258000000000000007e+00,9.988403857169869671e-01,1.000000000000000000e+01
1.258999999999999897e+00,9.988403857169869671e-01,1.000000000000000000e+01
1.260000000000000009e+00,9.988403857169869671e-01,1.000000000000000000e+01
1.260999999999999899e+00,9.988403857169869671e-01,1.000000000000000000e+01
1.262000000000000011e+00,9.988403857169869671e-01,1.000000000000000000e+01
1.262999999999999901e+00,9.988403857169869671e-01,1.000000000000000000e+01
1.264000000000000012e+00,9.988403857169869671e-01,1.000000000000000000e+01
1.264999999999999902e+00,9.988403857169869671e-01,1.000000000000000000e+01
1.266000000000000014e+00,9.988403857169869671e-01,1.000000000000000000e+01
1.266999999999999904e+00,9.988403857169869671e-01,1.000000000000000000e+01
1.268000000000000016e+00,9.988403857169869671e-01,1.000000000000000000e+01
1.268999999999999906e+00,9.988403857169869671e-01,1.000000000000000000e+01
1.270000000000000018e+00,9.988403857169869671e-01,1.000000000000000000e+01
1.270999999999999908e+00,9.988403857169869671e-01,1.000000000000000000e+01
1.272000000000000020e+00,9.988403857169869671e-01,1.000000000000000000e+01
1.272999999999999909e+00,9.988403857169869671e-01,1.000000000000000000e+01
1.274000000000000021e+00,9.988403857169869671e-01,1.000000000000000000e+01
1.274999999999999911e+00,9.988403857169869671e-01,1.000000000000000000e+01
1.276000000000000023e+00,9.988403857169869671e-01,1.000000000000000000e+01
1.276999999999999913e+00,9.988403857169869671e-01,1.000000000000000000e+01
1.278000000000000025e+00,9.988403857169869671e-01,1.000000000000000000e+01
1.278999999999999915e+00,9.988403857169869671e-01,1.000000000000000000e+01
1.280000000000000027e+00,9.988403857169869671e-01,1.000000000000000000e+01
1.280999999999999917e+00,9.988406877921622851e-01,1.000000000000000000e+01
1.282000000000000028e+00,9.988415443142225625e-01,1.000000000000000000e+01
1.282999999999999918e+00,9.988428811122723738e-01,1.000000000000000000e+01
1.284000000000000030e+00,9.988446241681946391e-01,1.000000000000000000e+01
1.284999999999999920e+00,9.988466989991490186e-01,1.000000000000000000e+01
1.286000000000000032e+00,9.988490314332252318e-01,1.000000000000000000e+01
1.286999999999999922e+00,9.988515474558076201e-01,1.000000000000000000e+01
1.288000000000000034e+00,9.988541725911875835e-01,1.000000000000000000e+01
1.288999999999999924e+00,9.988568326772797601e-01,1.000000000000000000e+01
1.290000000000000036e+00,9.988594537110793148e-01,1.000000000000000000e+01
1.290999999999999925e+00,9.988622954696640965e-01,1.000000000000000000e+01
1.292000000000000037e+00,9.988656118305437870e-01,1.000000000000000000e+01
1.292999999999999927e+00,9.988693187078576674e-01,1.000000000000000000e+01
1.294000000000000039e+00,9.988733326389009903e-01,1.000000000000000000e+01
1.294999999999999929e+00,9.988775698568703731e-01,1.000000000000000000e+01
1.296000000000000041e+00,9.988819462921193493e-01,1.000000000000000000e+01
1.296999999999999931e+00,9.988863786565755909e-01,1.000000000000000000e+01
1.298000000000000043e+00,9.988907828962151347e-01,1.000000000000000000e+01
1.298999999999999932e+00,9.988950754294944057e-01,1.000000000000000000e+01
1.300000000000000044e+00,9.988991725278493217e-01,1.000000000000000000e+01
1.300999999999999934e+00,9.989035013902873850e-01,1.000000000000000000e+01
1.302000000000000046e+00,9.989083860954230953e-01,1.000000000000000000e+01
1.302999999999999936e+00,9.989135882547959255e-01,1.000000000000000000e+01
1.304000000000000048e+00,9.989188698139732647e-01,1.000000000000000000e+01
1.304999999999999938e+00,9.989239922813073491e-01,1.000000000000000000e+01
1.306000000000000050e+00,9.989287176560093240e-01,1.000000000000000000e+01
1.306999999999999940e+00,9.989328074959268333e-01,1.000000000000000000e+01
1.308000000000000052e+00,9.989360236845689078e-01,1.000000000000000000e+01
1.308999999999999941e+00,9.989381281116833655e-01,1.000000000000000000e+01
1.310000000000000053e+00,9.989388825054948962e-01,1.000000000000000000e+01
1.310999999999999943e+00,9.989385098740305446e-01,1.000000000000000000e+01
1.312000000000000055e+00,9.989374597548353885e-01,1.000000000000000000e+01
1.312999999999999945e+00,9.989358341162554167e-01,1.000000000000000000e+01
1.314000000000000057e+00,9.989337350788638492e-01,1.000000000000000000e+01
1.314999999999999947e+00,9.989312642994030433e-01,1.000000000000000000e+01
1.316000000000000059e+00,9.989285239016594264e-01,1.000000000000000000e+01
1.316999999999999948e+00,9.989256157045052209e-01,1.000000000000000000e+01
1.318000000000000060e+00,9.989226416873850933e-01,1.000000000000000000e+01
1.318999999999999950e+00,9.989197038362207515e-01,1.000000000000000000e+01
1.320000000000000062e+00,9.989169039887285662e-01,1.000000000000000000e+01
1.320999999999999952e+00,9.989140567389859227e-01,1.000000000000000000e+01
1.322000000000000064e+00,9.989109402981475316e-01,1.000000000000000000e+01
1.322999999999999954e+00,9.989076021679135220e-01,1.000000000000000000e+01
1.324000000000000066e+00,9.989040896977599004e-01,1.000000000000000000e+01
1.324999999999999956e+00,9.989004505497801611e-01,1.000000000000000000e+01
1.326000000000000068e+00,9.988967320799785332e-01,1.000000000000000000e+01
1.326999999999999957e+00,9.988929819576524149e-01,1.000000000000000000e+01
1.328000000000000069e+00,9.988892473916225478e-01,1.000000000000000000e+01
1.328999999999999959e+00,9.988855763685476896e-01,1.000000000000000000e+01
1.330000000000000071e+00,9.988820159501469176e-01,1.000000000000000000e+01
1.330999999999999961e+00,9.988783142855475194e-01,1.000000000000000000e+01
1.332000000000000073e+00,9.988742821979496034e-01,1.000000000000000000e+01
1.332999999999999963e+00,9.988700611578816835e-01,1.000000000000000000e+01
1.334000000000000075e+00,9.988657928028404909e-01,1.000000000000000000e+01
1.334999999999999964e+00,9.988616187834179483e-01,1.000000000000000000e+01
1.336000000000000076e+00,9.988576807631177612e-01,1.000000000000000000e+01
1.336999999999999966e+00,9.988541202622495119e-01,1.000000000000000000e+01
1.338000000000000078e+00,9.988510791199880501e-01,1.000000000000000000e+01
1.338999999999999968e+00,9.988486988716048787e-01,1.000000000000000000e+01
1.340000000000000080e+00,9.988471212083210871e-01,1.000000000000000000e+01
1.340999999999999970e+00,9.988460728829701152e-01,1.000000000000000000e+01
1.342000000000000082e+00,9.988451705534830971e-01,1.000000000000000000e+01
1.342999999999999972e+00,9.988443906882331635e-01,1.000000000000000000e+01
1.344000000000000083e+00,9.988437097549071053e-01,1.000000000000000000e+01
1.344999999999999973e+00,9.988431042206481481e-01,1.000000000000000000e+01
1.346000000000000085e+00,9.988425507069985665e-01,1.000000000000000000e+01
1.346999999999999975e+00,9.988420256803245412e-01,1.000000000000000000e+01
1.348000000000000087e+00,9.988415054518665626e-01,1.000000000000000000e+01
1.348999999999999977e+00,9.988409666422497502e-01,1.000000000000000000e+01
1.350000000000000089e+00,9.988403857169869671e-01,1.000000000000000000e+01
1.350999999999999979e+00,9.988398323498831610e-01,1.000000000000000000e+01
1.352000000000000091e+00,9.988393689384735818e-01,1.000000000000000000e+01
1.352999999999999980e+00,9.988389615751785966e-01,1.000000000000000000e+01
1.354000000000000092e+00,9.988385760423703630e-01,1.000000000000000000e+01
1.354999999999999982e+00,9.988381784317733603e-01,1.000000000000000000e+01
1.356000000000000094e+00,9.988377345251445716e-01,1.000000000000000000e+01
1.356999999999999984e+00,9.988372102587157464e-01,1.000000000000000000e+01
1.358000000000000096e+00,9.988365715682423485e-01,1.000000000000000000e+01
1.358999999999999986e+00,9.988357843888205911e-01,1.000000000000000000e+01
1.360000000000000098e+00,9.988348146546416340e-01,1.000000000000000000e+01
1.360999999999999988e+00,9.988319424273867098e-01,1.000000000000000000e+01
1.362000000000000099e+00,9.988256831371634670e-01,1.000000000000000000e+01
1.362999999999999989e+00,9.988163555830883444e-01,1.000000000000000000e+01
1.364000000000000101e+00,9.988042781532169290e-01,1.000000000000000000e+01
1.364999999999999991e+00,9.987897694949710026e-01,1.000000000000000000e+01
1.366000000000000103e+00,9.987731480960394537e-01,1.000000000000000000e+01
1.366999999999999993e+00,9.987547324790865266e-01,1.000000000000000000e+01
1.368000000000000105e+00,9.987348413909632461e-01,1.000000000000000000e+01
1.368999999999999995e+00,9.987137933666973000e-01,1.000000000000000000e+01
1.370000000000000107e+00,9.986919075272451263e-01,1.000000000000000000e+01
1.370999999999999996e+00,9.986622872672019646e-01,1.000000000000000000e+01
1.372000000000000108e+00,9.986198974130039430e-01,1.000000000000000000e+01
1.372999999999999998e+00,9.985678479961670462e-01,1.000000000000000000e+01
1.374000000000000110e+00,9.985092513129478764e-01,1.000000000000000000e+01
1.375000000000000000e+00,9.984472225409974921e-01,1.000000000000000000e+01
1.375999999999999890e+00,9.983848804434671820e-01,1.000000000000000000e+01
1.377000000000000002e+00,9.983253484704707192e-01,1.000000000000000000e+01
1.377999999999999892e+00,9.982717536170834238e-01,1.000000000000000000e+01
1.379000000000000004e+00,9.982272266048531906e-01,1.000000000000000000e+01
1.379999999999999893e+00,9.981948996588775325e-01,1.000000000000000000e+01
1.381000000000000005e+00,9.981697804871931812e-01,1.000000000000000000e+01
1.381999999999999895e+00,9.981451292434529998e-01,1.000000000000000000e+01
1.383000000000000007e+00,9.981214581567470212e-01,1.000000000000000000e+01
1.383999999999999897e+00,9.980992797115987303e-01,1.000000000000000000e+01
1.385000000000000009e+00,9.980791061467018110e-01,1.000000000000000000e+01
1.385999999999999899e+00,9.980614506493370452e-01,1.000000000000000000e+01
1.387000000000000011e+00,9.980468258923210767e-01,1.000000000000000000e+01
1.387999999999999901e+00,9.980357447329721854e-01,1.000000000000000000e+01
1.389000000000000012e+00,9.980287201202969749e-01,1.000000000000000000e+01
1.389999999999999902e+00,9.980262646765764023e-01,1.000000000000000000e+01
1.391000000000000014e+00,9.980306528179260228e-01,1.000000000000000000e+01
1.391999999999999904e+00,9.980429600434151949e-01,1.000000000000000000e+01
1.393000000000000016e+00,9.980619000346758751e-01,1.000000000000000000e+01
1.393999999999999906e+00,9.980861858687885002e-01,1.000000000000000000e+01
1.395000000000000018e+00,9.981145313757683324e-01,1.000000000000000000e+01
1.395999999999999908e+00,9.981456502278597265e-01,1.000000000000000000e+01
1.397000000000000020e+00,9.981782572696236144e-01,1.000000000000000000e+01
1.397999999999999909e+00,9.982110677358296824e-01,1.000000000000000000e+01
1.399000000000000021e+00,9.982427980879896579e-01,1.000000000000000000e+01
1.399999999999999911e+00,9.982721658273111531e-01,1.000000000000000000e+01
