# wavelength_um,throughput
# 75m length zblan requirement
1.489999999999999991e+00,8.088603007360902764e-01
1.490999999999999881e+00,8.092637549614845049e-01
1.491999999999999771e+00,8.096672336513359713e-01
1.492999999999999661e+00,8.100707367964180561e-01
1.493999999999999551e+00,8.104742643875123553e-01
1.494999999999999440e+00,8.108778164154071266e-01
1.495999999999999330e+00,8.112813928708985101e-01
1.496999999999999220e+00,8.116849937447903063e-01
1.497999999999999110e+00,8.120886190278934214e-01
1.498999999999999000e+00,8.124922687110263109e-01
1.499999999999998890e+00,8.128959427850153130e-01
1.500999999999998780e+00,8.132996412406936493e-01
1.501999999999998670e+00,8.137033640689023128e-01
1.502999999999998559e+00,8.141071112604895132e-01
1.503999999999998449e+00,8.145108828063110096e-01
1.504999999999998339e+00,8.149146786972302214e-01
1.505999999999998229e+00,8.153184989241174518e-01
1.506999999999998119e+00,8.157223434778506643e-01
1.507999999999998009e+00,8.161262123493154830e-01
1.508999999999997899e+00,8.165301055294043042e-01
1.509999999999997788e+00,8.169340230090171850e-01
1.510999999999997678e+00,8.173379647790619540e-01
1.511999999999997568e+00,8.177419308304531009e-01
1.512999999999997458e+00,8.181459211541128873e-01
1.513999999999997348e+00,8.185499357409706800e-01
1.514999999999997238e+00,8.189539745819631733e-01
1.515999999999997128e+00,8.193580376680348332e-01
1.516999999999997017e+00,8.197621249901367868e-01
1.517999999999996907e+00,8.201662365392277110e-01
1.518999999999996797e+00,8.205703723062736099e-01
1.519999999999996687e+00,8.209745322822478153e-01
1.520999999999996577e+00,8.213787164581307643e-01
1.521999999999996467e+00,8.217829248249102214e-01
1.522999999999996357e+00,8.221871573735813898e-01
1.523999999999996247e+00,8.225914140951463560e-01
1.524999999999996136e+00,8.229956949806146449e-01
1.525999999999996026e+00,8.234000000210028869e-01
1.526999999999995916e+00,8.238043292073352619e-01
1.527999999999995806e+00,8.242086825306427222e-01
1.528999999999995696e+00,8.246130599819636586e-01
1.529999999999995586e+00,8.250174615523435673e-01
1.530999999999995476e+00,8.254218872328350498e-01
1.531999999999995365e+00,8.258263370144980353e-01
1.532999999999995255e+00,8.262308108883996693e-01
1.533999999999995145e+00,8.266353088456140918e-01
1.534999999999995035e+00,8.270398308772225482e-01
1.535999999999994925e+00,8.274443769743133892e-01
1.536999999999994815e+00,8.278489471279822931e-01
1.537999999999994705e+00,8.282535413293320437e-01
1.538999999999994595e+00,8.286581595694723079e-01
1.539999999999994484e+00,8.290628018395199694e-01
1.540999999999994374e+00,8.294674681305991282e-01
1.541999999999994264e+00,8.298721584338408785e-01
1.542999999999994154e+00,8.302768727403829763e-01
1.543999999999994044e+00,8.306816110413711707e-01
1.544999999999993934e+00,8.310863733279573173e-01
1.545999999999993824e+00,8.314911595913009323e-01
1.546999999999993713e+00,8.318959698225683042e-01
1.547999999999993603e+00,8.323008040129327156e-01
1.548999999999993493e+00,8.327056621535746661e-01
1.549999999999993383e+00,8.331105442356815383e-01
1.550999999999993273e+00,8.335154502504477092e-01
1.551999999999993163e+00,8.339203801890745504e-01
1.552999999999993053e+00,8.343253340427705389e-01
1.553999999999992943e+00,8.347303118027508129e-01
1.554999999999992832e+00,8.351353134602380601e-01
1.555999999999992722e+00,8.355403390064614078e-01
1.556999999999992612e+00,8.359453884326570883e-01
1.557999999999992502e+00,8.363504617300683286e-01
1.558999999999992392e+00,8.367555588899450170e-01
1.559999999999992282e+00,8.371606799035445912e-01
1.560999999999992172e+00,8.375658247621308172e-01
1.561999999999992061e+00,8.379709934569746776e-01
1.562999999999991951e+00,8.383761859793538163e-01
1.563999999999991841e+00,8.387814023205529823e-01
1.564999999999991731e+00,8.391866424718635864e-01
1.565999999999991621e+00,8.395919064245843666e-01
1.566999999999991511e+00,8.399971941700205003e-01
1.567999999999991401e+00,8.404025056994841592e-01
1.568999999999991291e+00,8.408078410042942874e-01
1.569999999999991180e+00,8.412132000757767125e-01
1.570999999999991070e+00,8.416185829052642564e-01
1.571999999999990960e+00,8.420239894840965134e-01
1.572999999999990850e+00,8.424294198036196279e-01
1.573999999999990740e+00,8.428348738551869612e-01
1.574999999999990630e+00,8.432403516301582025e-01
1.575999999999990520e+00,8.436458531199001465e-01
1.576999999999990409e+00,8.440513783157865824e-01
1.577999999999990299e+00,8.444569272091976275e-01
1.578999999999990189e+00,8.448624997915203938e-01
1.579999999999990079e+00,8.452680960541487654e-01
1.580999999999989969e+00,8.456737159884831767e-01
1.581999999999989859e+00,8.460793595859311678e-01
1.582999999999989749e+00,8.464850268379068288e-01
1.583999999999989639e+00,8.468907177358306893e-01
1.584999999999989528e+00,8.472964322711306062e-01
1.585999999999989418e+00,8.477021704352405429e-01
1.586999999999989308e+00,8.481079322196015680e-01
1.587999999999989198e+00,8.485137176156613004e-01
1.588999999999989088e+00,8.489195266148741315e-01
1.589999999999988978e+00,8.493253592087010029e-01
1.590999999999988868e+00,8.497312153886096286e-01
1.591999999999988757e+00,8.501370951460741621e-01
1.592999999999988647e+00,8.505429984725758619e-01
1.593999999999988537e+00,8.509489253596023151e-01
1.594999999999988427e+00,8.513548757986476589e-01
1.595999999999988317e+00,8.517608497812130253e-01
1.596999999999988207e+00,8.521668472988057630e-01
1.597999999999988097e+00,8.525728683429399934e-01
1.598999999999987986e+00,8.529789129051367214e-01
1.599999999999987876e+00,8.533849809769232797e-01
1.600999999999987766e+00,8.535524909035592245e-01
1.601999999999987656e+00,8.537200048284613318e-01
1.602999999999987546e+00,8.538875227510388521e-01
1.603999999999987436e+00,8.540550446706981491e-01
1.604999999999987326e+00,8.542225705868460306e-01
1.605999999999987216e+00,8.543901004988894154e-01
1.606999999999987105e+00,8.545576344062351115e-01
1.607999999999986995e+00,8.547251723082905928e-01
1.608999999999986885e+00,8.548927142044632221e-01
1.609999999999986775e+00,8.550602600941605846e-01
1.610999999999986665e+00,8.552278099767904873e-01
1.611999999999986555e+00,8.553953638517609592e-01
1.612999999999986445e+00,8.555629217184801405e-01
1.613999999999986334e+00,8.557304835763565043e-01
1.614999999999986224e+00,8.558980494247985238e-01
1.615999999999986114e+00,8.560656192632151162e-01
1.616999999999986004e+00,8.562331930910150879e-01
1.617999999999985894e+00,8.564007709076075781e-01
1.618999999999985784e+00,8.565683527124019481e-01
1.619999999999985674e+00,8.567359385048076703e-01
1.620999999999985564e+00,8.569035282842345502e-01
1.621999999999985453e+00,8.570711220500922822e-01
1.622999999999985343e+00,8.572387198017912269e-01
1.623999999999985233e+00,8.574063215387415227e-01
1.624999999999985123e+00,8.575739272603535301e-01
1.625999999999985013e+00,8.577415369660380540e-01
1.626999999999984903e+00,8.579091506552057877e-01
1.627999999999984793e+00,8.580767683272678692e-01
1.628999999999984682e+00,8.582443899816354360e-01
1.629999999999984572e+00,8.584120156177199590e-01
1.630999999999984462e+00,8.585796452349330199e-01
1.631999999999984352e+00,8.587472788326863116e-01
1.632999999999984242e+00,8.589149164103917489e-01
1.633999999999984132e+00,8.590825579674616908e-01
1.634999999999984022e+00,8.592502035033083851e-01
1.635999999999983912e+00,8.594178530173443020e-01
1.636999999999983801e+00,8.595855065089822444e-01
1.637999999999983691e+00,8.597531639776350154e-01
1.638999999999983581e+00,8.599208254227156401e-01
1.639999999999983471e+00,8.600884908436376985e-01
1.640999999999983361e+00,8.602561602398143270e-01
1.641999999999983251e+00,8.604238336106593277e-01
1.642999999999983141e+00,8.605915109555865028e-01
1.643999999999983030e+00,8.607591922740099877e-01
1.644999999999982920e+00,8.609268775653438066e-01
1.645999999999982810e+00,8.610945668290024280e-01
1.646999999999982700e+00,8.612622600644004311e-01
1.647999999999982590e+00,8.614299572709526176e-01
1.648999999999982480e+00,8.615976584480738998e-01
1.649999999999982370e+00,8.617653635951795232e-01
1.650999999999982260e+00,8.619330727116846225e-01
1.651999999999982149e+00,8.621007857970048871e-01
1.652999999999982039e+00,8.622685028505558957e-01
1.653999999999981929e+00,8.624362238717536711e-01
1.654999999999981819e+00,8.626039488600142358e-01
1.655999999999981709e+00,8.627716778147537235e-01
1.656999999999981599e+00,8.629394107353887122e-01
1.657999999999981489e+00,8.631071476213356686e-01
1.658999999999981378e+00,8.632748884720116145e-01
1.659999999999981268e+00,8.634426332868334608e-01
1.660999999999981158e+00,8.636103820652183405e-01
1.661999999999981048e+00,8.637781348065837195e-01
1.662999999999980938e+00,8.639458915103470638e-01
1.663999999999980828e+00,8.641136521759261724e-01
1.664999999999980718e+00,8.642814168027389554e-01
1.665999999999980608e+00,8.644491853902035450e-01
1.666999999999980497e+00,8.646169579377380732e-01
1.667999999999980387e+00,8.647847344447612272e-01
1.668999999999980277e+00,8.649525149106915833e-01
1.669999999999980167e+00,8.651202993349479398e-01
1.670999999999980057e+00,8.652880877169494278e-01
1.671999999999979947e+00,8.654558800561151788e-01
1.672999999999979837e+00,8.656236763518646571e-01
1.673999999999979726e+00,8.657914766036173271e-01
1.674999999999979616e+00,8.659592808107930972e-01
1.675999999999979506e+00,8.661270889728118760e-01
1.676999999999979396e+00,8.662949010890937940e-01
1.677999999999979286e+00,8.664627171590590926e-01
1.678999999999979176e+00,8.666305371821283465e-01
1.679999999999979066e+00,8.667983611577222414e-01
1.680999999999978956e+00,8.669661890852616848e-01
1.681999999999978845e+00,8.671340209641676955e-01
1.682999999999978735e+00,8.673018567938614032e-01
1.683999999999978625e+00,8.674696965737643817e-01
1.684999999999978515e+00,8.676375403032982048e-01
1.685999999999978405e+00,8.678053879818845573e-01
1.686999999999978295e+00,8.679732396089454571e-01
1.687999999999978185e+00,8.681410951839031442e-01
1.688999999999978074e+00,8.683089547061797475e-01
1.689999999999977964e+00,8.684768181751980620e-01
1.690999999999977854e+00,8.686446855903805497e-01
1.691999999999977744e+00,8.688125569511502277e-01
1.692999999999977634e+00,8.689804322569300021e-01
1.693999999999977524e+00,8.691483115071433341e-01
1.694999999999977414e+00,8.693161947012134627e-01
1.695999999999977303e+00,8.694840818385640713e-01
1.696999999999977193e+00,8.696519729186189540e-01
1.697999999999977083e+00,8.698198679408021272e-01
1.698999999999976973e+00,8.699877669045377182e-01
1.699999999999976863e+00,8.701556698092499653e-01
1.700999999999976753e+00,8.703235766543634400e-01
1.701999999999976643e+00,8.704914874393029356e-01
1.702999999999976533e+00,8.706594021634932457e-01
1.703999999999976422e+00,8.708273208263594967e-01
1.704999999999976312e+00,8.709952434273269262e-01
1.705999999999976202e+00,8.711631699658207717e-01
1.706999999999976092e+00,8.713311004412669369e-01
1.707999999999975982e+00,8.714990348530909925e-01
1.708999999999975872e+00,8.716669732007189531e-01
1.709999999999975762e+00,8.718349154835770554e-01
1.710999999999975651e+00,8.720028617010915362e-01
1.711999999999975541e+00,8.721708118526888542e-01
1.712999999999975431e+00,8.723387659377959125e-01
1.713999999999975321e+00,8.725067239558393917e-01
1.714999999999975211e+00,8.726746859062463058e-01
1.715999999999975101e+00,8.728426517884441127e-01
1.716999999999974991e+00,8.730106216018600485e-01
1.717999999999974881e+00,8.731785953459217930e-01
1.718999999999974770e+00,8.733465730200570265e-01
1.719999999999974660e+00,8.735145546236937619e-01
1.720999999999974550e+00,8.736825401562601234e-01
1.721999999999974440e+00,8.738505296171843462e-01
1.722999999999974330e+00,8.740185230058951094e-01
1.723999999999974220e+00,8.741865203218209812e-01
1.724999999999974110e+00,8.743545215643907520e-01
1.725999999999973999e+00,8.745225267330335450e-01
1.726999999999973889e+00,8.746905358271784836e-01
1.727999999999973779e+00,8.748585488462550241e-01
1.728999999999973669e+00,8.750265657896926230e-01
1.729999999999973559e+00,8.751945866569212917e-01
1.730999999999973449e+00,8.753626114473705977e-01
1.731999999999973339e+00,8.755306401604709965e-01
1.732999999999973229e+00,8.756986727956524996e-01
1.733999999999973118e+00,8.758667093523457847e-01
1.734999999999973008e+00,8.760347498299813074e-01
1.735999999999972898e+00,8.762027942279899673e-01
1.736999999999972788e+00,8.763708425458027751e-01
1.737999999999972678e+00,8.765388947828508526e-01
1.738999999999972568e+00,8.767069509385656545e-01
1.739999999999972458e+00,8.768750110123786357e-01
1.740999999999972347e+00,8.770430750037215839e-01
1.741999999999972237e+00,8.772111429120262871e-01
1.742999999999972127e+00,8.773792147367248662e-01
1.743999999999972017e+00,8.775472904772495530e-01
1.744999999999971907e+00,8.777153701330328017e-01
1.745999999999971797e+00,8.778834537035071772e-01
1.746999999999971687e+00,8.780515411881054666e-01
1.747999999999971577e+00,8.782196325862606789e-01
1.748999999999971466e+00,8.783877278974058234e-01
1.749999999999971356e+00,8.785558271209743531e-01
1.750999999999971246e+00,8.787239302563997212e-01
1.751999999999971136e+00,8.788920373031154920e-01
1.752999999999971026e+00,8.790601482605555628e-01
1.753999999999970916e+00,8.792282631281540528e-01
1.754999999999970806e+00,8.793963819053450814e-01
1.755999999999970695e+00,8.795645045915629900e-01
1.756999999999970585e+00,8.797326311862423420e-01
1.757999999999970475e+00,8.799007616888179228e-01
1.758999999999970365e+00,8.800688960987246290e-01
1.759999999999970255e+00,8.802370344153974679e-01
1.760999999999970145e+00,8.804051766382716693e-01
1.761999999999970035e+00,8.805733227667827956e-01
1.762999999999969925e+00,8.807414728003664095e-01
1.763999999999969814e+00,8.809096267384582957e-01
1.764999999999969704e+00,8.810777845804944608e-01
1.765999999999969594e+00,8.812459463259109116e-01
1.766999999999969484e+00,8.814141119741439878e-01
1.767999999999969374e+00,8.815822815246302513e-01
1.768999999999969264e+00,8.817504549768063749e-01
1.769999999999969154e+00,8.819186323301091424e-01
1.770999999999969043e+00,8.820868135839756707e-01
1.771999999999968933e+00,8.822549987378429659e-01
1.772999999999968823e+00,8.824231877911485888e-01
1.773999999999968713e+00,8.825913807433299896e-01
1.774999999999968603e+00,8.827595775938249512e-01
1.775999999999968493e+00,8.829277783420712566e-01
1.776999999999968383e+00,8.830959829875070222e-01
1.777999999999968272e+00,8.832641915295704749e-01
1.778999999999968162e+00,8.834324039677000640e-01
1.779999999999968052e+00,8.836006203013344606e-01
1.780999999999967942e+00,8.837688405299122252e-01
1.781999999999967832e+00,8.839370646528725839e-01
1.782999999999967722e+00,8.841052926696544301e-01
1.783999999999967612e+00,8.842735245796971011e-01
1.784999999999967502e+00,8.844417603824400453e-01
1.785999999999967391e+00,8.846100000773230443e-01
1.786999999999967281e+00,8.847782436637857684e-01
1.787999999999967171e+00,8.849464911412682211e-01
1.788999999999967061e+00,8.851147425092106280e-01
1.789999999999966951e+00,8.852829977670533257e-01
1.790999999999966841e+00,8.854512569142367617e-01
1.791999999999966731e+00,8.856195199502016058e-01
1.792999999999966620e+00,8.857877868743888605e-01
1.793999999999966510e+00,8.859560576862393066e-01
1.794999999999966400e+00,8.861243323851945020e-01
1.795999999999966290e+00,8.862926109706954492e-01
1.796999999999966180e+00,8.864608934421840392e-01
1.797999999999966070e+00,8.866291797991017187e-01
1.798999999999965960e+00,8.867974700408906008e-01
1.799999999999965850e+00,8.869657641669926873e-01
1.800999999999965739e+00,8.869657641669983494e-01
1.801999999999965629e+00,8.869657641669983494e-01
1.802999999999965519e+00,8.869657641669983494e-01
1.803999999999965409e+00,8.869657641669983494e-01
1.804999999999965299e+00,8.869657641669983494e-01
1.805999999999965189e+00,8.869657641669983494e-01
1.806999999999965079e+00,8.869657641669983494e-01
1.807999999999964968e+00,8.869657641669983494e-01
1.808999999999964858e+00,8.869657641669983494e-01
1.809999999999964748e+00,8.869657641669983494e-01
1.810999999999964638e+00,8.869657641669983494e-01
1.811999999999964528e+00,8.869657641669983494e-01
1.812999999999964418e+00,8.869657641669983494e-01
1.813999999999964308e+00,8.869657641669983494e-01
1.814999999999964198e+00,8.869657641669983494e-01
1.815999999999964087e+00,8.869657641669983494e-01
1.816999999999963977e+00,8.869657641669983494e-01
1.817999999999963867e+00,8.869657641669983494e-01
1.818999999999963757e+00,8.869657641669983494e-01
1.819999999999963647e+00,8.869657641669983494e-01
1.820999999999963537e+00,8.869657641669983494e-01
1.821999999999963427e+00,8.869657641669983494e-01
1.822999999999963316e+00,8.869657641669983494e-01
1.823999999999963206e+00,8.869657641669983494e-01
1.824999999999963096e+00,8.869657641669983494e-01
1.825999999999962986e+00,8.869657641669983494e-01
1.826999999999962876e+00,8.869657641669983494e-01
1.827999999999962766e+00,8.869657641669983494e-01
1.828999999999962656e+00,8.869657641669983494e-01
1.829999999999962546e+00,8.869657641669983494e-01
1.830999999999962435e+00,8.869657641669983494e-01
1.831999999999962325e+00,8.869657641669983494e-01
1.832999999999962215e+00,8.869657641669983494e-01
1.833999999999962105e+00,8.869657641669983494e-01
1.834999999999961995e+00,8.869657641669983494e-01
1.835999999999961885e+00,8.869657641669983494e-01
1.836999999999961775e+00,8.869657641669983494e-01
1.837999999999961664e+00,8.869657641669983494e-01
1.838999999999961554e+00,8.869657641669983494e-01
1.839999999999961444e+00,8.869657641669983494e-01
1.840999999999961334e+00,8.869657641669983494e-01
1.841999999999961224e+00,8.869657641669983494e-01
1.842999999999961114e+00,8.869657641669983494e-01
1.843999999999961004e+00,8.869657641669983494e-01
1.844999999999960894e+00,8.869657641669983494e-01
1.845999999999960783e+00,8.869657641669983494e-01
1.846999999999960673e+00,8.869657641669983494e-01
1.847999999999960563e+00,8.869657641669983494e-01
1.848999999999960453e+00,8.869657641669983494e-01
1.849999999999960343e+00,8.869657641669983494e-01
1.850999999999960233e+00,8.869657641669983494e-01
1.851999999999960123e+00,8.869657641669983494e-01
1.852999999999960012e+00,8.869657641669983494e-01
1.853999999999959902e+00,8.869657641669983494e-01
1.854999999999959792e+00,8.869657641669983494e-01
1.855999999999959682e+00,8.869657641669983494e-01
1.856999999999959572e+00,8.869657641669983494e-01
1.857999999999959462e+00,8.869657641669983494e-01
1.858999999999959352e+00,8.869657641669983494e-01
1.859999999999959241e+00,8.869657641669983494e-01
1.860999999999959131e+00,8.869657641669983494e-01
1.861999999999959021e+00,8.869657641669983494e-01
1.862999999999958911e+00,8.869657641669983494e-01
1.863999999999958801e+00,8.869657641669983494e-01
1.864999999999958691e+00,8.869657641669983494e-01
1.865999999999958581e+00,8.869657641669983494e-01
1.866999999999958471e+00,8.869657641669983494e-01
1.867999999999958360e+00,8.869657641669983494e-01
1.868999999999958250e+00,8.869657641669983494e-01
1.869999999999958140e+00,8.869657641669983494e-01
1.870999999999958030e+00,8.869657641669983494e-01
1.871999999999957920e+00,8.869657641669983494e-01
1.872999999999957810e+00,8.869657641669983494e-01
1.873999999999957700e+00,8.869657641669983494e-01
1.874999999999957589e+00,8.869657641669983494e-01
1.875999999999957479e+00,8.869657641669983494e-01
1.876999999999957369e+00,8.869657641669983494e-01
1.877999999999957259e+00,8.869657641669983494e-01
1.878999999999957149e+00,8.869657641669983494e-01
1.879999999999957039e+00,8.869657641669983494e-01
1.880999999999956929e+00,8.869657641669983494e-01
1.881999999999956819e+00,8.869657641669983494e-01
1.882999999999956708e+00,8.869657641669983494e-01
1.883999999999956598e+00,8.869657641669983494e-01
1.884999999999956488e+00,8.869657641669983494e-01
1.885999999999956378e+00,8.869657641669983494e-01
1.886999999999956268e+00,8.869657641669983494e-01
1.887999999999956158e+00,8.869657641669983494e-01
1.888999999999956048e+00,8.869657641669983494e-01
1.889999999999955937e+00,8.869657641669983494e-01
1.890999999999955827e+00,8.869657641669983494e-01
1.891999999999955717e+00,8.869657641669983494e-01
1.892999999999955607e+00,8.869657641669983494e-01
1.893999999999955497e+00,8.869657641669983494e-01
1.894999999999955387e+00,8.869657641669983494e-01
1.895999999999955277e+00,8.869657641669983494e-01
1.896999999999955167e+00,8.869657641669983494e-01
1.897999999999955056e+00,8.869657641669983494e-01
1.898999999999954946e+00,8.869657641669983494e-01
1.899999999999954836e+00,8.869657641669983494e-01
1.900999999999954726e+00,8.869657641669983494e-01
1.901999999999954616e+00,8.869657641669983494e-01
1.902999999999954506e+00,8.869657641669983494e-01
1.903999999999954396e+00,8.869657641669983494e-01
1.904999999999954285e+00,8.869657641669983494e-01
1.905999999999954175e+00,8.869657641669983494e-01
1.906999999999954065e+00,8.869657641669983494e-01
1.907999999999953955e+00,8.869657641669983494e-01
1.908999999999953845e+00,8.869657641669983494e-01
1.909999999999953735e+00,8.869657641669983494e-01
1.910999999999953625e+00,8.869657641669983494e-01
1.911999999999953515e+00,8.869657641669983494e-01
1.912999999999953404e+00,8.869657641669983494e-01
1.913999999999953294e+00,8.869657641669983494e-01
1.914999999999953184e+00,8.869657641669983494e-01
1.915999999999953074e+00,8.869657641669983494e-01
1.916999999999952964e+00,8.869657641669983494e-01
1.917999999999952854e+00,8.869657641669983494e-01
1.918999999999952744e+00,8.869657641669983494e-01
1.919999999999952633e+00,8.869657641669983494e-01
1.920999999999952523e+00,8.869657641669983494e-01
1.921999999999952413e+00,8.869657641669983494e-01
1.922999999999952303e+00,8.869657641669983494e-01
1.923999999999952193e+00,8.869657641669983494e-01
1.924999999999952083e+00,8.869657641669983494e-01
1.925999999999951973e+00,8.869657641669983494e-01
1.926999999999951863e+00,8.869657641669983494e-01
1.927999999999951752e+00,8.869657641669983494e-01
1.928999999999951642e+00,8.869657641669983494e-01
1.929999999999951532e+00,8.869657641669983494e-01
1.930999999999951422e+00,8.869657641669983494e-01
1.931999999999951312e+00,8.869657641669983494e-01
1.932999999999951202e+00,8.869657641669983494e-01
1.933999999999951092e+00,8.869657641669983494e-01
1.934999999999950981e+00,8.869657641669983494e-01
1.935999999999950871e+00,8.869657641669983494e-01
1.936999999999950761e+00,8.869657641669983494e-01
1.937999999999950651e+00,8.869657641669983494e-01
1.938999999999950541e+00,8.869657641669983494e-01
1.939999999999950431e+00,8.869657641669983494e-01
1.940999999999950321e+00,8.869657641669983494e-01
1.941999999999950210e+00,8.869657641669983494e-01
1.942999999999950100e+00,8.869657641669983494e-01
1.943999999999949990e+00,8.869657641669983494e-01
1.944999999999949880e+00,8.869657641669983494e-01
1.945999999999949770e+00,8.869657641669983494e-01
1.946999999999949660e+00,8.869657641669983494e-01
1.947999999999949550e+00,8.869657641669983494e-01
1.948999999999949440e+00,8.869657641669983494e-01
1.949999999999949329e+00,8.869657641669983494e-01
1.950999999999949219e+00,8.869657641669983494e-01
1.951999999999949109e+00,8.869657641669983494e-01
1.952999999999948999e+00,8.869657641669983494e-01
1.953999999999948889e+00,8.869657641669983494e-01
1.954999999999948779e+00,8.869657641669983494e-01
1.955999999999948669e+00,8.869657641669983494e-01
1.956999999999948558e+00,8.869657641669983494e-01
1.957999999999948448e+00,8.869657641669983494e-01
1.958999999999948338e+00,8.869657641669983494e-01
1.959999999999948228e+00,8.869657641669983494e-01
1.960999999999948118e+00,8.869657641669983494e-01
1.961999999999948008e+00,8.869657641669983494e-01
1.962999999999947898e+00,8.869657641669983494e-01
1.963999999999947788e+00,8.869657641669983494e-01
1.964999999999947677e+00,8.869657641669983494e-01
1.965999999999947567e+00,8.869657641669983494e-01
1.966999999999947457e+00,8.869657641669983494e-01
1.967999999999947347e+00,8.869657641669983494e-01
1.968999999999947237e+00,8.869657641669983494e-01
1.969999999999947127e+00,8.869657641669983494e-01
1.970999999999947017e+00,8.869657641669983494e-01
1.971999999999946906e+00,8.869657641669983494e-01
1.972999999999946796e+00,8.869657641669983494e-01
1.973999999999946686e+00,8.869657641669983494e-01
1.974999999999946576e+00,8.869657641669983494e-01
1.975999999999946466e+00,8.869657641669983494e-01
1.976999999999946356e+00,8.869657641669983494e-01
1.977999999999946246e+00,8.869657641669983494e-01
1.978999999999946136e+00,8.869657641669983494e-01
1.979999999999946025e+00,8.869657641669983494e-01
1.980999999999945915e+00,8.869657641669983494e-01
1.981999999999945805e+00,8.869657641669983494e-01
1.982999999999945695e+00,8.869657641669983494e-01
1.983999999999945585e+00,8.869657641669983494e-01
1.984999999999945475e+00,8.869657641669983494e-01
1.985999999999945365e+00,8.869657641669983494e-01
1.986999999999945254e+00,8.869657641669983494e-01
1.987999999999945144e+00,8.869657641669983494e-01
1.988999999999945034e+00,8.869657641669983494e-01
1.989999999999944924e+00,8.869657641669983494e-01
1.990999999999944814e+00,8.869657641669983494e-01
1.991999999999944704e+00,8.869657641669983494e-01
1.992999999999944594e+00,8.869657641669983494e-01
1.993999999999944484e+00,8.869657641669983494e-01
1.994999999999944373e+00,8.869657641669983494e-01
1.995999999999944263e+00,8.869657641669983494e-01
1.996999999999944153e+00,8.869657641669983494e-01
1.997999999999944043e+00,8.869657641669983494e-01
1.998999999999943933e+00,8.869657641669983494e-01
1.999999999999943823e+00,8.869657641669983494e-01
2.000999999999943491e+00,8.869657641669983494e-01
2.001999999999943824e+00,8.869657641669983494e-01
2.002999999999943270e+00,8.869657641669983494e-01
2.003999999999943604e+00,8.869657641669983494e-01
2.004999999999943050e+00,8.869657641669983494e-01
2.005999999999943384e+00,8.869657641669983494e-01
2.006999999999942830e+00,8.869657641669983494e-01
2.007999999999943164e+00,8.869657641669983494e-01
2.008999999999942609e+00,8.869657641669983494e-01
2.009999999999942943e+00,8.869657641669983494e-01
2.010999999999942389e+00,8.869657641669983494e-01
2.011999999999942723e+00,8.869657641669983494e-01
2.012999999999942169e+00,8.869657641669983494e-01
2.013999999999942503e+00,8.869657641669983494e-01
2.014999999999941949e+00,8.869657641669983494e-01
2.015999999999942283e+00,8.869657641669983494e-01
2.016999999999941728e+00,8.869657641669983494e-01
2.017999999999942062e+00,8.869657641669983494e-01
2.018999999999941508e+00,8.869657641669983494e-01
2.019999999999941842e+00,8.869657641669983494e-01
2.020999999999941288e+00,8.869657641669983494e-01
2.021999999999941622e+00,8.869657641669983494e-01
2.022999999999941068e+00,8.869657641669983494e-01
2.023999999999941402e+00,8.869657641669983494e-01
2.024999999999940847e+00,8.869657641669983494e-01
2.025999999999941181e+00,8.869657641669983494e-01
2.026999999999940627e+00,8.869657641669983494e-01
2.027999999999940961e+00,8.869657641669983494e-01
2.028999999999940407e+00,8.869657641669983494e-01
2.029999999999940741e+00,8.869657641669983494e-01
2.030999999999940187e+00,8.869657641669983494e-01
2.031999999999940520e+00,8.869657641669983494e-01
2.032999999999939966e+00,8.869657641669983494e-01
2.033999999999940300e+00,8.869657641669983494e-01
2.034999999999939746e+00,8.869657641669983494e-01
2.035999999999940080e+00,8.869657641669983494e-01
2.036999999999939526e+00,8.869657641669983494e-01
2.037999999999939860e+00,8.869657641669983494e-01
2.038999999999939305e+00,8.869657641669983494e-01
2.039999999999939639e+00,8.869657641669983494e-01
2.040999999999939085e+00,8.869657641669983494e-01
2.041999999999939419e+00,8.869657641669983494e-01
2.042999999999938865e+00,8.869657641669983494e-01
2.043999999999939199e+00,8.869657641669983494e-01
2.044999999999938645e+00,8.869657641669983494e-01
2.045999999999938979e+00,8.869657641669983494e-01
2.046999999999938424e+00,8.869657641669983494e-01
2.047999999999938758e+00,8.869657641669983494e-01
2.048999999999938204e+00,8.869657641669983494e-01
2.049999999999938538e+00,8.869657641669983494e-01
2.050999999999937984e+00,8.869657641669983494e-01
2.051999999999938318e+00,8.869657641669983494e-01
2.052999999999937764e+00,8.869657641669983494e-01
2.053999999999938098e+00,8.869657641669983494e-01
2.054999999999937543e+00,8.869657641669983494e-01
2.055999999999937877e+00,8.869657641669983494e-01
2.056999999999937323e+00,8.869657641669983494e-01
2.057999999999937657e+00,8.869657641669983494e-01
2.058999999999937103e+00,8.869657641669983494e-01
2.059999999999937437e+00,8.869657641669983494e-01
2.060999999999936882e+00,8.869657641669983494e-01
2.061999999999937216e+00,8.869657641669983494e-01
2.062999999999936662e+00,8.869657641669983494e-01
2.063999999999936996e+00,8.869657641669983494e-01
2.064999999999936442e+00,8.869657641669983494e-01
2.065999999999936776e+00,8.869657641669983494e-01
2.066999999999936222e+00,8.869657641669983494e-01
2.067999999999936556e+00,8.869657641669983494e-01
2.068999999999936001e+00,8.869657641669983494e-01
2.069999999999936335e+00,8.869657641669983494e-01
2.070999999999935781e+00,8.869657641669983494e-01
2.071999999999936115e+00,8.869657641669983494e-01
2.072999999999935561e+00,8.869657641669983494e-01
2.073999999999935895e+00,8.869657641669983494e-01
2.074999999999935341e+00,8.869657641669983494e-01
2.075999999999935675e+00,8.869657641669983494e-01
2.076999999999935120e+00,8.869657641669983494e-01
2.077999999999935454e+00,8.869657641669983494e-01
2.078999999999934900e+00,8.869657641669983494e-01
2.079999999999935234e+00,8.869657641669983494e-01
2.080999999999934680e+00,8.869657641669983494e-01
2.081999999999935014e+00,8.869657641669983494e-01
2.082999999999934460e+00,8.869657641669983494e-01
2.083999999999934793e+00,8.869657641669983494e-01
2.084999999999934239e+00,8.869657641669983494e-01
2.085999999999934573e+00,8.869657641669983494e-01
2.086999999999934019e+00,8.869657641669983494e-01
2.087999999999934353e+00,8.869657641669983494e-01
2.088999999999933799e+00,8.869657641669983494e-01
2.089999999999934133e+00,8.869657641669983494e-01
2.090999999999933578e+00,8.869657641669983494e-01
2.091999999999933912e+00,8.869657641669983494e-01
2.092999999999933358e+00,8.869657641669983494e-01
2.093999999999933692e+00,8.869657641669983494e-01
2.094999999999933138e+00,8.869657641669983494e-01
2.095999999999933472e+00,8.869657641669983494e-01
2.096999999999932918e+00,8.869657641669983494e-01
2.097999999999933252e+00,8.869657641669983494e-01
2.098999999999932697e+00,8.869657641669983494e-01
2.099999999999933031e+00,8.869657641669983494e-01
2.100999999999932477e+00,8.869657641669983494e-01
2.101999999999932811e+00,8.869657641669983494e-01
2.102999999999932257e+00,8.869657641669983494e-01
2.103999999999932591e+00,8.869657641669983494e-01
2.104999999999932037e+00,8.869657641669983494e-01
2.105999999999932371e+00,8.869657641669983494e-01
2.106999999999931816e+00,8.869657641669983494e-01
2.107999999999932150e+00,8.869657641669983494e-01
2.108999999999931596e+00,8.869657641669983494e-01
2.109999999999931930e+00,8.869657641669983494e-01
2.110999999999931376e+00,8.869657641669983494e-01
2.111999999999931710e+00,8.869657641669983494e-01
2.112999999999931156e+00,8.869657641669983494e-01
2.113999999999931489e+00,8.869657641669983494e-01
2.114999999999930935e+00,8.869657641669983494e-01
2.115999999999931269e+00,8.869657641669983494e-01
2.116999999999930715e+00,8.869657641669983494e-01
2.117999999999931049e+00,8.869657641669983494e-01
2.118999999999930495e+00,8.869657641669983494e-01
2.119999999999930829e+00,8.869657641669983494e-01
2.120999999999930274e+00,8.869657641669983494e-01
2.121999999999930608e+00,8.869657641669983494e-01
2.122999999999930054e+00,8.869657641669983494e-01
2.123999999999930388e+00,8.869657641669983494e-01
2.124999999999929834e+00,8.869657641669983494e-01
2.125999999999930168e+00,8.869657641669983494e-01
2.126999999999929614e+00,8.869657641669983494e-01
2.127999999999929948e+00,8.869657641669983494e-01
2.128999999999929393e+00,8.869657641669983494e-01
2.129999999999929727e+00,8.869657641669983494e-01
2.130999999999929173e+00,8.869657641669983494e-01
2.131999999999929507e+00,8.869657641669983494e-01
2.132999999999928953e+00,8.869657641669983494e-01
2.133999999999929287e+00,8.869657641669983494e-01
2.134999999999928733e+00,8.869657641669983494e-01
2.135999999999929067e+00,8.869657641669983494e-01
2.136999999999928512e+00,8.869657641669983494e-01
2.137999999999928846e+00,8.869657641669983494e-01
2.138999999999928292e+00,8.869657641669983494e-01
2.139999999999928626e+00,8.869657641669983494e-01
2.140999999999928072e+00,8.869657641669983494e-01
2.141999999999928406e+00,8.869657641669983494e-01
2.142999999999927851e+00,8.869657641669983494e-01
2.143999999999928185e+00,8.869657641669983494e-01
2.144999999999927631e+00,8.869657641669983494e-01
2.145999999999927965e+00,8.869657641669983494e-01
2.146999999999927411e+00,8.869657641669983494e-01
2.147999999999927745e+00,8.869657641669983494e-01
2.148999999999927191e+00,8.869657641669983494e-01
2.149999999999927525e+00,8.869657641669983494e-01
2.150999999999926970e+00,8.869657641669983494e-01
2.151999999999927304e+00,8.869657641669983494e-01
2.152999999999926750e+00,8.869657641669983494e-01
2.153999999999927084e+00,8.869657641669983494e-01
2.154999999999926530e+00,8.869657641669983494e-01
2.155999999999926864e+00,8.869657641669983494e-01
2.156999999999926310e+00,8.869657641669983494e-01
2.157999999999926644e+00,8.869657641669983494e-01
2.158999999999926089e+00,8.869657641669983494e-01
2.159999999999926423e+00,8.869657641669983494e-01
2.160999999999925869e+00,8.869657641669983494e-01
2.161999999999926203e+00,8.869657641669983494e-01
2.162999999999925649e+00,8.869657641669983494e-01
2.163999999999925983e+00,8.869657641669983494e-01
2.164999999999925429e+00,8.869657641669983494e-01
2.165999999999925762e+00,8.869657641669983494e-01
2.166999999999925208e+00,8.869657641669983494e-01
2.167999999999925542e+00,8.869657641669983494e-01
2.168999999999924988e+00,8.869657641669983494e-01
2.169999999999925322e+00,8.869657641669983494e-01
2.170999999999924768e+00,8.869657641669983494e-01
2.171999999999925102e+00,8.869657641669983494e-01
2.172999999999924547e+00,8.869657641669983494e-01
2.173999999999924881e+00,8.869657641669983494e-01
2.174999999999924327e+00,8.869657641669983494e-01
2.175999999999924661e+00,8.869657641669983494e-01
2.176999999999924107e+00,8.869657641669983494e-01
2.177999999999924441e+00,8.869657641669983494e-01
2.178999999999923887e+00,8.869657641669983494e-01
2.179999999999924221e+00,8.869657641669983494e-01
2.180999999999923666e+00,8.869657641669983494e-01
2.181999999999924000e+00,8.869657641669983494e-01
2.182999999999923446e+00,8.869657641669983494e-01
2.183999999999923780e+00,8.869657641669983494e-01
2.184999999999923226e+00,8.869657641669983494e-01
2.185999999999923560e+00,8.869657641669983494e-01
2.186999999999923006e+00,8.869657641669983494e-01
2.187999999999923340e+00,8.869657641669983494e-01
2.188999999999922785e+00,8.869657641669983494e-01
2.189999999999923119e+00,8.869657641669983494e-01
2.190999999999922565e+00,8.869657641669983494e-01
2.191999999999922899e+00,8.869657641669983494e-01
2.192999999999922345e+00,8.869657641669983494e-01
2.193999999999922679e+00,8.869657641669983494e-01
2.194999999999922125e+00,8.869657641669983494e-01
2.195999999999922458e+00,8.869657641669983494e-01
2.196999999999921904e+00,8.869657641669983494e-01
2.197999999999922238e+00,8.869657641669983494e-01
2.198999999999921684e+00,8.869657641669983494e-01
2.199999999999922018e+00,8.869657641669983494e-01
2.200999999999921464e+00,8.869657641669983494e-01
2.201999999999921798e+00,8.869657641669983494e-01
2.202999999999921243e+00,8.869657641669983494e-01
2.203999999999921577e+00,8.869657641669983494e-01
2.204999999999921023e+00,8.869657641669983494e-01
2.205999999999921357e+00,8.869657641669983494e-01
2.206999999999920803e+00,8.869657641669983494e-01
2.207999999999921137e+00,8.869657641669983494e-01
2.208999999999920583e+00,8.869657641669983494e-01
2.209999999999920917e+00,8.869657641669983494e-01
2.210999999999920362e+00,8.869657641669983494e-01
2.211999999999920696e+00,8.869657641669983494e-01
2.212999999999920142e+00,8.869657641669983494e-01
2.213999999999920476e+00,8.869657641669983494e-01
2.214999999999919922e+00,8.869657641669983494e-01
2.215999999999920256e+00,8.869657641669983494e-01
2.216999999999919702e+00,8.869657641669983494e-01
2.217999999999920036e+00,8.869657641669983494e-01
2.218999999999919481e+00,8.869657641669983494e-01
2.219999999999919815e+00,8.869657641669983494e-01
2.220999999999919261e+00,8.869657641669983494e-01
2.221999999999919595e+00,8.869657641669983494e-01
2.222999999999919041e+00,8.869657641669983494e-01
2.223999999999919375e+00,8.869657641669983494e-01
2.224999999999918820e+00,8.869657641669983494e-01
2.225999999999919154e+00,8.869657641669983494e-01
2.226999999999918600e+00,8.869657641669983494e-01
2.227999999999918934e+00,8.869657641669983494e-01
2.228999999999918380e+00,8.869657641669983494e-01
2.229999999999918714e+00,8.869657641669983494e-01
2.230999999999918160e+00,8.869657641669983494e-01
2.231999999999918494e+00,8.869657641669983494e-01
2.232999999999917939e+00,8.869657641669983494e-01
2.233999999999918273e+00,8.869657641669983494e-01
2.234999999999917719e+00,8.869657641669983494e-01
2.235999999999918053e+00,8.869657641669983494e-01
2.236999999999917499e+00,8.869657641669983494e-01
2.237999999999917833e+00,8.869657641669983494e-01
2.238999999999917279e+00,8.869657641669983494e-01
2.239999999999917613e+00,8.869657641669983494e-01
2.240999999999917058e+00,8.869657641669983494e-01
2.241999999999917392e+00,8.869657641669983494e-01
2.242999999999916838e+00,8.869657641669983494e-01
2.243999999999917172e+00,8.869657641669983494e-01
2.244999999999916618e+00,8.869657641669983494e-01
2.245999999999916952e+00,8.869657641669983494e-01
2.246999999999916398e+00,8.869657641669983494e-01
2.247999999999916731e+00,8.869657641669983494e-01
2.248999999999916177e+00,8.869657641669983494e-01
2.249999999999916511e+00,8.869657641669983494e-01
2.250999999999915957e+00,8.869657641669983494e-01
2.251999999999916291e+00,8.869657641669983494e-01
2.252999999999915737e+00,8.869657641669983494e-01
2.253999999999916071e+00,8.869657641669983494e-01
2.254999999999915516e+00,8.869657641669983494e-01
2.255999999999915850e+00,8.869657641669983494e-01
2.256999999999915296e+00,8.869657641669983494e-01
2.257999999999915630e+00,8.869657641669983494e-01
2.258999999999915076e+00,8.869657641669983494e-01
2.259999999999915410e+00,8.869657641669983494e-01
2.260999999999914856e+00,8.869657641669983494e-01
2.261999999999915190e+00,8.869657641669983494e-01
2.262999999999914635e+00,8.869657641669983494e-01
2.263999999999914969e+00,8.869657641669983494e-01
2.264999999999914415e+00,8.869657641669983494e-01
2.265999999999914749e+00,8.869657641669983494e-01
2.266999999999914195e+00,8.869657641669983494e-01
2.267999999999914529e+00,8.869657641669983494e-01
2.268999999999913975e+00,8.869657641669983494e-01
2.269999999999914309e+00,8.869657641669983494e-01
2.270999999999913754e+00,8.869657641669983494e-01
2.271999999999914088e+00,8.869657641669983494e-01
2.272999999999913534e+00,8.869657641669983494e-01
2.273999999999913868e+00,8.869657641669983494e-01
2.274999999999913314e+00,8.869657641669983494e-01
2.275999999999913648e+00,8.869657641669983494e-01
2.276999999999913094e+00,8.869657641669983494e-01
2.277999999999913427e+00,8.869657641669983494e-01
2.278999999999912873e+00,8.869657641669983494e-01
2.279999999999913207e+00,8.869657641669983494e-01
2.280999999999912653e+00,8.869657641669983494e-01
2.281999999999912987e+00,8.869657641669983494e-01
2.282999999999912433e+00,8.869657641669983494e-01
2.283999999999912767e+00,8.869657641669983494e-01
2.284999999999912212e+00,8.869657641669983494e-01
2.285999999999912546e+00,8.869657641669983494e-01
2.286999999999911992e+00,8.869657641669983494e-01
2.287999999999912326e+00,8.869657641669983494e-01
2.288999999999911772e+00,8.869657641669983494e-01
2.289999999999912106e+00,8.869657641669983494e-01
2.290999999999911552e+00,8.869657641669983494e-01
2.291999999999911886e+00,8.869657641669983494e-01
2.292999999999911331e+00,8.869657641669983494e-01
2.293999999999911665e+00,8.869657641669983494e-01
2.294999999999911111e+00,8.869657641669983494e-01
2.295999999999911445e+00,8.869657641669983494e-01
2.296999999999910891e+00,8.869657641669983494e-01
2.297999999999911225e+00,8.869657641669983494e-01
2.298999999999910671e+00,8.869657641669983494e-01
2.299999999999911005e+00,8.869657641669983494e-01
2.300999999999910450e+00,8.869657641669983494e-01
2.301999999999910784e+00,8.869657641669983494e-01
2.302999999999910230e+00,8.869657641669983494e-01
2.303999999999910564e+00,8.869657641669983494e-01
2.304999999999910010e+00,8.869657641669983494e-01
2.305999999999910344e+00,8.869657641669983494e-01
2.306999999999909789e+00,8.869657641669983494e-01
2.307999999999910123e+00,8.869657641669983494e-01
2.308999999999909569e+00,8.869657641669983494e-01
2.309999999999909903e+00,8.869657641669983494e-01
2.310999999999909349e+00,8.869657641669983494e-01
2.311999999999909683e+00,8.869657641669983494e-01
2.312999999999909129e+00,8.869657641669983494e-01
2.313999999999909463e+00,8.869657641669983494e-01
2.314999999999908908e+00,8.869657641669983494e-01
2.315999999999909242e+00,8.869657641669983494e-01
2.316999999999908688e+00,8.869657641669983494e-01
2.317999999999909022e+00,8.869657641669983494e-01
2.318999999999908468e+00,8.869657641669983494e-01
2.319999999999908802e+00,8.869657641669983494e-01
2.320999999999908248e+00,8.869657641669983494e-01
2.321999999999908582e+00,8.869657641669983494e-01
2.322999999999908027e+00,8.869657641669983494e-01
2.323999999999908361e+00,8.869657641669983494e-01
2.324999999999907807e+00,8.869657641669983494e-01
2.325999999999908141e+00,8.869657641669983494e-01
2.326999999999907587e+00,8.869657641669983494e-01
2.327999999999907921e+00,8.869657641669983494e-01
2.328999999999907367e+00,8.869657641669983494e-01
2.329999999999907700e+00,8.869657641669983494e-01
2.330999999999907146e+00,8.869657641669983494e-01
2.331999999999907480e+00,8.869657641669983494e-01
2.332999999999906926e+00,8.869657641669983494e-01
2.333999999999907260e+00,8.869657641669983494e-01
2.334999999999906706e+00,8.869657641669983494e-01
2.335999999999907040e+00,8.869657641669983494e-01
2.336999999999906485e+00,8.869657641669983494e-01
2.337999999999906819e+00,8.869657641669983494e-01
2.338999999999906265e+00,8.869657641669983494e-01
2.339999999999906599e+00,8.869657641669983494e-01
2.340999999999906045e+00,8.869657641669983494e-01
2.341999999999906379e+00,8.869657641669983494e-01
2.342999999999905825e+00,8.869657641669983494e-01
2.343999999999906159e+00,8.869657641669983494e-01
2.344999999999905604e+00,8.869657641669983494e-01
2.345999999999905938e+00,8.869657641669983494e-01
2.346999999999905384e+00,8.869657641669983494e-01
2.347999999999905718e+00,8.869657641669983494e-01
2.348999999999905164e+00,8.869657641669983494e-01
2.349999999999905498e+00,8.869657641669983494e-01
2.350999999999904944e+00,8.869657641669983494e-01
2.351999999999905278e+00,8.869657641669983494e-01
2.352999999999904723e+00,8.869657641669983494e-01
2.353999999999905057e+00,8.869657641669983494e-01
2.354999999999904503e+00,8.869657641669983494e-01
2.355999999999904837e+00,8.869657641669983494e-01
2.356999999999904283e+00,8.869657641669983494e-01
2.357999999999904617e+00,8.869657641669983494e-01
2.358999999999904063e+00,8.869657641669983494e-01
2.359999999999904396e+00,8.869657641669983494e-01
2.360999999999903842e+00,8.869657641669983494e-01
2.361999999999904176e+00,8.869657641669983494e-01
2.362999999999903622e+00,8.869657641669983494e-01
2.363999999999903956e+00,8.869657641669983494e-01
2.364999999999903402e+00,8.869657641669983494e-01
2.365999999999903736e+00,8.869657641669983494e-01
2.366999999999903181e+00,8.869657641669983494e-01
2.367999999999903515e+00,8.869657641669983494e-01
2.368999999999902961e+00,8.869657641669983494e-01
2.369999999999903295e+00,8.869657641669983494e-01
2.370999999999902741e+00,8.869657641669983494e-01
2.371999999999903075e+00,8.869657641669983494e-01
2.372999999999902521e+00,8.869657641669983494e-01
2.373999999999902855e+00,8.869657641669983494e-01
2.374999999999902300e+00,8.869657641669983494e-01
2.375999999999902634e+00,8.869657641669983494e-01
2.376999999999902080e+00,8.869657641669983494e-01
2.377999999999902414e+00,8.869657641669983494e-01
2.378999999999901860e+00,8.869657641669983494e-01
2.379999999999902194e+00,8.869657641669983494e-01
2.380999999999901640e+00,8.869657641669983494e-01
2.381999999999901974e+00,8.869657641669983494e-01
2.382999999999901419e+00,8.869657641669983494e-01
2.383999999999901753e+00,8.869657641669983494e-01
2.384999999999901199e+00,8.869657641669983494e-01
2.385999999999901533e+00,8.869657641669983494e-01
2.386999999999900979e+00,8.869657641669983494e-01
2.387999999999901313e+00,8.869657641669983494e-01
2.388999999999900758e+00,8.869657641669983494e-01
2.389999999999901092e+00,8.869657641669983494e-01
2.390999999999900538e+00,8.869657641669983494e-01
2.391999999999900872e+00,8.869657641669983494e-01
2.392999999999900318e+00,8.869657641669983494e-01
2.393999999999900652e+00,8.869657641669983494e-01
2.394999999999900098e+00,8.869657641669983494e-01
2.395999999999900432e+00,8.869657641669983494e-01
2.396999999999899877e+00,8.869657641669983494e-01
2.397999999999900211e+00,8.869657641669983494e-01
2.398999999999899657e+00,8.869657641669983494e-01
2.399999999999899991e+00,8.869657641669983494e-01
2.400999999999899437e+00,8.869657641669983494e-01
2.401999999999899771e+00,8.869657641669983494e-01
2.402999999999899217e+00,8.869657641669983494e-01
2.403999999999899551e+00,8.869657641669983494e-01
2.404999999999898996e+00,8.869657641669983494e-01
2.405999999999899330e+00,8.869657641669983494e-01
2.406999999999898776e+00,8.869657641669983494e-01
2.407999999999899110e+00,8.869657641669983494e-01
2.408999999999898556e+00,8.869657641669983494e-01
2.409999999999898890e+00,8.869657641669983494e-01
2.410999999999898336e+00,8.869657641669983494e-01
2.411999999999898670e+00,8.869657641669983494e-01
2.412999999999898115e+00,8.869657641669983494e-01
2.413999999999898449e+00,8.869657641669983494e-01
2.414999999999897895e+00,8.869657641669983494e-01
2.415999999999898229e+00,8.869657641669983494e-01
2.416999999999897675e+00,8.869657641669983494e-01
2.417999999999898009e+00,8.869657641669983494e-01
2.418999999999897454e+00,8.869657641669983494e-01
2.419999999999897788e+00,8.869657641669983494e-01
2.420999999999897234e+00,8.869657641669983494e-01
2.421999999999897568e+00,8.869657641669983494e-01
2.422999999999897014e+00,8.869657641669983494e-01
2.423999999999897348e+00,8.869657641669983494e-01
2.424999999999896794e+00,8.869657641669983494e-01
2.425999999999897128e+00,8.869657641669983494e-01
2.426999999999896573e+00,8.869657641669983494e-01
2.427999999999896907e+00,8.869657641669983494e-01
2.428999999999896353e+00,8.869657641669983494e-01
2.429999999999896687e+00,8.869657641669983494e-01
2.430999999999896133e+00,8.869657641669983494e-01
2.431999999999896467e+00,8.869657641669983494e-01
2.432999999999895913e+00,8.869657641669983494e-01
2.433999999999896247e+00,8.869657641669983494e-01
2.434999999999895692e+00,8.869657641669983494e-01
2.435999999999896026e+00,8.869657641669983494e-01
2.436999999999895472e+00,8.869657641669983494e-01
2.437999999999895806e+00,8.869657641669983494e-01
2.438999999999895252e+00,8.869657641669983494e-01
2.439999999999895586e+00,8.869657641669983494e-01
2.440999999999895032e+00,8.869657641669983494e-01
2.441999999999895365e+00,8.869657641669983494e-01
2.442999999999894811e+00,8.869657641669983494e-01
2.443999999999895145e+00,8.869657641669983494e-01
2.444999999999894591e+00,8.869657641669983494e-01
2.445999999999894925e+00,8.869657641669983494e-01
2.446999999999894371e+00,8.869657641669983494e-01
2.447999999999894705e+00,8.869657641669983494e-01
2.448999999999894150e+00,8.869657641669983494e-01
2.449999999999894484e+00,8.869657641669983494e-01
2.450999999999893930e+00,8.869657641669983494e-01
2.451999999999894264e+00,8.869657641669983494e-01
2.452999999999893710e+00,8.869657641669983494e-01
2.453999999999894044e+00,8.869657641669983494e-01
2.454999999999893490e+00,8.869657641669983494e-01
2.455999999999893824e+00,8.869657641669983494e-01
2.456999999999893269e+00,8.869657641669983494e-01
2.457999999999893603e+00,8.869657641669983494e-01
2.458999999999893049e+00,8.869657641669983494e-01
2.459999999999893383e+00,8.869657641669983494e-01
2.460999999999892829e+00,8.869657641669983494e-01
2.461999999999893163e+00,8.869657641669983494e-01
2.462999999999892609e+00,8.869657641669983494e-01
2.463999999999892943e+00,8.869657641669983494e-01
2.464999999999892388e+00,8.869657641669983494e-01
2.465999999999892722e+00,8.869657641669983494e-01
2.466999999999892168e+00,8.869657641669983494e-01
2.467999999999892502e+00,8.869657641669983494e-01
2.468999999999891948e+00,8.869657641669983494e-01
2.469999999999892282e+00,8.869657641669983494e-01
2.470999999999891727e+00,8.869657641669983494e-01
2.471999999999892061e+00,8.869657641669983494e-01
2.472999999999891507e+00,8.869657641669983494e-01
2.473999999999891841e+00,8.869657641669983494e-01
2.474999999999891287e+00,8.869657641669983494e-01
2.475999999999891621e+00,8.869657641669983494e-01
2.476999999999891067e+00,8.869657641669983494e-01
2.477999999999891401e+00,8.869657641669983494e-01
2.478999999999890846e+00,8.869657641669983494e-01
2.479999999999891180e+00,8.869657641669983494e-01
2.480999999999890626e+00,8.869657641669983494e-01
2.481999999999890960e+00,8.869657641669983494e-01
2.482999999999890406e+00,8.869657641669983494e-01
2.483999999999890740e+00,8.869657641669983494e-01
2.484999999999890186e+00,8.869657641669983494e-01
2.485999999999890520e+00,8.869657641669983494e-01
2.486999999999889965e+00,8.869657641669983494e-01
2.487999999999890299e+00,8.869657641669983494e-01
2.488999999999889745e+00,8.869657641669983494e-01
2.489999999999890079e+00,8.869657641669983494e-01
2.490999999999889525e+00,8.869657641669983494e-01
2.491999999999889859e+00,8.869657641669983494e-01
2.492999999999889305e+00,8.869657641669983494e-01
2.493999999999889639e+00,8.869657641669983494e-01
2.494999999999889084e+00,8.869657641669983494e-01
2.495999999999889418e+00,8.869657641669983494e-01
2.496999999999888864e+00,8.869657641669983494e-01
2.497999999999889198e+00,8.869657641669983494e-01
2.498999999999888644e+00,8.869657641669983494e-01
