Wavelength[nm],T,,,R% at AOI 45 deg
2600,97.61038,,,2.38962
2599,97.62961,,,2.37039
2598,97.64888,,,2.35112
2597,97.66818,,,2.33182
2596,97.68753,,,2.31247
2595,97.70693,,,2.29307
2594,97.72638,,,2.27362
2593,97.7459,,,2.2541
2592,97.76547,,,2.23453
2591,97.78511,,,2.21489
2590,97.8048,,,2.1952
2589,97.82459,,,2.17541
2588,97.84444,,,2.15556
2587,97.86434,,,2.13566
2586,97.88429,,,2.11571
2585,97.90427,,,2.09573
2584,97.92428,,,2.07572
2583,97.94431,,,2.05569
2582,97.96435,,,2.03565
2581,97.98439,,,2.01561
2580,98.00442,,,1.99558
2579,98.02443,,,1.97557
2578,98.0444,,,1.9556
2577,98.06432,,,1.93568
2576,98.08416,,,1.91584
2575,98.10392,,,1.89608
2574,98.12358,,,1.87642
2573,98.14312,,,1.85688
2572,98.16252,,,1.83748
2571,98.18177,,,1.81823
2570,98.20085,,,1.79915
2569,98.21978,,,1.78022
2568,98.23851,,,1.76149
2567,98.257,,,1.743
2566,98.27526,,,1.72474
2565,98.29325,,,1.70675
2564,98.31096,,,1.68904
2563,98.32838,,,1.67162
2562,98.34548,,,1.65452
2561,98.36225,,,1.63775
2560,98.37868,,,1.62132
2559,98.39471,,,1.60529
2558,98.41036,,,1.58964
2557,98.42563,,,1.57437
2556,98.44049,,,1.55951
2555,98.45494,,,1.54506
2554,98.46897,,,1.53103
2553,98.48256,,,1.51744
2552,98.49571,,,1.50429
2551,98.50841,,,1.49159
2550,98.52064,,,1.47936
2549,98.53241,,,1.46759
2548,98.54371,,,1.45629
2547,98.55454,,,1.44546
2546,98.56489,,,1.43511
2545,98.57476,,,1.42524
2544,98.58416,,,1.41584
2543,98.59308,,,1.40692
2542,98.60152,,,1.39848
2541,98.60949,,,1.39051
2540,98.617,,,1.383
2539,98.62407,,,1.37593
2538,98.63068,,,1.36932
2537,98.63684,,,1.36316
2536,98.64257,,,1.35743
2535,98.64787,,,1.35213
2534,98.65276,,,1.34724
2533,98.65725,,,1.34275
2532,98.66135,,,1.33865
2531,98.66508,,,1.33492
2530,98.66845,,,1.33155
2529,98.67148,,,1.32852
2528,98.67418,,,1.32582
2527,98.67658,,,1.32342
2526,98.67868,,,1.32132
2525,98.68052,,,1.31948
2524,98.68211,,,1.31789
2523,98.68347,,,1.31653
2522,98.68462,,,1.31538
2521,98.68558,,,1.31442
2520,98.68637,,,1.31363
2519,98.69,,,1.31E+00
2518,98.68752,,,1.31248
2517,98.68792,,,1.31208
2516,98.68822,,,1.31178
2515,98.68846,,,1.31154
2514,98.69,,,1.31E+00
2513,98.68879,,,1.31121
2512,98.68893,,,1.31107
2511,98.68907,,,1.31093
2510,98.68923,,,1.31077
2509,98.68943,,,1.31057
2508,98.68969,,,1.31031
2507,98.69,,,1.31E+00
2506,98.69,,,1.31E+00
2505,98.69093,,,1.30907
2504,98.69154,,,1.30846
2503,98.69227,,,1.30773
2502,98.69314,,,1.30686
2501,98.69414,,,1.30586
2500,98.69529,,,1.30471
2499,98.69659,,,1.30341
2498,98.69804,,,1.30196
2497,98.69966,,,1.30034
2496,98.70145,,,1.29855
2495,98.70341,,,1.29659
2494,98.70554,,,1.29446
2493,98.70784,,,1.29216
2492,98.7103,,,1.2897
2491,98.71294,,,1.28706
2490,98.71573,,,1.28427
2489,98.71869,,,1.28131
2488,98.72181,,,1.27819
2487,98.72506,,,1.27494
2486,98.72845,,,1.27155
2485,98.73197,,,1.26803
2484,98.73561,,,1.26439
2483,98.73935,,,1.26065
2482,98.74319,,,1.25681
2481,98.74711,,,1.25289
2480,98.75109,,,1.24891
2479,98.75513,,,1.24487
2478,98.75921,,,1.24079
2477,98.76331,,,1.23669
2476,98.76743,,,1.23257
2475,98.77153,,,1.22847
2474,98.77562,,,1.22438
2473,98.77967,,,1.22033
2472,98.78367,,,1.21633
2471,98.7876,,,1.2124
2470,98.79144,,,1.20856
2469,98.79518,,,1.20482
2468,98.7988,,,1.2012
2467,98.80229,,,1.19771
2466,98.80562,,,1.19438
2465,98.80879,,,1.19121
2464,98.81178,,,1.18822
2463,98.81457,,,1.18543
2462,98.81716,,,1.18284
2461,98.81953,,,1.18047
2460,98.82166,,,1.17834
2459,98.82356,,,1.17644
2458,98.82521,,,1.17479
2457,98.8266,,,1.1734
2456,98.82772,,,1.17228
2455,98.82857,,,1.17143
2454,98.82914,,,1.17086
2453,98.82942,,,1.17058
2452,98.82942,,,1.17058
2451,98.82913,,,1.17087
2450,98.82856,,,1.17144
2449,98.82769,,,1.17231
2448,98.82654,,,1.17346
2447,98.8251,,,1.1749
2446,98.82339,,,1.17661
2445,98.8214,,,1.1786
2444,98.81915,,,1.18085
2443,98.81663,,,1.18337
2442,98.81387,,,1.18613
2441,98.81086,,,1.18914
2440,98.80763,,,1.19237
2439,98.80415,,,1.19585
2438,98.80047,,,1.19953
2437,98.79659,,,1.20341
2436,98.79254,,,1.20746
2435,98.78832,,,1.21168
2434,98.78396,,,1.21604
2433,98.77946,,,1.22054
2432,98.77485,,,1.22515
2431,98.77015,,,1.22985
2430,98.76537,,,1.23463
2429,98.76054,,,1.23946
2428,98.75567,,,1.24433
2427,98.75078,,,1.24922
2426,98.74589,,,1.25411
2425,98.74101,,,1.25899
2424,98.73617,,,1.26383
2423,98.73138,,,1.26862
2422,98.72666,,,1.27334
2421,98.72202,,,1.27798
2420,98.7175,,,1.2825
2419,98.71309,,,1.28691
2418,98.70882,,,1.29118
2417,98.7047,,,1.2953
2416,98.70075,,,1.29925
2415,98.69699,,,1.30301
2414,98.69341,,,1.30659
2413,98.69004,,,1.30996
2412,98.68688,,,1.31312
2411,98.68395,,,1.31605
2410,98.68125,,,1.31875
2409,98.67879,,,1.32121
2408,98.67657,,,1.32343
2407,98.6746,,,1.3254
2406,98.67288,,,1.32712
2405,98.67142,,,1.32858
2404,98.67023,,,1.32977
2403,98.66928,,,1.33072
2402,98.6686,,,1.3314
2401,98.66817,,,1.33183
2400,98.66799,,,1.33201
2399,98.66806,,,1.33194
2398,98.66837,,,1.33163
2397,98.66891,,,1.33109
2396,98.66967,,,1.33033
2395,98.67064,,,1.32936
2394,98.67181,,,1.32819
2393,98.67317,,,1.32683
2392,98.67471,,,1.32529
2391,98.6764,,,1.3236
2390,98.67823,,,1.32177
2389,98.6802,,,1.3198
2388,98.68227,,,1.31773
2387,98.68445,,,1.31555
2386,98.6867,,,1.3133
2385,98.68902,,,1.31098
2384,98.69138,,,1.30862
2383,98.69376,,,1.30624
2382,98.69616,,,1.30384
2381,98.69854,,,1.30146
2380,98.70089,,,1.29911
2379,98.7032,,,1.2968
2378,98.70544,,,1.29456
2377,98.70759,,,1.29241
2376,98.70965,,,1.29035
2375,98.71158,,,1.28842
2374,98.71339,,,1.28661
2373,98.71505,,,1.28495
2372,98.71655,,,1.28345
2371,98.71787,,,1.28213
2370,98.71901,,,1.28099
2369,98.71996,,,1.28004
2368,98.72069,,,1.27931
2367,98.72122,,,1.27878
2366,98.72151,,,1.27849
2365,98.72158,,,1.27842
2364,98.72141,,,1.27859
2363,98.72099,,,1.27901
2362,98.72034,,,1.27966
2361,98.71944,,,1.28056
2360,98.71829,,,1.28171
2359,98.7169,,,1.2831
2358,98.71526,,,1.28474
2357,98.71339,,,1.28661
2356,98.71129,,,1.28871
2355,98.70897,,,1.29103
2354,98.70643,,,1.29357
2353,98.70369,,,1.29631
2352,98.70075,,,1.29925
2351,98.69762,,,1.30238
2350,98.69433,,,1.30567
2349,98.69086,,,1.30914
2348,98.68726,,,1.31274
2347,98.68352,,,1.31648
2346,98.67968,,,1.32032
2345,98.67574,,,1.32426
2344,98.67173,,,1.32827
2343,98.66766,,,1.33234
2342,98.66355,,,1.33645
2341,98.65942,,,1.34058
2340,98.65528,,,1.34472
2339,98.65117,,,1.34883
2338,98.64709,,,1.35291
2337,98.64308,,,1.35692
2336,98.63913,,,1.36087
2335,98.63528,,,1.36472
2334,98.63155,,,1.36845
2333,98.62794,,,1.37206
2332,98.62448,,,1.37552
2331,98.62118,,,1.37882
2330,98.61806,,,1.38194
2329,98.61513,,,1.38487
2328,98.6124,,,1.3876
2327,98.60989,,,1.39011
2326,98.60761,,,1.39239
2325,98.60556,,,1.39444
2324,98.60376,,,1.39624
2323,98.60222,,,1.39778
2322,98.60093,,,1.39907
2321,98.59991,,,1.40009
2320,98.59916,,,1.40084
2319,98.59868,,,1.40132
2318,98.59847,,,1.40153
2317,98.59853,,,1.40147
2316,98.59886,,,1.40114
2315,98.59945,,,1.40055
2314,98.6003,,,1.3997
2313,98.6014,,,1.3986
2312,98.60274,,,1.39726
2311,98.60432,,,1.39568
2310,98.60611,,,1.39389
2309,98.60813,,,1.39187
2308,98.61034,,,1.38966
2307,98.61273,,,1.38727
2306,98.61529,,,1.38471
2305,98.618,,,1.382
2304,98.62085,,,1.37915
2303,98.62381,,,1.37619
2302,98.62687,,,1.37313
2301,98.63001,,,1.36999
2300,98.63321,,,1.36679
2299,98.63645,,,1.36355
2298,98.63971,,,1.36029
2297,98.64298,,,1.35702
2296,98.64622,,,1.35378
2295,98.64943,,,1.35057
2294,98.65258,,,1.34742
2293,98.65566,,,1.34434
2292,98.65864,,,1.34136
2291,98.66151,,,1.33849
2290,98.66425,,,1.33575
2289,98.66684,,,1.33316
2288,98.66927,,,1.33073
2287,98.67152,,,1.32848
2286,98.67357,,,1.32643
2285,98.67543,,,1.32457
2284,98.67707,,,1.32293
2283,98.67849,,,1.32151
2282,98.67968,,,1.32032
2281,98.68063,,,1.31937
2280,98.68134,,,1.31866
2279,98.68182,,,1.31818
2278,98.68204,,,1.31796
2277,98.68202,,,1.31798
2276,98.68175,,,1.31825
2275,98.68123,,,1.31877
2274,98.68048,,,1.31952
2273,98.67949,,,1.32051
2272,98.67827,,,1.32173
2271,98.67683,,,1.32317
2270,98.67519,,,1.32481
2269,98.67334,,,1.32666
2268,98.6713,,,1.3287
2267,98.66909,,,1.33091
2266,98.66673,,,1.33327
2265,98.66422,,,1.33578
2264,98.6616,,,1.3384
2263,98.65886,,,1.34114
2262,98.65604,,,1.34396
2261,98.65315,,,1.34685
2260,98.6502,,,1.3498
2259,98.64723,,,1.35277
2258,98.64425,,,1.35575
2257,98.64127,,,1.35873
2256,98.63832,,,1.36168
2255,98.63542,,,1.36458
2254,98.63258,,,1.36742
2253,98.62983,,,1.37017
2252,98.62718,,,1.37282
2251,98.62465,,,1.37535
2250,98.62226,,,1.37774
2249,98.62002,,,1.37998
2248,98.61795,,,1.38205
2247,98.61607,,,1.38393
2246,98.61438,,,1.38562
2245,98.6129,,,1.3871
2244,98.61164,,,1.38836
2243,98.61061,,,1.38939
2242,98.60981,,,1.39019
2241,98.60925,,,1.39075
2240,98.60893,,,1.39107
2239,98.60886,,,1.39114
2238,98.60903,,,1.39097
2237,98.60945,,,1.39055
2236,98.61012,,,1.38988
2235,98.61103,,,1.38897
2234,98.61217,,,1.38783
2233,98.61354,,,1.38646
2232,98.61514,,,1.38486
2231,98.61694,,,1.38306
2230,98.61895,,,1.38105
2229,98.62114,,,1.37886
2228,98.6235,,,1.3765
2227,98.62602,,,1.37398
2226,98.62868,,,1.37132
2225,98.63147,,,1.36853
2224,98.63437,,,1.36563
2223,98.63737,,,1.36263
2222,98.64044,,,1.35956
2221,98.64356,,,1.35644
2220,98.64672,,,1.35328
2219,98.6499,,,1.3501
2218,98.65307,,,1.34693
2217,98.65621,,,1.34379
2216,98.65931,,,1.34069
2215,98.66234,,,1.33766
2214,98.66528,,,1.33472
2213,98.66812,,,1.33188
2212,98.67083,,,1.32917
2211,98.67341,,,1.32659
2210,98.67583,,,1.32417
2209,98.67809,,,1.32191
2208,98.68017,,,1.31983
2207,98.68206,,,1.31794
2206,98.68374,,,1.31626
2205,98.68521,,,1.31479
2204,98.68647,,,1.31353
2203,98.68749,,,1.31251
2202,98.68828,,,1.31172
2201,98.68884,,,1.31116
2200,98.68916,,,1.31084
2199,98.68923,,,1.31077
2198,98.68906,,,1.31094
2197,98.68865,,,1.31135
2196,98.68803,,,1.31197
2195,98.68718,,,1.31282
2194,98.68612,,,1.31388
2193,98.68486,,,1.31514
2192,98.68341,,,1.31659
2191,98.68178,,,1.31822
2190,98.67999,,,1.32001
2189,98.67806,,,1.32194
2188,98.67599,,,1.32401
2187,98.67381,,,1.32619
2186,98.67152,,,1.32848
2185,98.66916,,,1.33084
2184,98.66673,,,1.33327
2183,98.66426,,,1.33574
2182,98.66177,,,1.33823
2181,98.65927,,,1.34073
2180,98.65679,,,1.34321
2179,98.65434,,,1.34566
2178,98.65195,,,1.34805
2177,98.64963,,,1.35037
2176,98.6474,,,1.3526
2175,98.64528,,,1.35472
2174,98.64328,,,1.35672
2173,98.64142,,,1.35858
2172,98.63971,,,1.36029
2171,98.63817,,,1.36183
2170,98.63682,,,1.36318
2169,98.63565,,,1.36435
2168,98.63468,,,1.36532
2167,98.63392,,,1.36608
2166,98.63337,,,1.36663
2165,98.63304,,,1.36696
2164,98.63294,,,1.36706
2163,98.63305,,,1.36695
2162,98.63338,,,1.36662
2161,98.63393,,,1.36607
2160,98.6347,,,1.3653
2159,98.63567,,,1.36433
2158,98.63685,,,1.36315
2157,98.63822,,,1.36178
2156,98.63977,,,1.36023
2155,98.6415,,,1.3585
2154,98.64339,,,1.35661
2153,98.64542,,,1.35458
2152,98.64759,,,1.35241
2151,98.64987,,,1.35013
2150,98.65225,,,1.34775
2149,98.65471,,,1.34529
2148,98.65724,,,1.34276
2147,98.6598,,,1.3402
2146,98.6624,,,1.3376
2145,98.665,,,1.335
2144,98.66759,,,1.33241
2143,98.67015,,,1.32985
2142,98.67266,,,1.32734
2141,98.67511,,,1.32489
2140,98.67747,,,1.32253
2139,98.67973,,,1.32027
2138,98.68187,,,1.31813
2137,98.68388,,,1.31612
2136,98.68575,,,1.31425
2135,98.68745,,,1.31255
2134,98.68899,,,1.31101
2133,98.69035,,,1.30965
2132,98.69152,,,1.30848
2131,98.6925,,,1.3075
2130,98.69328,,,1.30672
2129,98.69386,,,1.30614
2128,98.69424,,,1.30576
2127,98.69441,,,1.30559
2126,98.69439,,,1.30561
2125,98.69416,,,1.30584
2124,98.69374,,,1.30626
2123,98.69312,,,1.30688
2122,98.69233,,,1.30767
2121,98.69136,,,1.30864
2120,98.69024,,,1.30976
2119,98.68801,,,1.31199
2118,98.68567,,,1.31433
2117,98.68326,,,1.31674
2116,98.68079,,,1.31921
2115,98.67831,,,1.32169
2114,98.67585,,,1.32415
2113,98.67343,,,1.32657
2112,98.67107,,,1.32893
2111,98.66882,,,1.33118
2110,98.66668,,,1.33332
2109,98.66528,,,1.33472
2108,98.66392,,,1.33608
2107,98.6626,,,1.3374
2106,98.66133,,,1.33867
2105,98.66014,,,1.33986
2104,98.65903,,,1.34097
2103,98.658,,,1.342
2102,98.65708,,,1.34292
2101,98.65627,,,1.34373
2100,98.65557,,,1.34443
2099,98.65499,,,1.34501
2098,98.65454,,,1.34546
2097,98.65422,,,1.34578
2096,98.65404,,,1.34596
2095,98.654,,,1.346
2094,98.6541,,,1.3459
2093,98.65435,,,1.34565
2092,98.65473,,,1.34527
2091,98.65526,,,1.34474
2090,98.65593,,,1.34407
2089,98.65674,,,1.34326
2088,98.65767,,,1.34233
2087,98.65873,,,1.34127
2086,98.65991,,,1.34009
2085,98.66119,,,1.33881
2084,98.66257,,,1.33743
2083,98.66404,,,1.33596
2082,98.66559,,,1.33441
2081,98.66721,,,1.33279
2080,98.66888,,,1.33112
2079,98.6706,,,1.3294
2078,98.67235,,,1.32765
2077,98.67411,,,1.32589
2076,98.67588,,,1.32412
2075,98.67764,,,1.32236
2074,98.67938,,,1.32062
2073,98.68109,,,1.31891
2072,98.68275,,,1.31725
2071,98.68435,,,1.31565
2070,98.68588,,,1.31412
2069,98.68733,,,1.31267
2068,98.68868,,,1.31132
2067,98.68994,,,1.31006
2066,98.69108,,,1.30892
2065,98.6921,,,1.3079
2064,98.693,,,1.307
2063,98.69378,,,1.30622
2062,98.69441,,,1.30559
2061,98.69491,,,1.30509
2060,98.69527,,,1.30473
2059,98.6955,,,1.3045
2058,98.69558,,,1.30442
2057,98.69553,,,1.30447
2056,98.69534,,,1.30466
2055,98.69503,,,1.30497
2054,98.69458,,,1.30542
2053,98.69402,,,1.30598
2052,98.69334,,,1.30666
2051,98.69255,,,1.30745
2050,98.69168,,,1.30832
2049,98.69072,,,1.30928
2048,98.68968,,,1.31032
2047,98.68858,,,1.31142
2046,98.68743,,,1.31257
2045,98.68624,,,1.31376
2044,98.68502,,,1.31498
2043,98.68379,,,1.31621
2042,98.68256,,,1.31744
2041,98.68134,,,1.31866
2040,98.68014,,,1.31986
2039,98.67899,,,1.32101
2038,98.67788,,,1.32212
2037,98.67684,,,1.32316
2036,98.67587,,,1.32413
2035,98.67497,,,1.32503
2034,98.67418,,,1.32582
2033,98.67348,,,1.32652
2032,98.67289,,,1.32711
2031,98.67242,,,1.32758
2030,98.67207,,,1.32793
2029,98.67184,,,1.32816
2028,98.67175,,,1.32825
2027,98.67178,,,1.32822
2026,98.67195,,,1.32805
2025,98.67225,,,1.32775
2024,98.67268,,,1.32732
2023,98.67323,,,1.32677
2022,98.6739,,,1.3261
2021,98.67469,,,1.32531
2020,98.67558,,,1.32442
2019,98.67658,,,1.32342
2018,98.67767,,,1.32233
2017,98.67885,,,1.32115
2016,98.68009,,,1.31991
2015,98.6814,,,1.3186
2014,98.68275,,,1.31725
2013,98.68415,,,1.31585
2012,98.68557,,,1.31443
2011,98.687,,,1.313
2010,98.68843,,,1.31157
2009,98.68984,,,1.31016
2008,98.69122,,,1.30878
2007,98.69255,,,1.30745
2006,98.69384,,,1.30616
2005,98.69505,,,1.30495
2004,98.6962,,,1.3038
2003,98.69725,,,1.30275
2002,98.6982,,,1.3018
2001,98.69905,,,1.30095
2000,98.69978,,,1.30022
1999,98.70041,,,1.29959
1998,98.70091,,,1.29909
1997,98.70129,,,1.29871
1996,98.70152,,,1.29848
1995,98.70162,,,1.29838
1994,98.70159,,,1.29841
1993,98.70142,,,1.29858
1992,98.70111,,,1.29889
1991,98.70067,,,1.29933
1990,98.7001,,,1.2999
1989,98.6994,,,1.3006
1988,98.69858,,,1.30142
1987,98.69765,,,1.30235
1986,98.69662,,,1.30338
1985,98.69551,,,1.30449
1984,98.69432,,,1.30568
1983,98.69306,,,1.30694
1982,98.69174,,,1.30826
1981,98.69038,,,1.30962
1980,98.689,,,1.311
1979,98.6876,,,1.3124
1978,98.6862,,,1.3138
1977,98.68481,,,1.31519
1976,98.68343,,,1.31657
1975,98.6821,,,1.3179
1974,98.6808,,,1.3192
1973,98.67957,,,1.32043
1972,98.6784,,,1.3216
1971,98.67731,,,1.32269
1970,98.67631,,,1.32369
1969,98.6754,,,1.3246
1968,98.67459,,,1.32541
1967,98.67389,,,1.32611
1966,98.6733,,,1.3267
1965,98.67282,,,1.32718
1964,98.67246,,,1.32754
1963,98.67221,,,1.32779
1962,98.67208,,,1.32792
1961,98.67207,,,1.32793
1960,98.67216,,,1.32784
1959,98.67235,,,1.32765
1958,98.67263,,,1.32737
1957,98.67301,,,1.32699
1956,98.67347,,,1.32653
1955,98.674,,,1.326
1954,98.6746,,,1.3254
1953,98.67525,,,1.32475
1952,98.67595,,,1.32405
1951,98.67667,,,1.32333
1950,98.67742,,,1.32258
1949,98.67804,,,1.32196
1948,98.67866,,,1.32134
1947,98.67926,,,1.32074
1946,98.67984,,,1.32016
1945,98.68037,,,1.31963
1944,98.68086,,,1.31914
1943,98.68128,,,1.31872
1942,98.68163,,,1.31837
1941,98.6819,,,1.3181
1940,98.68209,,,1.31791
1939,98.68219,,,1.31781
1938,98.68219,,,1.31781
1937,98.68208,,,1.31792
1936,98.68186,,,1.31814
1935,98.68153,,,1.31847
1934,98.68109,,,1.31891
1933,98.68053,,,1.31947
1932,98.67985,,,1.32015
1931,98.67907,,,1.32093
1930,98.67817,,,1.32183
1929,98.67716,,,1.32284
1928,98.67605,,,1.32395
1927,98.67484,,,1.32516
1926,98.67356,,,1.32644
1925,98.67221,,,1.32779
1924,98.67079,,,1.32921
1923,98.66932,,,1.33068
1922,98.66781,,,1.33219
1921,98.66626,,,1.33374
1920,98.66471,,,1.33529
1919,98.66314,,,1.33686
1918,98.66158,,,1.33842
1917,98.66004,,,1.33996
1916,98.65853,,,1.34147
1915,98.65706,,,1.34294
1914,98.65565,,,1.34435
1913,98.65429,,,1.34571
1912,98.65301,,,1.34699
1911,98.65181,,,1.34819
1910,98.6507,,,1.3493
1909,98.64968,,,1.35032
1908,98.64876,,,1.35124
1907,98.64795,,,1.35205
1906,98.64724,,,1.35276
1905,98.64664,,,1.35336
1904,98.64616,,,1.35384
1903,98.64578,,,1.35422
1902,98.64551,,,1.35449
1901,98.64534,,,1.35466
1900,98.64528,,,1.35472
1899,98.64531,,,1.35469
1898,98.64543,,,1.35457
1897,98.64563,,,1.35437
1896,98.64591,,,1.35409
1895,98.64624,,,1.35376
1894,98.64664,,,1.35336
1893,98.64708,,,1.35292
1892,98.64755,,,1.35245
1891,98.64805,,,1.35195
1890,98.64856,,,1.35144
1889,98.64908,,,1.35092
1888,98.64959,,,1.35041
1887,98.65008,,,1.34992
1886,98.65054,,,1.34946
1885,98.65096,,,1.34904
1884,98.65134,,,1.34866
1883,98.65167,,,1.34833
1882,98.65193,,,1.34807
1881,98.65213,,,1.34787
1880,98.65225,,,1.34775
1879,98.6523,,,1.3477
1878,98.65227,,,1.34773
1877,98.65217,,,1.34783
1876,98.65198,,,1.34802
1875,98.65171,,,1.34829
1874,98.65136,,,1.34864
1873,98.65093,,,1.34907
1872,98.65044,,,1.34956
1871,98.64988,,,1.35012
1870,98.64926,,,1.35074
1869,98.64857,,,1.35143
1868,98.64784,,,1.35216
1867,98.64707,,,1.35293
1866,98.64627,,,1.35373
1865,98.64546,,,1.35454
1864,98.64464,,,1.35536
1863,98.64382,,,1.35618
1862,98.64301,,,1.35699
1861,98.64223,,,1.35777
1860,98.64147,,,1.35853
1859,98.64076,,,1.35924
1858,98.6401,,,1.3599
1857,98.63949,,,1.36051
1856,98.63895,,,1.36105
1855,98.63848,,,1.36152
1854,98.63808,,,1.36192
1853,98.63776,,,1.36224
1852,98.63753,,,1.36247
1851,98.63738,,,1.36262
1850,98.63733,,,1.36267
1849,98.63736,,,1.36264
1848,98.63748,,,1.36252
1847,98.6377,,,1.3623
1846,98.638,,,1.362
1845,98.63838,,,1.36162
1844,98.63884,,,1.36116
1843,98.63938,,,1.36062
1842,98.63998,,,1.36002
1841,98.64064,,,1.35936
1840,98.64136,,,1.35864
1839,98.64212,,,1.35788
1838,98.64292,,,1.35708
1837,98.64375,,,1.35625
1836,98.64459,,,1.35541
1835,98.64545,,,1.35455
1834,98.64632,,,1.35368
1833,98.64718,,,1.35282
1832,98.64802,,,1.35198
1831,98.64885,,,1.35115
1830,98.64965,,,1.35035
1829,98.65042,,,1.34958
1828,98.65114,,,1.34886
1827,98.65183,,,1.34817
1826,98.65247,,,1.34753
1825,98.65307,,,1.34693
1824,98.65361,,,1.34639
1823,98.65411,,,1.34589
1822,98.65455,,,1.34545
1821,98.65494,,,1.34506
1820,98.65528,,,1.34472
1819,98.65557,,,1.34443
1818,98.65582,,,1.34418
1817,98.65603,,,1.34397
1816,98.65621,,,1.34379
1815,98.65636,,,1.34364
1814,98.65649,,,1.34351
1813,98.6566,,,1.3434
1812,98.6567,,,1.3433
1811,98.65681,,,1.34319
1810,98.65691,,,1.34309
1809,98.65703,,,1.34297
1808,98.65716,,,1.34284
1807,98.6573,,,1.3427
1806,98.65748,,,1.34252
1805,98.65768,,,1.34232
1804,98.65791,,,1.34209
1803,98.65818,,,1.34182
1802,98.65849,,,1.34151
1801,98.65884,,,1.34116
1800,98.65923,,,1.34077
1799,98.65967,,,1.34033
1798,98.66015,,,1.33985
1797,98.66068,,,1.33932
1796,98.66124,,,1.33876
1795,98.66185,,,1.33815
1794,98.66249,,,1.33751
1793,98.66316,,,1.33684
1792,98.66387,,,1.33613
1791,98.66459,,,1.33541
1790,98.66534,,,1.33466
1789,98.66611,,,1.33389
1788,98.6669,,,1.3331
1787,98.66768,,,1.33232
1786,98.66847,,,1.33153
1785,98.66925,,,1.33075
1784,98.67002,,,1.32998
1783,98.67077,,,1.32923
1782,98.67151,,,1.32849
1781,98.67223,,,1.32777
1780,98.67292,,,1.32708
1779,98.67359,,,1.32641
1778,98.67422,,,1.32578
1777,98.67483,,,1.32517
1776,98.6754,,,1.3246
1775,98.67595,,,1.32405
1774,98.67646,,,1.32354
1773,98.67695,,,1.32305
1772,98.67741,,,1.32259
1771,98.67784,,,1.32216
1770,98.67826,,,1.32174
1769,98.67865,,,1.32135
1768,98.67903,,,1.32097
1767,98.67939,,,1.32061
1766,98.67975,,,1.32025
1765,98.68009,,,1.31991
1764,98.68043,,,1.31957
1763,98.68077,,,1.31923
1762,98.68111,,,1.31889
1761,98.68146,,,1.31854
1760,98.6818,,,1.3182
1759,98.68215,,,1.31785
1758,98.6825,,,1.3175
1757,98.68286,,,1.31714
1756,98.68323,,,1.31677
1755,98.68359,,,1.31641
1754,98.68397,,,1.31603
1753,98.68434,,,1.31566
1752,98.68471,,,1.31529
1751,98.68507,,,1.31493
1750,98.68542,,,1.31458
1749,98.68577,,,1.31423
1748,98.6861,,,1.3139
1747,98.6864,,,1.3136
1746,98.68669,,,1.31331
1745,98.68694,,,1.31306
1744,98.68717,,,1.31283
1743,98.68735,,,1.31265
1742,98.6875,,,1.3125
1741,98.68761,,,1.31239
1740,98.68767,,,1.31233
1739,98.68769,,,1.31231
1738,98.68767,,,1.31233
1737,98.68759,,,1.31241
1736,98.68747,,,1.31253
1735,98.68731,,,1.31269
1734,98.6871,,,1.3129
1733,98.68686,,,1.31314
1732,98.68658,,,1.31342
1731,98.68628,,,1.31372
1730,98.68594,,,1.31406
1729,98.6856,,,1.3144
1728,98.68524,,,1.31476
1727,98.68487,,,1.31513
1726,98.68451,,,1.31549
1725,98.68415,,,1.31585
1724,98.68381,,,1.31619
1723,98.68349,,,1.31651
1722,98.68319,,,1.31681
1721,98.68293,,,1.31707
1720,98.6827,,,1.3173
1719,98.6825,,,1.3175
1718,98.68235,,,1.31765
1717,98.68223,,,1.31777
1716,98.68216,,,1.31784
1715,98.68214,,,1.31786
1714,98.68215,,,1.31785
1713,98.6822,,,1.3178
1712,98.68228,,,1.31772
1711,98.68239,,,1.31761
1710,98.68251,,,1.31749
1709,98.68265,,,1.31735
1708,98.68279,,,1.31721
1707,98.68293,,,1.31707
1706,98.68304,,,1.31696
1705,98.68313,,,1.31687
1704,98.68317,,,1.31683
1703,98.68317,,,1.31683
1702,98.68311,,,1.31689
1701,98.68298,,,1.31702
1700,98.68278,,,1.31722
1699,98.6825,,,1.3175
1698,98.68212,,,1.31788
1697,98.68166,,,1.31834
1696,98.68109,,,1.31891
1695,98.68042,,,1.31958
1694,98.67966,,,1.32034
1693,98.67879,,,1.32121
1692,98.67784,,,1.32216
1691,98.67679,,,1.32321
1690,98.67567,,,1.32433
1689,98.67447,,,1.32553
1688,98.67321,,,1.32679
1687,98.67192,,,1.32808
1686,98.67059,,,1.32941
1685,98.66925,,,1.33075
1684,98.66791,,,1.33209
1683,98.6666,,,1.3334
1682,98.66532,,,1.33468
1681,98.66409,,,1.33591
1680,98.66293,,,1.33707
1679,98.66185,,,1.33815
1678,98.66086,,,1.33914
1677,98.65998,,,1.34002
1676,98.65921,,,1.34079
1675,98.65857,,,1.34143
1674,98.65806,,,1.34194
1673,98.65769,,,1.34231
1672,98.65745,,,1.34255
1671,98.65734,,,1.34266
1670,98.65735,,,1.34265
1669,98.65748,,,1.34252
1668,98.65772,,,1.34228
1667,98.65805,,,1.34195
1666,98.65845,,,1.34155
1665,98.65892,,,1.34108
1664,98.65943,,,1.34057
1663,98.65996,,,1.34004
1662,98.66049,,,1.33951
1661,98.66099,,,1.33901
1660,98.66145,,,1.33855
1659,98.66184,,,1.33816
1658,98.66214,,,1.33786
1657,98.66233,,,1.33767
1656,98.6624,,,1.3376
1655,98.66234,,,1.33766
1654,98.66212,,,1.33788
1653,98.66175,,,1.33825
1652,98.66121,,,1.33879
1651,98.66051,,,1.33949
1650,98.65965,,,1.34035
1649,98.65864,,,1.34136
1648,98.65749,,,1.34251
1647,98.6562,,,1.3438
1646,98.6548,,,1.3452
1645,98.65331,,,1.34669
1644,98.65175,,,1.34825
1643,98.65014,,,1.34986
1642,98.64852,,,1.35148
1641,98.64691,,,1.35309
1640,98.64534,,,1.35466
1639,98.64385,,,1.35615
1638,98.64247,,,1.35753
1637,98.64122,,,1.35878
1636,98.64013,,,1.35987
1635,98.63923,,,1.36077
1634,98.63853,,,1.36147
1633,98.63805,,,1.36195
1632,98.63781,,,1.36219
1631,98.63781,,,1.36219
1630,98.63805,,,1.36195
1629,98.63852,,,1.36148
1628,98.63922,,,1.36078
1627,98.64015,,,1.35985
1626,98.64128,,,1.35872
1625,98.6426,,,1.3574
1624,98.64408,,,1.35592
1623,98.64569,,,1.35431
1622,98.64739,,,1.35261
1621,98.64915,,,1.35085
1620,98.65093,,,1.34907
1619,98.65269,,,1.34731
1618,98.65439,,,1.34561
1617,98.65599,,,1.34401
1616,98.65745,,,1.34255
1615,98.65875,,,1.34125
1614,98.65985,,,1.34015
1613,98.66073,,,1.33927
1612,98.66136,,,1.33864
1611,98.66173,,,1.33827
1610,98.66184,,,1.33816
1609,98.66169,,,1.33831
1608,98.66128,,,1.33872
1607,98.66061,,,1.33939
1606,98.65971,,,1.34029
1605,98.65861,,,1.34139
1604,98.65732,,,1.34268
1603,98.65589,,,1.34411
1602,98.65436,,,1.34564
1601,98.65278,,,1.34722
1600,98.65118,,,1.34882
1599,98.64962,,,1.35038
1598,98.64815,,,1.35185
1597,98.64682,,,1.35318
1596,98.64567,,,1.35433
1595,98.64474,,,1.35526
1594,98.64407,,,1.35593
1593,98.64369,,,1.35631
1592,98.64364,,,1.35636
1591,98.64392,,,1.35608
1590,98.64455,,,1.35545
1589,98.64551,,,1.35449
1588,98.64682,,,1.35318
1587,98.64846,,,1.35154
1586,98.65041,,,1.34959
1585,98.65263,,,1.34737
1584,98.65509,,,1.34491
1583,98.65774,,,1.34226
1582,98.66052,,,1.33948
1581,98.66339,,,1.33661
1580,98.66629,,,1.33371
1579,98.66915,,,1.33085
1578,98.67191,,,1.32809
1577,98.67451,,,1.32549
1576,98.6769,,,1.3231
1575,98.67902,,,1.32098
1574,98.68083,,,1.31917
1573,98.68228,,,1.31772
1572,98.68335,,,1.31665
1571,98.68401,,,1.31599
1570,98.68425,,,1.31575
1569,98.68407,,,1.31593
1568,98.68348,,,1.31652
1567,98.6825,,,1.3175
1566,98.68116,,,1.31884
1565,98.67951,,,1.32049
1564,98.67759,,,1.32241
1563,98.67547,,,1.32453
1562,98.67321,,,1.32679
1561,98.67087,,,1.32913
1560,98.66854,,,1.33146
1559,98.66626,,,1.33374
1558,98.66413,,,1.33587
1557,98.66221,,,1.33779
1556,98.66057,,,1.33943
1555,98.65926,,,1.34074
1554,98.65834,,,1.34166
1553,98.65784,,,1.34216
1552,98.65779,,,1.34221
1551,98.65821,,,1.34179
1550,98.65909,,,1.34091
1549,98.66044,,,1.33956
1548,98.66221,,,1.33779
1547,98.66438,,,1.33562
1546,98.66688,,,1.33312
1545,98.66967,,,1.33033
1544,98.67267,,,1.32733
1543,98.6758,,,1.3242
1542,98.67898,,,1.32102
1541,98.68211,,,1.31789
1540,98.68511,,,1.31489
1539,98.68789,,,1.31211
1538,98.69037,,,1.30963
1537,98.69246,,,1.30754
1536,98.69411,,,1.30589
1535,98.69526,,,1.30474
1534,98.69585,,,1.30415
1533,98.69587,,,1.30413
1532,98.69529,,,1.30471
1531,98.69412,,,1.30588
1530,98.69237,,,1.30763
1529,98.69011,,,1.30989
1528,98.68735,,,1.31265
1527,98.68419,,,1.31581
1526,98.68068,,,1.31932
1525,98.67692,,,1.32308
1524,98.67301,,,1.32699
1523,98.66905,,,1.33095
1522,98.66515,,,1.33485
1521,98.66142,,,1.33858
1520,98.65795,,,1.34205
1519,98.65483,,,1.34517
1518,98.65216,,,1.34784
1517,98.65001,,,1.34999
1516,98.64845,,,1.35155
1515,98.6475,,,1.3525
1514,98.6472,,,1.3528
1513,98.64755,,,1.35245
1512,98.64852,,,1.35148
1511,98.65009,,,1.34991
1510,98.65219,,,1.34781
1509,98.65474,,,1.34526
1508,98.65767,,,1.34233
1507,98.66086,,,1.33914
1506,98.66421,,,1.33579
1505,98.66759,,,1.33241
1504,98.67088,,,1.32912
1503,98.67395,,,1.32605
1502,98.67669,,,1.32331
1501,98.67897,,,1.32103
1500,98.68071,,,1.31929
1499,98.68181,,,1.31819
1498,98.68222,,,1.31778
1497,98.68188,,,1.31812
1496,98.68077,,,1.31923
1495,98.6789,,,1.3211
1494,98.6763,,,1.3237
1493,98.67301,,,1.32699
1492,98.66911,,,1.33089
1491,98.6647,,,1.3353
1490,98.65989,,,1.34011
1489,98.65481,,,1.34519
1488,98.6496,,,1.3504
1487,98.64442,,,1.35558
1486,98.6394,,,1.3606
1485,98.63469,,,1.36531
1484,98.63045,,,1.36955
1483,98.62678,,,1.37322
1482,98.62381,,,1.37619
1481,98.62161,,,1.37839
1480,98.62027,,,1.37973
1479,98.61979,,,1.38021
1478,98.62022,,,1.37978
1477,98.62152,,,1.37848
1476,98.62366,,,1.37634
1475,98.62656,,,1.37344
1474,98.63012,,,1.36988
1473,98.63421,,,1.36579
1472,98.63869,,,1.36131
1471,98.6434,,,1.3566
1470,98.64817,,,1.35183
1469,98.65283,,,1.34717
1468,98.6572,,,1.3428
1467,98.66113,,,1.33887
1466,98.66447,,,1.33553
1465,98.66708,,,1.33292
1464,98.66886,,,1.33114
1463,98.66973,,,1.33027
1462,98.66965,,,1.33035
1461,98.6686,,,1.3314
1460,98.66662,,,1.33338
1459,98.66375,,,1.33625
1458,98.66009,,,1.33991
1457,98.65577,,,1.34423
1456,98.65093,,,1.34907
1455,98.64575,,,1.35425
1454,98.64041,,,1.35959
1453,98.63511,,,1.36489
1452,98.63004,,,1.36996
1451,98.62542,,,1.37458
1450,98.62141,,,1.37859
1449,98.61815,,,1.38185
1448,98.61582,,,1.38418
1447,98.61453,,,1.38547
1446,98.61434,,,1.38566
1445,98.61531,,,1.38469
1444,98.61742,,,1.38258
1443,98.62064,,,1.37936
1442,98.62489,,,1.37511
1441,98.63003,,,1.36997
1440,98.63592,,,1.36408
1439,98.64236,,,1.35764
1438,98.64916,,,1.35084
1437,98.6561,,,1.3439
1436,98.66293,,,1.33707
1435,98.66944,,,1.33056
1434,98.67539,,,1.32461
1433,98.68059,,,1.31941
1432,98.68487,,,1.31513
1431,98.68807,,,1.31193
1430,98.6901,,,1.3099
1429,98.69091,,,1.30909
1428,98.69048,,,1.30952
1427,98.68885,,,1.31115
1426,98.6861,,,1.3139
1425,98.68237,,,1.31763
1424,98.67784,,,1.32216
1423,98.67271,,,1.32729
1422,98.66721,,,1.33279
1421,98.66161,,,1.33839
1420,98.65615,,,1.34385
1419,98.65111,,,1.34889
1418,98.64672,,,1.35328
1417,98.64322,,,1.35678
1416,98.64079,,,1.35921
1415,98.63959,,,1.36041
1414,98.63971,,,1.36029
1413,98.6412,,,1.3588
1412,98.64407,,,1.35593
1411,98.64826,,,1.35174
1410,98.65364,,,1.34636
1409,98.66005,,,1.33995
1408,98.66729,,,1.33271
1407,98.6751,,,1.3249
1406,98.68321,,,1.31679
1405,98.69133,,,1.30867
1404,98.69914,,,1.30086
1403,98.70636,,,1.29364
1402,98.71271,,,1.28729
1401,98.71795,,,1.28205
1400,98.72186,,,1.27814
1399,98.7243,,,1.2757
1398,98.72517,,,1.27483
1397,98.72445,,,1.27555
1396,98.72216,,,1.27784
1395,98.71841,,,1.28159
1394,98.71338,,,1.28662
1393,98.70726,,,1.29274
1392,98.70034,,,1.29966
1391,98.69293,,,1.30707
1390,98.68534,,,1.31466
1389,98.6779,,,1.3221
1388,98.67097,,,1.32903
1387,98.66486,,,1.33514
1386,98.65985,,,1.34015
1385,98.65617,,,1.34383
1384,98.65401,,,1.34599
1383,98.65347,,,1.34653
1382,98.6546,,,1.3454
1381,98.65735,,,1.34265
1380,98.6616,,,1.3384
1379,98.66717,,,1.33283
1378,98.67382,,,1.32618
1377,98.68123,,,1.31877
1376,98.68908,,,1.31092
1375,98.69696,,,1.30304
1374,98.70451,,,1.29549
1373,98.71133,,,1.28867
1372,98.71706,,,1.28294
1371,98.72139,,,1.27861
1370,98.72405,,,1.27595
1369,98.72486,,,1.27514
1368,98.72371,,,1.27629
1367,98.72057,,,1.27943
1366,98.71551,,,1.28449
1365,98.70868,,,1.29132
1364,98.70034,,,1.29966
1363,98.69079,,,1.30921
1362,98.6804,,,1.3196
1361,98.6696,,,1.3304
1360,98.65881,,,1.34119
1359,98.64846,,,1.35154
1358,98.639,,,1.361
1357,98.63082,,,1.36918
1356,98.62425,,,1.37575
1355,98.61955,,,1.38045
1354,98.61689,,,1.38311
1353,98.61634,,,1.38366
1352,98.61789,,,1.38211
1351,98.62139,,,1.37861
1350,98.62662,,,1.37338
1349,98.63327,,,1.36673
1348,98.64094,,,1.35906
1347,98.64918,,,1.35082
1346,98.6575,,,1.3425
1345,98.66541,,,1.33459
1344,98.67241,,,1.32759
1343,98.67805,,,1.32195
1342,98.68194,,,1.31806
1341,98.68377,,,1.31623
1340,98.68334,,,1.31666
1339,98.68051,,,1.31949
1338,98.67534,,,1.32466
1337,98.66795,,,1.33205
1336,98.65862,,,1.34138
1335,98.64769,,,1.35231
1334,98.63564,,,1.36436
1333,98.62297,,,1.37703
1332,98.61026,,,1.38974
1331,98.59806,,,1.40194
1330,98.58696,,,1.41304
1329,98.57731,,,1.42269
1328,98.5697,,,1.4303
1327,98.56447,,,1.43553
1326,98.56184,,,1.43816
1325,98.56193,,,1.43807
1324,98.5647,,,1.4353
1323,98.56999,,,1.43001
1322,98.57749,,,1.42251
1321,98.5868,,,1.4132
1320,98.59738,,,1.40262
1319,98.60874,,,1.39126
1318,98.62018,,,1.37982
1317,98.63104,,,1.36896
1316,98.64072,,,1.35928
1315,98.64866,,,1.35134
1314,98.65439,,,1.34561
1313,98.65757,,,1.34243
1312,98.658,,,1.342
1311,98.65561,,,1.34439
1310,98.65051,,,1.34949
1309,98.64295,,,1.35705
1308,98.63336,,,1.36664
1307,98.62224,,,1.37776
1306,98.61025,,,1.38975
1305,98.59807,,,1.40193
1304,98.58642,,,1.41358
1303,98.576,,,1.424
1302,98.56747,,,1.43253
1301,98.56139,,,1.43861
1300,98.55819,,,1.44181
1299,98.55816,,,1.44184
1298,98.56142,,,1.43858
1297,98.5679,,,1.4321
1296,98.57737,,,1.42263
1295,98.58941,,,1.41059
1294,98.60347,,,1.39653
1293,98.61888,,,1.38112
1292,98.63487,,,1.36513
1291,98.65065,,,1.34935
1290,98.66543,,,1.33457
1289,98.67847,,,1.32153
1288,98.68912,,,1.31088
1287,98.69685,,,1.30315
1286,98.70133,,,1.29867
1285,98.70241,,,1.29759
1284,98.70015,,,1.29985
1283,98.6948,,,1.3052
1282,98.68683,,,1.31317
1281,98.67686,,,1.32314
1280,98.66563,,,1.33437
1279,98.65401,,,1.34599
1278,98.64286,,,1.35714
1277,98.63304,,,1.36696
1276,98.62534,,,1.37466
1275,98.62042,,,1.37958
1274,98.6188,,,1.3812
1273,98.62077,,,1.37923
1272,98.62644,,,1.37356
1271,98.63564,,,1.36436
1270,98.64803,,,1.35197
1269,98.66302,,,1.33698
1268,98.67987,,,1.32013
1267,98.6977,,,1.3023
1266,98.71554,,,1.28446
1265,98.73242,,,1.26758
1264,98.7474,,,1.2526
1263,98.75964,,,1.24036
1262,98.76848,,,1.23152
1261,98.77343,,,1.22657
1260,98.77429,,,1.22571
1259,98.77108,,,1.22892
1258,98.76409,,,1.23591
1257,98.75386,,,1.24614
1256,98.74115,,,1.25885
1255,98.72688,,,1.27312
1254,98.71208,,,1.28792
1253,98.69781,,,1.30219
1252,98.68512,,,1.31488
1251,98.67492,,,1.32508
1250,98.66799,,,1.33201
1249,98.66486,,,1.33514
1248,98.66583,,,1.33417
1247,98.67087,,,1.32913
1246,98.6797,,,1.3203
1245,98.69176,,,1.30824
1244,98.70622,,,1.29378
1243,98.72208,,,1.27792
1242,98.73821,,,1.26179
1241,98.75343,,,1.24657
1240,98.76659,,,1.23341
1239,98.77666,,,1.22334
1238,98.78275,,,1.21725
1237,98.78429,,,1.21571
1236,98.78096,,,1.21904
1235,98.77281,,,1.22719
1234,98.7602,,,1.2398
1233,98.74383,,,1.25617
1232,98.72466,,,1.27534
1231,98.70384,,,1.29616
1230,98.68266,,,1.31734
1229,98.66244,,,1.33756
1228,98.64445,,,1.35555
1227,98.62977,,,1.37023
1226,98.61929,,,1.38071
1225,98.61357,,,1.38643
1224,98.61281,,,1.38719
1223,98.61687,,,1.38313
1222,98.62522,,,1.37478
1221,98.63701,,,1.36299
1220,98.65111,,,1.34889
1219,98.66619,,,1.33381
1218,98.68081,,,1.31919
1217,98.69353,,,1.30647
1216,98.70303,,,1.29697
1215,98.70818,,,1.29182
1214,98.7082,,,1.2918
1213,98.70266,,,1.29734
1212,98.69156,,,1.30844
1211,98.67532,,,1.32468
1210,98.65478,,,1.34522
1209,98.63107,,,1.36893
1208,98.60569,,,1.39431
1207,98.58026,,,1.41974
1206,98.55641,,,1.44359
1205,98.53572,,,1.46428
1204,98.51952,,,1.48048
1203,98.50882,,,1.49118
1202,98.50425,,,1.49575
1201,98.50594,,,1.49406
1200,98.51357,,,1.48643
1199,98.52635,,,1.47365
1198,98.54308,,,1.45692
1197,98.56223,,,1.43777
1196,98.58207,,,1.41793
1195,98.60079,,,1.39921
1194,98.61666,,,1.38334
1193,98.62816,,,1.37184
1192,98.63414,,,1.36586
1191,98.63387,,,1.36613
1190,98.62717,,,1.37283
1189,98.61438,,,1.38562
1188,98.59641,,,1.40359
1187,98.57463,,,1.42537
1186,98.55074,,,1.44926
1185,98.52671,,,1.47329
1184,98.50454,,,1.49546
1183,98.48612,,,1.51388
1182,98.4731,,,1.5269
1181,98.4667,,,1.5333
1180,98.46762,,,1.53238
1179,98.47598,,,1.52402
1178,98.49136,,,1.50864
1177,98.51268,,,1.48732
1176,98.53839,,,1.46161
1175,98.56655,,,1.43345
1174,98.595,,,1.405
1173,98.62153,,,1.37847
1172,98.6441,,,1.3559
1171,98.66099,,,1.33901
1170,98.671,,,1.329
1169,98.67375,,,1.32625
1168,98.66945,,,1.33055
1167,98.65884,,,1.34116
1166,98.64323,,,1.35677
1165,98.62441,,,1.37559
1164,98.60444,,,1.39556
1163,98.58553,,,1.41447
1162,98.56981,,,1.43019
1161,98.55917,,,1.44083
1160,98.55507,,,1.44493
1159,98.55865,,,1.44135
1158,98.56976,,,1.43024
1157,98.58798,,,1.41202
1156,98.61228,,,1.38772
1155,98.64112,,,1.35888
1154,98.67252,,,1.32748
1153,98.70426,,,1.29574
1152,98.73408,,,1.26592
1151,98.75985,,,1.24015
1150,98.77978,,,1.22022
1149,98.79257,,,1.20743
1148,98.79756,,,1.20244
1147,98.79476,,,1.20524
1146,98.78491,,,1.21509
1145,98.76936,,,1.23064
1144,98.74998,,,1.25002
1143,98.72899,,,1.27101
1142,98.70874,,,1.29126
1141,98.69148,,,1.30852
1140,98.6792,,,1.3208
1139,98.67335,,,1.32665
1138,98.67485,,,1.32515
1137,98.68386,,,1.31614
1136,98.69979,,,1.30021
1135,98.72138,,,1.27862
1134,98.74676,,,1.25324
1133,98.77365,,,1.22635
1132,98.79954,,,1.20046
1131,98.82197,,,1.17803
1130,98.83872,,,1.16128
1129,98.84808,,,1.15192
1128,98.849,,,1.151
1127,98.84118,,,1.15882
1126,98.8252,,,1.1748
1125,98.80235,,,1.19765
1124,98.77463,,,1.22537
1123,98.74446,,,1.25554
1122,98.71452,,,1.28548
1121,98.68744,,,1.31256
1120,98.66555,,,1.33445
1119,98.65064,,,1.34936
1118,98.64378,,,1.35622
1117,98.64523,,,1.35477
1116,98.65435,,,1.34565
1115,98.66971,,,1.33029
1114,98.68918,,,1.31082
1113,98.71013,,,1.28987
1112,98.72974,,,1.27026
1111,98.74523,,,1.25477
1110,98.7542,,,1.2458
1109,98.75484,,,1.24516
1108,98.74618,,,1.25382
1107,98.72819,,,1.27181
1106,98.70183,,,1.29817
1105,98.66894,,,1.33106
1104,98.63209,,,1.36791
1103,98.59429,,,1.40571
1102,98.55867,,,1.44133
1101,98.52821,,,1.47179
1100,98.50536,,,1.49464
1099,98.49182,,,1.50818
1098,98.48834,,,1.51166
1097,98.49463,,,1.50537
1096,98.50935,,,1.49065
1095,98.5303,,,1.4697
1094,98.55459,,,1.44541
1093,98.57895,,,1.42105
1092,98.60009,,,1.39991
1091,98.61507,,,1.38493
1090,98.62162,,,1.37838
1089,98.61842,,,1.38158
1088,98.60526,,,1.39474
1087,98.58311,,,1.41689
1086,98.55399,,,1.44601
1085,98.52082,,,1.47918
1084,98.48702,,,1.51298
1083,98.4562,,,1.5438
1082,98.43173,,,1.56827
1081,98.41636,,,1.58364
1080,98.4119,,,1.5881
1079,98.41902,,,1.58098
1078,98.43715,,,1.56285
1077,98.46454,,,1.53546
1076,98.49842,,,1.50158
1075,98.53531,,,1.46469
1074,98.57142,,,1.42858
1073,98.60305,,,1.39695
1072,98.62706,,,1.37294
1071,98.64125,,,1.35875
1070,98.6446,,,1.3554
1069,98.63746,,,1.36254
1068,98.62145,,,1.37855
1067,98.59939,,,1.40061
1066,98.57484,,,1.42516
1065,98.55178,,,1.44822
1064,98.53401,,,1.46599
1063,98.52478,,,1.47522
1062,98.52634,,,1.47366
1061,98.53965,,,1.46035
1060,98.56428,,,1.43572
1059,98.59838,,,1.40162
1058,98.63894,,,1.36106
1057,98.68213,,,1.31787
1056,98.72375,,,1.27625
1055,98.75974,,,1.24026
1054,98.78671,,,1.21329
1053,98.80239,,,1.19761
1052,98.80589,,,1.19411
1051,98.7979,,,1.2021
1050,98.78053,,,1.21947
1049,98.75708,,,1.24292
1048,98.73164,,,1.26836
1047,98.70851,,,1.29149
1046,98.69164,,,1.30836
1045,98.68409,,,1.31591
1044,98.68764,,,1.31236
1043,98.70249,,,1.29751
1042,98.72727,,,1.27273
1041,98.75912,,,1.24088
1040,98.79411,,,1.20589
1039,98.82774,,,1.17226
1038,98.8555,,,1.1445
1037,98.87353,,,1.12647
1036,98.87919,,,1.12081
1035,98.8714,,,1.1286
1034,98.85087,,,1.14913
1033,98.82,,,1.18
1032,98.78257,,,1.21743
1031,98.74324,,,1.25676
1030,98.70686,,,1.29314
1029,98.67782,,,1.32218
1028,98.65941,,,1.34059
1027,98.65336,,,1.34664
1026,98.65956,,,1.34044
1025,98.67604,,,1.32396
1024,98.69928,,,1.30072
1023,98.7246,,,1.2754
1022,98.74691,,,1.25309
1021,98.7614,,,1.2386
1020,98.76428,,,1.23572
1019,98.75342,,,1.24658
1018,98.72865,,,1.27135
1017,98.69186,,,1.30814
1016,98.64681,,,1.35319
1015,98.59852,,,1.40148
1014,98.55263,,,1.44737
1013,98.51448,,,1.48552
1012,98.48841,,,1.51159
1011,98.47702,,,1.52298
1010,98.48084,,,1.51916
1009,98.49816,,,1.50184
1008,98.52531,,,1.47469
1007,98.55713,,,1.44287
1006,98.58776,,,1.41224
1005,98.61154,,,1.38846
1004,98.62391,,,1.37609
1003,98.62215,,,1.37785
1002,98.6059,,,1.3941
1001,98.5772,,,1.4228
1000,98.54025,,,1.45975
999,98.50076,,,1.49924
998,98.46503,,,1.53497
997,98.43901,,,1.56099
996,98.42726,,,1.57274
995,98.43228,,,1.56772
994,98.45406,,,1.54594
993,98.49,,,1.51
992,98.53532,,,1.46468
991,98.58376,,,1.41624
990,98.6286,,,1.3714
989,98.66373,,,1.33627
988,98.68469,,,1.31531
987,98.68946,,,1.31054
986,98.67881,,,1.32119
985,98.65623,,,1.34377
984,98.62728,,,1.37272
983,98.5987,,,1.4013
982,98.57719,,,1.42281
981,98.56827,,,1.43173
980,98.57526,,,1.42474
979,98.59876,,,1.40124
978,98.63631,,,1.36369
977,98.6829,,,1.3171
976,98.73175,,,1.26825
975,98.77549,,,1.22451
974,98.80745,,,1.19255
973,98.82287,,,1.17713
972,98.81985,,,1.18015
971,98.7997,,,1.2003
970,98.76677,,,1.23323
969,98.72763,,,1.27237
968,98.68993,,,1.31007
967,98.66096,,,1.33904
966,98.64626,,,1.35374
965,98.64858,,,1.35142
964,98.66731,,,1.33269
963,98.69858,,,1.30142
962,98.73591,,,1.26409
961,98.77146,,,1.22854
960,98.79751,,,1.20249
959,98.80806,,,1.19194
958,98.80005,,,1.19995
957,98.77414,,,1.22586
956,98.7346,,,1.2654
955,98.6886,,,1.3114
954,98.6448,,,1.3552
953,98.61164,,,1.38836
952,98.59565,,,1.40435
951,98.60015,,,1.39985
950,98.62444,,,1.37556
949,98.66392,,,1.33608
948,98.71094,,,1.28906
947,98.75626,,,1.24374
946,98.79101,,,1.20899
945,98.80855,,,1.19145
944,98.8059,,,1.1941
943,98.78448,,,1.21552
942,98.74972,,,1.25028
941,98.70981,,,1.29019
940,98.67371,,,1.32629
939,98.64894,,,1.35106
938,98.63948,,,1.36052
937,98.64442,,,1.35558
936,98.65759,,,1.34241
935,98.66833,,,1.33167
934,98.66335,,,1.33665
933,98.62929,,,1.37071
932,98.55541,,,1.44459
931,98.43577,,,1.56423
930,98.27028,,,1.72972
929,98.06397,,,1.93603
928,97.82581,,,2.17419
927,97.56511,,,2.43489
926,97.28829,,,2.71171
925,96.99596,,,3.00404
924,96.68118,,,3.31882
923,96.32956,,,3.67044
922,95.92123,,,4.07877
921,95.43464,,,4.56536
920,94.85116,,,5.14884
919,94.15887,,,5.84113
918,93.35713,,,6.64287
917,92.45533,,,7.54467
916,91.47098,,,8.52902
915,90.42537,,,9.57463
914,89.33824,,,10.66176
913,88.22295,,,11.77705
912,87.08324,,,12.91676
911,85.91244,,,14.08756
910,84.6953,,,15.3047
909,83.41051,,,16.58949
908,82.04198,,,17.95802
907,80.57932,,,19.42068
906,79.02356,,,20.97644
905,77.38823,,,22.61177
904,75.69708,,,24.30292
903,73.9795,,,26.0205
902,72.26497,,,27.73503
901,70.57793,,,29.42207
900,68.93403,,,31.06597
,,,,
,,,,
,,,,
,,,,
,,,,
,,,,
,,,,
,,,,
,,,,
,,,,
,,,,
,,,,
,,,,
,,,,
,,,,
,,,,
,,,,
,,,,
,,,,
,,,,
,,,,
,,,,
,,,,
,,,,
,,,,
,,,,
,,,,
,,,,
,,,,
,,,,
,,,,
,,,,
,,,,
,,,,
,,,,
,,,,
,,,,
,,,,
,,,,
,,,,
,,,,
,,,,
,,,,
,,,,
,,,,
,,,,
,,,,
,,,,
,,,,
,,,,
,,,,
,,,,
,,,,
,,,,
,,,,
,,,,
,,,,
,,,,
,,,,
,,,,
,,,,
,,,,
,,,,
,,,,
,,,,
,,,,
,,,,
,,,,
,,,,
,,,,
,,,,
,,,,
,,,,
,,,,
,,,,
,,,,
,,,,
,,,,
,,,,
,,,,
,,,,
,,,,
,,,,
,,,,
,,,,
,,,,
,,,,
,,,,
,,,,
,,,,
,,,,
,,,,
,,,,
,,,,
,,,,
,,,,
,,,,
,,,,
,,,,
,,,,
,,,,
,,,,
,,,,
,,,,
,,,,
,,,,
,,,,
,,,,
,,,,
,,,,
,,,,
,,,,
,,,,
,,,,
,,,,
,,,,
,,,,
,,,,
,,,,
,,,,
,,,,
,,,,
,,,,
,,,,
,,,,
,,,,
,,,,
,,,,
,,,,
,,,,
,,,,
,,,,
,,,,
,,,,
,,,,
,,,,
,,,,
,,,,
,,,,
,,,,
,,,,
,,,,
,,,,
,,,,
,,,,
,,,,
,,,,
,,,,
,,,,
,,,,
,,,,
,,,,
,,,,
,,,,
,,,,
,,,,
,,,,
,,,,
,,,,
,,,,
,,,,
,,,,
,,,,
,,,,
,,,,
,,,,
,,,,
,,,,
,,,,
,,,,
,,,,
,,,,
,,,,
,,,,
,,,,
,,,,
,,,,
,,,,
,,,,
,,,,
,,,,
,,,,
,,,,
,,,,
,,,,
,,,,
,,,,
,,,,
,,,,
,,,,
,,,,
,,,,
,,,,
,,,,
,,,,
,,,,
,,,,
,,,,
,,,,
,,,,
,,,,
,,,,
,,,,
,,,,
,,,,
,,,,
,,,,
,,,,
,,,,
,,,,
,,,,
,,,,
,,,,
,,,,
,,,,
,,,,
,,,,
,,,,
,,,,
,,,,
,,,,
,,,,
,,,,
,,,,
,,,,
,,,,
,,,,
,,,,
,,,,
,,,,
,,,,
,,,,
,,,,
,,,,
,,,,
,,,,
,,,,
,,,,
,,,,
,,,,
,,,,
,,,,
,,,,
,,,,
,,,,
,,,,
,,,,
,,,,
,,,,
,,,,
,,,,
,,,,
,,,,
,,,,
,,,,
,,,,
,,,,
,,,,
,,,,
,,,,
,,,,
,,,,
,,,,
,,,,
,,,,
,,,,
,,,,
,,,,
,,,,
,,,,
,,,,
,,,,
,,,,
,,,,
,,,,
,,,,
,,,,
,,,,
,,,,
,,,,
,,,,
,,,,
,,,,
,,,,
,,,,
,,,,
,,,,
,,,,
,,,,
,,,,
,,,,
,,,,
,,,,
,,,,
,,,,
,,,,
,,,,
,,,,
,,,,
,,,,
,,,,
,,,,
,,,,
,,,,
,,,,
,,,,
,,,,
,,,,
,,,,
,,,,
,,,,
,,,,
,,,,
,,,,
,,,,
,,,,
,,,,
,,,,
,,,,
,,,,
,,,,
,,,,
,,,,
,,,,
,,,,
,,,,
,,,,
,,,,
,,,,
,,,,
,,,,
,,,,
,,,,
,,,,
,,,,
,,,,
,,,,
,,,,
,,,,
,,,,
,,,,
,,,,
,,,,
,,,,
,,,,
,,,,
,,,,
,,,,
,,,,
,,,,
,,,,
,,,,
,,,,
,,,,
,,,,
,,,,
,,,,
,,,,
,,,,
,,,,
,,,,
,,,,
,,,,
,,,,
,,,,
,,,,
,,,,
,,,,
,,,,
,,,,
,,,,
,,,,
,,,,
,,,,
,,,,
,,,,
,,,,
,,,,
,,,,
,,,,
,,,,
,,,,
,,,,
,,,,
,,,,
,,,,
,,,,
,,,,
,,,,
,,,,
,,,,
,,,,
,,,,
,,,,
,,,,
,,,,
,,,,
,,,,
,,,,
,,,,
,,,,
,,,,
,,,,
,,,,
,,,,
,,,,
,,,,
,,,,
,,,,
,,,,
,,,,
,,,,
,,,,
,,,,
,,,,
,,,,
,,,,
,,,,
,,,,
,,,,
,,,,
,,,,
,,,,
,,,,
,,,,
,,,,
,,,,
,,,,
,,,,
,,,,
,,,,
,,,,
,,,,
,,,,
,,,,
,,,,
,,,,
,,,,
,,,,
,,,,
,,,,
,,,,
,,,,
,,,,
,,,,
,,,,
,,,,
,,,,
,,,,
,,,,
,,,,
,,,,
,,,,
,,,,
,,,,
,,,,
,,,,
,,,,
,,,,
,,,,
,,,,
,,,,
,,,,
,,,,
,,,,
,,,,
,,,,
,,,,
,,,,
,,,,
,,,,
,,,,
,,,,
,,,,
,,,,
,,,,
,,,,
,,,,
,,,,
,,,,
,,,,
,,,,
,,,,
,,,,
,,,,
,,,,
,,,,
,,,,
,,,,
,,,,
,,,,
,,,,
,,,,
,,,,
,,,,
,,,,
,,,,
,,,,
,,,,
,,,,
,,,,
,,,,
,,,,
,,,,
,,,,
,,,,
,,,,
,,,,
,,,,
,,,,
,,,,
,,,,
,,,,
,,,,
,,,,
,,,,
,,,,
,,,,
,,,,
,,,,
,,,,
,,,,
,,,,
,,,,
,,,,
,,,,
,,,,
,,,,
,,,,
,,,,
,,,,
,,,,
,,,,
,,,,
,,,,
,,,,
,,,,
,,,,
,,,,
,,,,
,,,,
,,,,
,,,,
,,,,
,,,,
,,,,
,,,,
,,,,
,,,,
,,,,
,,,,
,,,,
,,,,
,,,,
,,,,
,,,,
,,,,
,,,,
,,,,
,,,,
,,,,
,,,,
,,,,
,,,,
,,,,
,,,,
,,,,
,,,,
,,,,
,,,,
,,,,
,,,,
,,,,
,,,,
,,,,
,,,,
,,,,
,,,,
,,,,
,,,,
,,,,
,,,,
,,,,
,,,,
,,,,
,,,,
,,,,
,,,,
,,,,
,,,,
,,,,
,,,,
,,,,
,,,,
,,,,
,,,,
,,,,
,,,,
,,,,
,,,,
,,,,
,,,,
,,,,
,,,,
,,,,
,,,,
,,,,
,,,,
,,,,
,,,,
,,,,
,,,,
,,,,
,,,,
,,,,
,,,,
,,,,
,,,,
,,,,
,,,,
,,,,
,,,,
,,,,
,,,,
,,,,
,,,,
,,,,
,,,,
,,,,
,,,,
,,,,
,,,,
,,,,
,,,,
,,,,
,,,,
,,,,
,,,,
,,,,
,,,,
,,,,
,,,,
,,,,
,,,,
,,,,
,,,,
,,,,
,,,,
,,,,
,,,,
,,,,
,,,,
,,,,
,,,,
,,,,
,,,,
,,,,
,,,,
,,,,
,,,,
,,,,
,,,,
,,,,
,,,,
,,,,
,,,,
,,,,
,,,,
,,,,
,,,,
,,,,
,,,,
,,,,
,,,,
,,,,
,,,,
,,,,
,,,,
,,,,
,,,,
,,,,
,,,,
,,,,
,,,,
,,,,
,,,,
,,,,
,,,,
,,,,
,,,,
,,,,
,,,,
,,,,
,,,,
,,,,
,,,,
,,,,
,,,,
,,,,
,,,,
,,,,
,,,,
,,,,
,,,,
,,,,
,,,,
,,,,
,,,,
,,,,
,,,,
,,,,
,,,,
,,,,
,,,,
,,,,
,,,,
,,,,
,,,,
,,,,
,,,,
,,,,
,,,,
,,,,
,,,,
,,,,
,,,,
,,,,
,,,,
,,,,
,,,,
,,,,
,,,,
,,,,
,,,,
,,,,
,,,,
,,,,
,,,,
,,,,
,,,,
,,,,
,,,,
,,,,
,,,,
,,,,
,,,,
,,,,
,,,,
,,,,
,,,,
,,,,
,,,,
,,,,
,,,,
,,,,
,,,,
,,,,
,,,,
,,,,
,,,,
,,,,
,,,,
,,,,
,,,,
,,,,
,,,,
,,,,
,,,,
,,,,
,,,,
,,,,
,,,,
,,,,
,,,,
,,,,
,,,,
,,,,
,,,,
,,,,
,,,,
,,,,
,,,,
,,,,
,,,,
,,,,
,,,,
,,,,
,,,,
,,,,
,,,,
,,,,
,,,,
,,,,
,,,,
,,,,
,,,,
,,,,
,,,,
,,,,
,,,,
,,,,
,,,,
,,,,
,,,,
,,,,
,,,,
,,,,
,,,,
,,,,
,,,,
,,,,
,,,,
,,,,
,,,,
,,,,
,,,,
,,,,
,,,,
,,,,
,,,,
,,,,
,,,,
,,,,
,,,,
,,,,
,,,,
,,,,
,,,,
,,,,
,,,,
,,,,
,,,,
,,,,
,,,,
,,,,
,,,,
,,,,
,,,,
,,,,
,,,,
,,,,
,,,,
,,,,
,,,,
,,,,
,,,,
,,,,
,,,,
,,,,
,,,,
,,,,
,,,,
,,,,
,,,,
,,,,
,,,,
,,,,
,,,,
,,,,
,,,,
,,,,
,,,,
,,,,
,,,,
,,,,
,,,,
,,,,
,,,,
,,,,
,,,,
,,,,
,,,,
,,,,
,,,,
,,,,
,,,,
,,,,
,,,,
,,,,
,,,,
,,,,
,,,,
,,,,
,,,,
,,,,
,,,,
,,,,
,,,,
,,,,
,,,,
,,,,
,,,,
,,,,
,,,,
,,,,
,,,,
,,,,
,,,,
,,,,
,,,,