Wavelength[nm],T% at AOI 45 deg,r%
2600,97.82066,2.17934
2599,97.86391,2.13609
2598,97.82864,2.17136
2597,97.798,2.202
2596,97.84653,2.15347
2595,97.92844,2.07156
2594,97.94755,2.05245
2593,97.90267,2.09733
2592,97.88846,2.11154
2591,97.95156,2.04844
2590,98.02067,1.97933
2589,98.01531,1.98469
2588,97.9684,2.0316
2587,97.97527,2.02473
2586,98.04756,1.95244
2585,98.09628,1.90372
2584,98.06891,1.93109
2583,98.02962,1.97038
2582,98.05956,1.94044
2581,98.13215,1.86785
2580,98.15492,1.84508
2579,98.11487,1.88513
2578,98.0946,1.9054
2577,98.1468,1.8532
2576,98.21106,1.78894
2575,98.20847,1.79153
2574,98.16431,1.83569
2573,98.16768,1.83232
2572,98.23232,1.76768
2571,98.27599,1.72401
2570,98.24967,1.75033
2569,98.21423,1.78577
2568,98.24385,1.75615
2567,98.30967,1.69033
2566,98.32577,1.67423
2565,98.28526,1.71474
2564,98.2703,1.7297
2563,98.32141,1.67859
2562,98.37371,1.62629
2561,98.36084,1.63916
2560,98.32033,1.67967
2559,98.33186,1.66814
2558,98.39145,1.60855
2557,98.41773,1.58227
2556,98.38291,1.61709
2555,98.35653,1.64347
2554,98.39359,1.60641
2553,98.44695,1.55305
2552,98.44362,1.55638
2551,98.40195,1.59805
2550,98.4013,1.5987
2549,98.45077,1.54923
2548,98.47977,1.52023
2547,98.44796,1.55204
2546,98.41325,1.58675
2545,98.43736,1.56264
2544,98.48604,1.51396
2543,98.48537,1.51463
2542,98.44205,1.55795
2541,98.43172,1.56828
2540,98.4754,1.5246
2539,98.50331,1.49669
2538,98.47256,1.52744
2537,98.43433,1.56567
2536,98.45131,1.54869
2535,98.49467,1.50533
2534,98.49222,1.50778
2533,98.44786,1.55214
2532,98.43443,1.56557
2531,98.47276,1.52724
2530,98.49763,1.50237
2529,98.4756,1.5244
2528,98.44827,1.55173
2527,98.4744,1.5256
2526,98.52309,1.47691
2525,98.52596,1.47404
2524,98.49165,1.50835
2523,98.4907,1.5093
2522,98.53707,1.46293
2521,98.56512,1.43488
2520,98.54044,1.45956
2519,9.85E+01,1.5
2518,98.5375,1.4625
2517,98.57669,1.42331
2516,98.56787,1.43213
2515,98.53028,1.46972
2514,9.85E+01,1.5
2513,98.57288,1.42712
2512,98.58721,1.41279
2511,98.55392,1.44608
2510,98.53345,1.46655
2509,98.56288,1.43712
2508,98.59397,1.40603
2507,9.86E+01,1.4
2506,9.85E+01,1.5
2505,98.55052,1.44948
2504,98.58905,1.41095
2503,98.59022,1.40978
2502,98.55327,1.44673
2501,98.54305,1.45695
2500,98.57779,1.42221
2499,98.60621,1.39379
2498,98.58604,1.41396
2497,98.5678,1.4322
2496,98.59835,1.40165
2495,98.63937,1.36063
2494,98.63445,1.36555
2493,98.60754,1.39246
2492,98.62078,1.37922
2491,98.66578,1.33422
2490,98.67847,1.32153
2489,98.64408,1.35592
2488,98.6323,1.3677
2487,98.66512,1.33488
2486,98.68581,1.31419
2485,98.65925,1.34075
2484,98.63379,1.36621
2483,98.65561,1.34439
2482,98.68694,1.31306
2481,98.67323,1.32677
2480,98.64007,1.35993
2479,98.64741,1.35259
2478,98.68294,1.31706
2477,98.68402,1.31598
2476,98.6497,1.3503
2475,98.6422,1.3578
2474,98.67559,1.32441
2473,98.69051,1.30949
2472,98.66092,1.33908
2471,98.64072,1.35928
2470,98.6668,1.3332
2469,98.69253,1.30747
2468,98.67178,1.32822
2467,98.64278,1.35722
2466,98.6586,1.3414
2465,98.69073,1.30927
2464,98.68095,1.31905
2463,98.64754,1.35246
2462,98.65179,1.34821
2461,98.68611,1.31389
2460,98.68778,1.31222
2459,98.65405,1.34595
2458,98.64701,1.35299
2457,98.67972,1.32028
2456,98.69199,1.30801
2455,98.66135,1.33865
2454,98.64444,1.35556
2453,98.67251,1.32749
2452,98.69358,1.30642
2451,98.66863,1.33137
2450,98.64395,1.35605
2449,98.66524,1.33476
2448,98.69284,1.30716
2447,98.67543,1.32457
2446,98.64529,1.35471
2445,98.65835,1.34165
2444,98.69012,1.30988
2443,98.68114,1.31886
2442,98.64805,1.35195
2441,98.65251,1.34749
2440,98.68599,1.31401
2439,98.68533,1.31467
2438,98.65147,1.34853
2437,98.64822,1.35178
2436,98.6815,1.3185
2435,98.68784,1.31216
2434,98.65495,1.34505
2433,98.64509,1.35491
2432,98.67676,1.32324
2431,98.68922,1.31078
2430,98.65837,1.34163
2429,98.64285,1.35715
2428,98.67191,1.32809
2427,98.68969,1.31031
2426,98.66183,1.33817
2425,98.64132,1.35868
2424,98.66713,1.33287
2423,98.68935,1.31065
2422,98.66487,1.33513
2421,98.64043,1.35957
2420,98.66276,1.33724
2419,98.68839,1.31161
2418,98.66738,1.33262
2417,98.63999,1.36001
2416,98.65885,1.34115
2415,98.68702,1.31298
2414,98.66934,1.33066
2413,98.63978,1.36022
2412,98.65546,1.34454
2411,98.68542,1.31458
2410,98.67072,1.32928
2409,98.63966,1.36034
2408,98.65256,1.34744
2407,98.68375,1.31625
2406,98.67155,1.32845
2405,98.63945,1.36055
2404,98.6501,1.3499
2403,98.68211,1.31789
2402,98.67184,1.32816
2401,98.63909,1.36091
2400,98.64809,1.35191
2399,98.68064,1.31936
2398,98.67152,1.32848
2397,98.6384,1.3616
2396,98.64677,1.35323
2395,98.67944,1.32056
2394,98.67057,1.32943
2393,98.63739,1.36261
2392,98.64582,1.35418
2391,98.67846,1.32154
2390,98.66915,1.33085
2389,98.63608,1.36392
2388,98.64524,1.35476
2387,98.67764,1.32236
2386,98.66723,1.33277
2385,98.63448,1.36552
2384,98.64504,1.35496
2383,98.67694,1.32306
2382,98.66478,1.33522
2381,98.63264,1.36736
2380,98.64525,1.35475
2379,98.6763,1.3237
2378,98.66176,1.33824
2377,98.63068,1.36932
2376,98.64588,1.35412
2375,98.67558,1.32442
2374,98.65814,1.34186
2373,98.62866,1.37134
2372,98.64697,1.35303
2371,98.67467,1.32533
2370,98.65388,1.34612
2369,98.62675,1.37325
2368,98.64852,1.35148
2367,98.67337,1.32663
2366,98.649,1.351
2365,98.62513,1.37487
2364,98.65047,1.34953
2363,98.67149,1.32851
2362,98.64355,1.35645
2361,98.62402,1.37598
2360,98.65276,1.34724
2359,98.66879,1.33121
2358,98.63766,1.36234
2357,98.62366,1.37634
2356,98.65522,1.34478
2355,98.66506,1.33494
2354,98.63155,1.36845
2353,98.62427,1.37573
2352,98.65757,1.34243
2351,98.66012,1.33988
2350,98.62554,1.37446
2349,98.62605,1.37395
2348,98.65955,1.34045
2347,98.65363,1.34637
2346,98.61988,1.38012
2345,98.62923,1.37077
2344,98.66059,1.33941
2343,98.64571,1.35429
2342,98.61543,1.38457
2341,98.63355,1.36645
2340,98.66002,1.33998
2339,98.63675,1.36325
2338,98.61279,1.38721
2337,98.63861,1.36139
2336,98.6573,1.3427
2335,98.62731,1.37269
2334,98.61246,1.38754
2333,98.64372,1.35628
2332,98.65206,1.34794
2331,98.61825,1.38175
2330,98.61472,1.38528
2329,98.64796,1.35204
2328,98.64427,1.35573
2327,98.61064,1.38936
2326,98.61946,1.38054
2325,98.65025,1.34975
2324,98.63435,1.36565
2323,98.60564,1.39436
2322,98.62608,1.37392
2321,98.64955,1.35045
2320,98.62324,1.37676
2319,98.60421,1.39579
2318,98.6334,1.3666
2317,98.64513,1.35487
2316,98.61243,1.38757
2315,98.60686,1.39314
2314,98.63975,1.36025
2313,98.63693,1.36307
2312,98.60384,1.39616
2311,98.61332,1.38668
2310,98.64326,1.35674
2309,98.62582,1.37418
2308,98.59929,1.40071
2307,98.62224,1.37776
2306,98.6423,1.3577
2305,98.61367,1.38633
2304,98.6001,1.3999
2303,98.63138,1.36862
2302,98.63623,1.36377
2301,98.60315,1.39685
2300,98.60637,1.39363
2299,98.63795,1.36205
2298,98.62574,1.37426
2297,98.59709,1.40291
2296,98.61666,1.38334
2295,98.63944,1.36056
2294,98.61318,1.38682
2293,98.5976,1.4024
2292,98.62795,1.37205
2291,98.63452,1.36548
2290,98.60217,1.39783
2289,98.60506,1.39494
2288,98.6364,1.3636
2287,98.62381,1.37619
2286,98.5965,1.4035
2285,98.61761,1.38239
2284,98.63825,1.36175
2283,98.61078,1.38922
2282,98.59926,1.40074
2281,98.63062,1.36938
2280,98.63211,1.36789
2279,98.60075,1.39925
2278,98.61013,1.38987
2277,98.63871,1.36129
2276,98.62014,1.37986
2275,98.59863,1.40137
2274,98.6252,1.3748
2273,98.63804,1.36196
2272,98.60779,1.39221
2271,98.60652,1.39348
2270,98.63795,1.36205
2269,98.62875,1.37125
2268,98.60175,1.39825
2267,98.62181,1.37819
2266,98.64232,1.35768
2265,98.61578,1.38422
2264,98.60649,1.39351
2263,98.63764,1.36236
2262,98.63621,1.36379
2261,98.60705,1.39295
2260,98.62112,1.37888
2259,98.64604,1.35396
2258,98.6236,1.3764
2257,98.6092,1.3908
2256,98.63882,1.36118
2255,98.64275,1.35725
2254,98.61324,1.38676
2253,98.62305,1.37695
2252,98.65005,1.34995
2251,98.63071,1.36929
2250,98.61368,1.38632
2249,98.64191,1.35809
2248,98.6485,1.3515
2247,98.61934,1.38066
2246,98.62738,1.37262
2245,98.65469,1.34531
2244,98.63639,1.36361
2243,98.61931,1.38069
2242,98.64711,1.35289
2241,98.65338,1.34662
2240,98.62478,1.37522
2239,98.63362,1.36638
2238,98.65993,1.34007
2237,98.64077,1.35923
2236,98.62555,1.37445
2235,98.65374,1.34626
2234,98.65739,1.34261
2233,98.62952,1.37048
2232,98.64124,1.35876
2231,98.66518,1.33482
2230,98.64369,1.35631
2229,98.63228,1.36772
2228,98.66109,1.33891
2227,98.66011,1.33989
2226,98.63374,1.36626
2225,98.64961,1.35039
2224,98.66966,1.33034
2223,98.64546,1.35454
2222,98.63947,1.36053
2221,98.66824,1.33176
2220,98.66101,1.33899
2219,98.63766,1.36234
2218,98.65873,1.34127
2217,98.67208,1.32792
2216,98.64531,1.35469
2215,98.64792,1.35208
2214,98.67438,1.32562
2213,98.65845,1.34155
2212,98.64213,1.35787
2211,98.66812,1.33188
2210,98.67084,1.32916
2209,98.64446,1.35554
2208,98.65743,1.34257
2207,98.67721,1.32279
2206,98.65386,1.34614
2205,98.64815,1.35185
2204,98.67522,1.32478
2203,98.66583,1.33417
2202,98.64478,1.35522
2201,98.66671,1.33329
2200,98.67509,1.32491
2199,98.64851,1.35149
2198,98.65612,1.34388
2197,98.67798,1.32202
2196,98.65712,1.34288
2195,98.64793,1.35207
2194,98.67403,1.32597
2193,98.66679,1.33321
2192,98.64491,1.35509
2191,98.66516,1.33484
2190,98.67366,1.32634
2189,98.64751,1.35249
2188,98.65476,1.34524
2187,98.67528,1.32472
2186,98.65402,1.34598
2185,98.6462,1.3538
2184,98.67123,1.32877
2183,98.66158,1.33842
2182,98.64168,1.35832
2181,98.66288,1.33712
2180,98.66725,1.33275
2179,98.64174,1.35826
2178,98.65269,1.34731
2177,98.66904,1.33096
2176,98.64542,1.35458
2175,98.64323,1.35677
2174,98.66627,1.33373
2173,98.65078,1.34922
2172,98.63641,1.36359
2171,98.65955,1.34045
2170,98.65569,1.34431
2169,98.63316,1.36684
2168,98.65041,1.34959
2167,98.65839,1.34161
2166,98.63326,1.36674
2165,98.64066,1.35934
2164,98.65791,1.34209
2163,98.63577,1.36423
2162,98.63198,1.36802
2161,98.65414,1.34586
2160,98.63929,1.36071
2159,98.62547,1.37453
2158,98.64774,1.35226
2157,98.64232,1.35768
2156,98.62156,1.37844
2155,98.63975,1.36025
2154,98.64404,1.35596
2153,98.62006,1.37994
2152,98.63127,1.36873
2151,98.64391,1.35609
2150,98.62048,1.37952
2149,98.62327,1.37673
2148,98.64179,1.35821
2147,98.62213,1.37787
2146,98.61648,1.38352
2145,98.63792,1.36208
2144,98.62428,1.37572
2143,98.61131,1.38869
2142,98.63274,1.36726
2141,98.62631,1.37369
2140,98.60793,1.39207
2139,98.62684,1.37316
2138,98.62778,1.37222
2137,98.6062,1.3938
2136,98.62078,1.37922
2135,98.62846,1.37154
2134,98.60591,1.39409
2133,98.61506,1.38494
2132,98.62827,1.37173
2131,98.60672,1.39328
2130,98.61007,1.38993
2129,98.62732,1.37268
2128,98.60831,1.39169
2127,98.60603,1.39397
2126,98.6258,1.3742
2125,98.6104,1.3896
2124,98.60307,1.39693
2123,98.62393,1.37607
2122,98.61273,1.38727
2121,98.60122,1.39878
2120,98.62195,1.37805
2119,98.61053,1.38947
2118,98.60255,1.39745
2117,98.62096,1.37904
2116,98.60086,1.39914
2115,98.60767,1.39233
2114,98.6148,1.3852
2113,98.5963,1.4037
2112,98.61221,1.38779
2111,98.60587,1.39413
2110,98.59753,1.40247
2109,98.61339,1.38661
2108,98.60574,1.39426
2107,98.59799,1.40201
2106,98.61389,1.38611
2105,98.61005,1.38995
2104,98.59945,1.40055
2103,98.61441,1.38559
2102,98.61437,1.38563
2101,98.60178,1.39822
2100,98.61507,1.38493
2099,98.61864,1.38136
2098,98.6049,1.3951
2097,98.61594,1.38406
2096,98.62283,1.37717
2095,98.60863,1.39137
2094,98.61711,1.38289
2093,98.62679,1.37321
2092,98.6128,1.3872
2091,98.61863,1.38137
2090,98.63054,1.36946
2089,98.6172,1.3828
2088,98.62054,1.37946
2087,98.63402,1.36598
2086,98.62163,1.37837
2085,98.62274,1.37726
2084,98.63732,1.36268
2083,98.62601,1.37399
2082,98.62518,1.37482
2081,98.64046,1.35954
2080,98.63026,1.36974
2079,98.62773,1.37227
2078,98.64342,1.35658
2077,98.63427,1.36573
2076,98.63033,1.36967
2075,98.6462,1.3538
2074,98.63795,1.36205
2073,98.63287,1.36713
2072,98.64877,1.35123
2071,98.64123,1.35877
2070,98.63527,1.36473
2069,98.65108,1.34892
2068,98.64405,1.35595
2067,98.63747,1.36253
2066,98.65311,1.34689
2065,98.64636,1.35364
2064,98.63938,1.36062
2063,98.65484,1.34516
2062,98.6481,1.3519
2061,98.64095,1.35905
2060,98.6562,1.3438
2059,98.64923,1.35077
2058,98.64211,1.35789
2057,98.65716,1.34284
2056,98.64972,1.35028
2055,98.64285,1.35715
2054,98.65766,1.34234
2053,98.64952,1.35048
2052,98.64315,1.35685
2051,98.65768,1.34232
2050,98.64863,1.35137
2049,98.64301,1.35699
2048,98.65717,1.34283
2047,98.64704,1.35296
2046,98.64246,1.35754
2045,98.65607,1.34393
2044,98.64476,1.35524
2043,98.6415,1.3585
2042,98.65438,1.34562
2041,98.64182,1.35818
2040,98.64018,1.35982
2039,98.65202,1.34798
2038,98.63829,1.36171
2037,98.63855,1.36145
2036,98.64899,1.35101
2035,98.63423,1.36577
2034,98.63663,1.36337
2033,98.64523,1.35477
2032,98.62977,1.37023
2031,98.63446,1.36554
2030,98.64075,1.35925
2029,98.62502,1.37498
2028,98.63211,1.36789
2027,98.63545,1.36455
2026,98.62019,1.37981
2025,98.62952,1.37048
2024,98.62945,1.37055
2023,98.61547,1.38453
2022,98.62659,1.37341
2021,98.62283,1.37717
2020,98.61107,1.38893
2019,98.62323,1.37677
2018,98.61584,1.38416
2017,98.60708,1.39292
2016,98.61936,1.38064
2015,98.60865,1.39135
2014,98.60365,1.39635
2013,98.61491,1.38509
2012,98.60152,1.39848
2011,98.60081,1.39919
2010,98.60983,1.39017
2009,98.59478,1.40522
2008,98.59858,1.40142
2007,98.60397,1.39603
2006,98.5888,1.4112
2005,98.59676,1.40324
2004,98.59751,1.40249
2003,98.58404,1.41596
2002,98.59505,1.40495
2001,98.59068,1.40932
2000,98.58078,1.41922
1999,98.59307,1.40693
1998,98.584,1.416
1997,98.5791,1.4209
1996,98.59055,1.40945
1995,98.578,1.422
1994,98.57889,1.42111
1993,98.5873,1.4127
1992,98.57325,1.42675
1991,98.5798,1.4202
1990,98.58331,1.41669
1989,98.57034,1.42966
1988,98.58129,1.41871
1987,98.57877,1.42123
1986,98.56975,1.43025
1985,98.58261,1.41739
1984,98.5744,1.4256
1983,98.57154,1.42846
1982,98.58307,1.41693
1981,98.57114,1.42886
1980,98.57531,1.42469
1979,98.58234,1.41766
1978,98.56997,1.43003
1977,98.58015,1.41985
1976,98.58062,1.41938
1975,98.5716,1.4284
1974,98.5849,1.4151
1973,98.57871,1.42129
1972,98.57619,1.42381
1971,98.58847,1.41153
1970,98.57787,1.42213
1969,98.58307,1.41693
1968,98.5903,1.4097
1967,98.5794,1.4206
1966,98.59089,1.40911
1965,98.59072,1.40928
1964,98.58416,1.41584
1963,98.59798,1.40202
1962,98.59093,1.40907
1961,98.592,1.408
1960,98.60299,1.39701
1959,98.59267,1.40733
1958,98.60163,1.39837
1957,98.6056,1.3944
1956,98.59742,1.40258
1955,98.61095,1.38905
1954,98.60686,1.39314
1953,98.60561,1.39439
1952,98.618,1.382
1951,98.6088,1.3912
1950,98.61607,1.38393
1949,98.62184,1.37816
1948,98.6134,1.3866
1947,98.62632,1.37368
1946,98.62331,1.37669
1945,98.62157,1.37843
1944,98.63379,1.36621
1943,98.62497,1.37503
1942,98.63211,1.36789
1941,98.63732,1.36268
1940,98.6294,1.3706
1939,98.64204,1.35796
1938,98.63819,1.36181
1937,98.63746,1.36254
1936,98.64844,1.35156
1935,98.63936,1.36064
1934,98.64738,1.35262
1933,98.65041,1.34959
1932,98.64353,1.35647
1931,98.65575,1.34425
1930,98.6498,1.3502
1929,98.65118,1.34882
1928,98.65953,1.34047
1927,98.65015,1.34985
1926,98.6597,1.3403
1925,98.65858,1.34142
1924,98.65423,1.34577
1923,98.66491,1.33509
1922,98.65617,1.34383
1921,98.66115,1.33885
1920,98.66454,1.33546
1919,98.65643,1.34357
1918,98.66678,1.33322
1917,98.66047,1.33953
1916,98.66063,1.33937
1915,98.66713,1.33287
1914,98.65733,1.34267
1913,98.6656,1.3344
1912,98.66222,1.33778
1911,98.65837,1.34163
1910,98.66638,1.33362
1909,98.65643,1.34357
1908,98.6619,1.3381
1907,98.66113,1.33887
1906,98.6544,1.3456
1905,98.66268,1.33732
1904,98.6534,1.3466
1903,98.65615,1.34385
1902,98.65727,1.34273
1901,98.64878,1.35122
1900,98.65657,1.34343
1899,98.64822,1.35178
1898,98.64877,1.35123
1897,98.65107,1.34893
1896,98.64163,1.35837
1895,98.64868,1.35132
1894,98.64118,1.35882
1893,98.64021,1.35979
1892,98.64308,1.35692
1891,98.6333,1.3667
1890,98.63967,1.36033
1889,98.63274,1.36726
1888,98.631,1.369
1887,98.63401,1.36599
1886,98.62428,1.37572
1885,98.63023,1.36977
1884,98.62357,1.37643
1883,98.62176,1.37824
1882,98.62457,1.37543
1881,98.61522,1.38478
1880,98.62104,1.37896
1879,98.61435,1.38565
1878,98.61315,1.38685
1877,98.61547,1.38453
1876,98.60683,1.39317
1875,98.61277,1.38723
1874,98.60585,1.39415
1873,98.60587,1.39413
1872,98.60738,1.39262
1871,98.59988,1.40012
1870,98.606,1.394
1869,98.59879,1.40121
1868,98.60054,1.39946
1867,98.60081,1.39919
1866,98.59509,1.40491
1865,98.60111,1.39889
1864,98.59381,1.40619
1863,98.59762,1.40238
1862,98.59628,1.40372
1861,98.59307,1.40693
1860,98.59842,1.40158
1859,98.59165,1.40835
1858,98.59731,1.40269
1857,98.59436,1.40564
1856,98.59416,1.40584
1855,98.59818,1.40182
1854,98.59281,1.40719
1853,98.59962,1.40038
1852,98.59539,1.40461
1851,98.59842,1.40158
1850,98.60032,1.39968
1849,98.59746,1.40254
1848,98.60421,1.39579
1847,98.59958,1.40042
1846,98.60547,1.39453
1845,98.60477,1.39523
1844,98.60551,1.39449
1843,98.61056,1.38944
1842,98.60712,1.39288
1841,98.61446,1.38554
1840,98.61174,1.38826
1839,98.61623,1.38377
1838,98.61828,1.38172
1837,98.61781,1.38219
1836,98.62431,1.37569
1835,98.62134,1.37866
1834,98.6283,1.3717
1833,98.62728,1.37272
1832,98.6307,1.3693
1831,98.63421,1.36579
1830,98.63334,1.36666
1829,98.64013,1.35987
1828,98.63774,1.36226
1827,98.64408,1.35592
1826,98.64391,1.35609
1825,98.64672,1.35328
1824,98.65048,1.34952
1823,98.64957,1.35043
1822,98.65587,1.34413
1821,98.65373,1.34627
1820,98.65939,1.34061
1819,98.65911,1.34089
1818,98.66162,1.33838
1817,98.66457,1.33543
1816,98.66375,1.33625
1815,98.6689,1.3311
1814,98.66664,1.33336
1813,98.67152,1.32848
1812,98.67032,1.32968
1811,98.67274,1.32726
1810,98.67403,1.32597
1809,98.67344,1.32656
1808,98.67686,1.32314
1807,98.67436,1.32564
1806,98.67815,1.32185
1805,98.67574,1.32426
1804,98.67795,1.32205
1803,98.67719,1.32281
1802,98.67682,1.32318
1801,98.67798,1.32202
1800,98.67542,1.32458
1799,98.67754,1.32246
1798,98.6741,1.3259
1797,98.67571,1.32429
1796,98.67284,1.32716
1795,98.67275,1.32725
1794,98.67126,1.32874
1793,98.66913,1.33087
1792,98.66893,1.33107
1791,98.66528,1.33472
1790,98.66557,1.33443
1789,98.66141,1.33859
1788,98.66116,1.33884
1787,98.65747,1.34253
1786,98.65597,1.34403
1785,98.65326,1.34674
1784,98.65033,1.34967
1783,98.64853,1.35147
1782,98.64455,1.35545
1781,98.64318,1.35682
1780,98.63879,1.36121
1779,98.63726,1.36274
1778,98.63309,1.36691
1777,98.63094,1.36906
1776,98.62738,1.37262
1775,98.62446,1.37554
1774,98.62156,1.37844
1773,98.61806,1.38194
1772,98.61562,1.38438
1771,98.61186,1.38814
1770,98.60961,1.39039
1769,98.60596,1.39404
1768,98.60367,1.39633
1767,98.60037,1.39963
1766,98.59795,1.40205
1765,98.59511,1.40489
1764,98.59261,1.40739
1763,98.59016,1.40984
1762,98.58778,1.41222
1761,98.58562,1.41438
1760,98.58351,1.41649
1759,98.58154,1.41846
1758,98.57988,1.42012
1757,98.57806,1.42194
1756,98.57686,1.42314
1755,98.57528,1.42472
1754,98.57448,1.42552
1753,98.57326,1.42674
1752,98.57275,1.42725
1751,98.57207,1.42793
1750,98.57169,1.42831
1749,98.57169,1.42831
1748,98.57134,1.42866
1747,98.5721,1.4279
1746,98.57177,1.42823
1745,98.5733,1.4267
1744,98.57302,1.42698
1743,98.57523,1.42477
1742,98.57512,1.42488
1741,98.57785,1.42215
1740,98.57806,1.42194
1739,98.58111,1.41889
1738,98.58183,1.41817
1737,98.58497,1.41503
1736,98.58634,1.41366
1735,98.58936,1.41064
1734,98.59154,1.40846
1733,98.59427,1.40573
1732,98.5973,1.4027
1731,98.59962,1.40038
1730,98.60352,1.39648
1729,98.60536,1.39464
1728,98.61005,1.38995
1727,98.61142,1.38858
1726,98.61681,1.38319
1725,98.61773,1.38227
1724,98.62364,1.37636
1723,98.62421,1.37579
1722,98.63044,1.36956
1721,98.63073,1.36927
1720,98.63709,1.36291
1719,98.63722,1.36278
1718,98.64351,1.35649
1717,98.64355,1.35645
1716,98.64957,1.35043
1715,98.64958,1.35042
1714,98.65517,1.34483
1713,98.6552,1.3448
1712,98.66022,1.33978
1711,98.6603,1.3397
1710,98.66465,1.33535
1709,98.66476,1.33524
1708,98.66835,1.33165
1707,98.66846,1.33154
1706,98.67129,1.32871
1705,98.67136,1.32864
1704,98.6734,1.3266
1703,98.6734,1.3266
1702,98.67466,1.32534
1701,98.67453,1.32547
1700,98.67503,1.32497
1699,98.67471,1.32529
1698,98.67448,1.32552
1697,98.67394,1.32606
1696,98.67307,1.32693
1695,98.67223,1.32777
1694,98.67077,1.32923
1693,98.6696,1.3304
1692,98.66765,1.33235
1691,98.66609,1.33391
1690,98.66376,1.33624
1689,98.66178,1.33822
1688,98.65919,1.34081
1687,98.65673,1.34327
1686,98.65403,1.34597
1685,98.65103,1.34897
1684,98.64838,1.35162
1683,98.6448,1.3552
1682,98.64235,1.35765
1681,98.63814,1.36186
1680,98.63609,1.36391
1679,98.6312,1.3688
1678,98.62972,1.37028
1677,98.62413,1.37587
1676,98.6234,1.3766
1675,98.61707,1.38293
1674,98.61726,1.38274
1673,98.61018,1.38982
1672,98.61143,1.38857
1671,98.60365,1.39635
1670,98.60606,1.39394
1669,98.59762,1.40238
1668,98.60124,1.39876
1667,98.59229,1.40771
1666,98.59708,1.40292
1665,98.58781,1.41219
1664,98.59363,1.40637
1663,98.58438,1.41562
1662,98.59096,1.40904
1661,98.58213,1.41787
1660,98.58911,1.41089
1659,98.58119,1.41881
1658,98.58806,1.41194
1657,98.58168,1.41832
1656,98.58784,1.41216
1655,98.58367,1.41633
1654,98.58852,1.41148
1653,98.58713,1.41287
1652,98.59012,1.40988
1651,98.59198,1.40802
1650,98.59272,1.40728
1649,98.59806,1.40194
1648,98.59643,1.40357
1647,98.60513,1.39487
1646,98.60137,1.39863
1645,98.61285,1.38715
1644,98.60767,1.39233
1643,98.62091,1.37909
1642,98.61542,1.38458
1641,98.62898,1.37102
1640,98.62461,1.37539
1639,98.63683,1.36317
1638,98.63512,1.36488
1637,98.64435,1.35565
1636,98.64659,1.35341
1635,98.65161,1.34839
1634,98.65847,1.34153
1633,98.65883,1.34117
1632,98.67007,1.32993
1631,98.66635,1.33365
1630,98.68065,1.31935
1629,98.67447,1.32553
1628,98.68948,1.31052
1627,98.6834,1.3166
1626,98.69612,1.30388
1625,98.69299,1.30701
1624,98.7006,1.2994
1623,98.70264,1.29736
1622,98.70344,1.29656
1621,98.71131,1.28869
1620,98.70552,1.29448
1619,98.71777,1.28223
1618,98.7078,1.2922
1617,98.72098,1.27902
1616,98.71088,1.28912
1615,98.72053,1.27947
1614,98.71461,1.28539
1613,98.71691,1.28309
1612,98.71799,1.28201
1611,98.71153,1.28847
1610,98.71937,1.28063
1609,98.70619,1.29381
1608,98.71713,1.28287
1607,98.70232,1.29768
1606,98.7105,1.2895
1605,98.70021,1.29979
1604,98.70021,1.29979
1603,98.69862,1.30138
1602,98.68849,1.31151
1601,98.69525,1.30475
1600,98.67813,1.32187
1599,98.68792,1.31208
1598,98.67109,1.32891
1597,98.67608,1.32392
1596,98.66721,1.33279
1595,98.66161,1.33839
1594,98.66401,1.33599
1593,98.64818,1.35182
1592,98.65813,1.34187
1591,98.63924,1.36076
1590,98.64763,1.35237
1589,98.63577,1.36423
1588,98.63374,1.36626
1587,98.63514,1.36486
1586,98.62099,1.37901
1585,98.63265,1.36735
1584,98.61423,1.38577
1583,98.62511,1.37489
1582,98.61482,1.38518
1581,98.61404,1.38596
1580,98.61906,1.38094
1579,98.60517,1.39483
1578,98.62065,1.37935
1577,98.60421,1.39579
1576,98.61612,1.38388
1575,98.6115,1.3885
1574,98.60857,1.39143
1573,98.62086,1.37914
1572,98.60569,1.39431
1571,98.6246,1.3754
1570,98.61272,1.38728
1569,98.62104,1.37896
1568,98.62643,1.37357
1567,98.61709,1.38291
1566,98.6371,1.3629
1565,98.62179,1.37821
1564,98.63806,1.36194
1563,98.63624,1.36376
1562,98.63345,1.36655
1561,98.65084,1.34916
1560,98.6346,1.3654
1559,98.65482,1.34518
1558,98.64708,1.35292
1557,98.64878,1.35122
1556,98.66246,1.33754
1555,98.64559,1.35441
1554,98.66668,1.33332
1553,98.65462,1.34538
1552,98.65776,1.34224
1551,98.66833,1.33167
1550,98.64986,1.35014
1549,98.67023,1.32977
1548,98.65519,1.34481
1547,98.65695,1.34305
1546,98.66608,1.33392
1545,98.64479,1.35521
1544,98.66376,1.33624
1543,98.64769,1.35231
1542,98.64559,1.35441
1541,98.65579,1.34421
1540,98.63128,1.36872
1539,98.64834,1.35166
1538,98.63464,1.36536
1537,98.62632,1.37368
1536,98.64065,1.35935
1535,98.61435,1.38565
1534,98.62796,1.37204
1533,98.62193,1.37807
1532,98.60609,1.39391
1531,98.62607,1.37393
1530,98.60284,1.39716
1529,98.61,1.39
1528,98.61691,1.38309
1527,98.5953,1.4047
1526,98.61876,1.38124
1525,98.60638,1.39362
1524,98.60394,1.39606
1523,98.62591,1.37409
1522,98.60484,1.39516
1521,98.62486,1.37514
1520,98.63184,1.36816
1519,98.61913,1.38087
1518,98.65102,1.34898
1517,98.64241,1.35759
1516,98.64899,1.35101
1515,98.67806,1.32194
1514,98.66301,1.33699
1513,98.68916,1.31084
1512,98.70518,1.29482
1511,98.69545,1.30455
1510,98.73285,1.26715
1509,98.73351,1.26649
1508,98.73691,1.26309
1507,98.77418,1.22582
1506,98.76364,1.23636
1505,98.78146,1.21854
1504,98.80936,1.19064
1503,98.79398,1.20602
1502,98.82239,1.17761
1501,98.83569,1.16431
1500,98.82114,1.17886
1499,98.85375,1.14625
1498,98.8513,1.1487
1497,98.84103,1.15897
1496,98.87138,1.12862
1495,98.85498,1.14502
1494,98.85008,1.14992
1493,98.8735,1.1265
1492,98.84648,1.15352
1491,98.84653,1.15347
1490,98.86073,1.13927
1489,98.82678,1.17322
1488,98.83073,1.16927
1487,98.83555,1.16445
1486,98.79787,1.20213
1485,98.80449,1.19551
1484,98.80091,1.19909
1483,98.76128,1.23872
1482,98.76878,1.23122
1481,98.75728,1.24272
1480,98.71481,1.28519
1479,98.71924,1.28076
1478,98.69757,1.30243
1477,98.6463,1.3537
1476,98.63883,1.36117
1475,98.59846,1.40154
1474,98.52429,1.47571
1473,98.48708,1.51292
1472,98.4082,1.5918
1471,98.28401,1.71599
1470,98.18429,1.81571
1469,98.03024,1.96976
1468,97.81019,2.18981
1467,97.59415,2.40585
1466,97.30593,2.69407
1465,96.92108,3.07892
1464,96.51053,3.48947
1463,96.00575,3.99425
1462,95.36688,4.63312
1461,94.66584,5.33416
1460,93.8503,6.1497
1459,92.86547,7.13453
1458,91.78474,8.21526
1457,90.58331,9.41669
1456,89.20134,10.79866
1455,87.70976,12.29024
1454,86.121,13.879
1453,84.37946,15.62054
1452,82.54802,17.45198
1451,80.67615,19.32385
1450,78.7203,21.2797
1449,76.72279,23.27721
1448,74.75668,25.24332
1447,72.79362,27.20638
1446,70.84379,29.15621
1445,68.98208,31.01792
1444,67.19693,32.80307
1443,65.46395,34.53605
1442,63.84119,36.15881
1441,62.337,37.663
1440,60.90374,39.09626
1439,59.56911,40.43089
1438,58.36341,41.63659
1437,57.2363,42.7637
1436,56.18104,43.81896
1435,55.24041,44.75959
1434,54.38334,45.61666
1433,53.57135,46.42865
1432,52.84296,47.15704
1431,52.20121,47.79879
1430,51.59236,48.40764
1429,51.0289,48.9711
1428,50.54634,49.45366
1427,50.1028,49.8972
1426,49.67363,50.32637
1425,49.30373,50.69627
1424,48.98801,51.01199
1423,48.67582,51.32418
1422,48.38821,51.61179
1421,48.16045,51.83955
1420,47.95003,52.04997
1419,47.73311,52.26689
1418,47.55691,52.44309
1417,47.42139,52.57861
1416,47.27333,52.72667
1415,47.12675,52.87325
1414,47.02466,52.97534
1413,46.93172,53.06828
1412,46.80927,53.19073
1411,46.69821,53.30179
1410,46.6171,53.3829
1409,46.51024,53.48976
1408,46.36497,53.63503
1407,46.23017,53.76983
1406,46.09532,53.90468
1405,45.90132,54.09868
1404,45.65887,54.34113
1403,45.41121,54.58879
1402,45.12473,54.87527
1401,44.74786,55.25214
1400,44.30811,55.69189
1399,43.83717,56.16283
1398,43.28984,56.71016
1397,42.62871,57.37129
1396,41.89161,58.10839
1395,41.10163,58.89837
1394,40.21496,59.78504
1393,39.21125,60.78875
1392,38.13407,61.86593
1391,37.00418,62.99582
1390,35.78963,64.21037
1389,34.48348,65.51652
1388,33.13132,66.86868
1387,31.75545,68.24455
1386,30.3384,69.6616
1385,28.88238,71.11762
1384,27.42438,72.57562
1383,25.98608,74.01392
1382,24.55916,75.44084
1381,23.14479,76.85521
1380,21.76722,78.23278
1379,20.44243,79.55757
1378,19.16633,80.83367
1377,17.93557,82.06443
1376,16.76107,83.23893
1375,15.65267,84.34733
1374,14.60708,85.39292
1373,13.61792,86.38208
1372,12.68669,87.31331
1371,11.81756,88.18244
1370,11.00829,88.99171
1369,10.2517,89.7483
1368,9.5454,90.4546
1367,8.88974,91.11026
1366,8.28328,91.71672
1365,7.72126,92.27874
1364,7.19928,92.80072
1363,6.71552,93.28448
1362,6.26882,93.73118
1361,5.85638,94.14362
1360,5.47452,94.52548
1359,5.12053,94.87947
1358,4.79321,95.20679
1357,4.49106,95.50894
1356,4.21173,95.78827
1355,3.95289,96.04711
1354,3.71295,96.28705
1353,3.49089,96.50911
1352,3.28548,96.71452
1351,3.09513,96.90487
1350,2.91836,97.08164
1349,2.75395,97.24605
1348,2.60142,97.39858
1347,2.45994,97.54006
1346,2.32847,97.67153
1345,2.20607,97.79393
1344,2.09209,97.90791
1343,1.98604,98.01396
1342,1.88735,98.11265
1341,1.79538,98.20462
1340,1.70953,98.29047
1339,1.62932,98.37068
1338,1.55446,98.44554
1337,1.48459,98.51541
1336,1.41931,98.58069
1335,1.35823,98.64177
1334,1.30104,98.69896
1333,1.24749,98.75251
1332,1.19738,98.80262
1331,1.15048,98.84952
1330,1.10652,98.89348
1329,1.06613,98.93387
1328,1.02819,98.97181
1327,0.99257,99.00743
1326,0.95916,99.04084
1325,0.9278,99.0722
1324,0.89833,99.10167
1323,0.87063,99.12937
1322,0.8446,99.1554
1321,0.82017,99.17983
1320,0.79726,99.20274
1319,0.77553,99.22447
1318,0.75514,99.24486
1317,0.73603,99.26397
1316,0.71812,99.28188
1315,0.70137,99.29863
1314,0.68573,99.31427
1313,0.67114,99.32886
1312,0.65755,99.34245
1311,0.64491,99.35509
1310,0.63316,99.36684
1309,0.62228,99.37772
1308,0.61225,99.38775
1307,0.60306,99.39694
1306,0.59466,99.40534
1305,0.58703,99.41297
1304,0.58015,99.41985
1303,0.57399,99.42601
1302,0.56856,99.43144
1301,0.56385,99.43615
1300,0.55987,99.44013
1299,0.55659,99.44341
1298,0.55402,99.44598
1297,0.55215,99.44785
1296,0.55099,99.44901
1295,0.55057,99.44943
1294,0.5509,99.4491
1293,0.55201,99.44799
1292,0.55392,99.44608
1291,0.55666,99.44334
1290,0.56027,99.43973
1289,0.56479,99.43521
1288,0.57028,99.42972
1287,0.57679,99.42321
1286,0.5844,99.4156
1285,0.59318,99.40682
1284,0.60321,99.39679
1283,0.61457,99.38543
1282,0.62732,99.37268
1281,0.64152,99.35848
1280,0.6572,99.3428
1279,0.67436,99.32564
1278,0.69291,99.30709
1277,0.71268,99.28732
1276,0.73337,99.26663
1275,0.75453,99.24547
1274,0.77558,99.22442
1273,0.79584,99.20416
1272,0.81465,99.18535
1271,0.83148,99.16852
1270,0.84608,99.15392
1269,0.85854,99.14146
1268,0.86922,99.13078
1267,0.87873,99.12127
1266,0.88777,99.11223
1265,0.897,99.103
1264,0.90696,99.09304
1263,0.91802,99.08198
1262,0.9304,99.0696
1261,0.9442,99.0558
1260,0.95937,99.04063
1259,0.97583,99.02417
1258,0.99337,99.00663
1257,1.01176,98.98824
1256,1.03073,98.96927
1255,1.04996,98.95004
1254,1.06913,98.93087
1253,1.08787,98.91213
1252,1.10579,98.89421
1251,1.12252,98.87748
1250,1.13766,98.86234
1249,1.15084,98.84916
1248,1.16172,98.83828
1247,1.17001,98.82999
1246,1.17545,98.82455
1245,1.17787,98.82213
1244,1.17717,98.82283
1243,1.17333,98.82667
1242,1.1664,98.8336
1241,1.15652,98.84348
1240,1.14389,98.85611
1239,1.12873,98.87127
1238,1.11136,98.88864
1237,1.0921,98.9079
1236,1.07129,98.92871
1235,1.04928,98.95072
1234,1.02639,98.97361
1233,1.00295,98.99705
1232,0.97926,99.02074
1231,0.95559,99.04441
1230,0.93217,99.06783
1229,0.9092,99.0908
1228,0.88687,99.11313
1227,0.86534,99.13466
1226,0.84473,99.15527
1225,0.82514,99.17486
1224,0.80665,99.19335
1223,0.78932,99.21068
1222,0.77318,99.22682
1221,0.75826,99.24174
1220,0.74457,99.25543
1219,0.7321,99.2679
1218,0.72085,99.27915
1217,0.71076,99.28924
1216,0.7018,99.2982
1215,0.69389,99.30611
1214,0.68692,99.31308
1213,0.6808,99.3192
1212,0.67538,99.32462
1211,0.67052,99.32948
1210,0.66608,99.33392
1209,0.66193,99.33807
1208,0.658,99.342
1207,0.65424,99.34576
1206,0.65068,99.34932
1205,0.64738,99.35262
1204,0.64448,99.35552
1203,0.64208,99.35792
1202,0.64033,99.35967
1201,0.63934,99.36066
1200,0.63919,99.36081
1199,0.63993,99.36007
1198,0.6416,99.3584
1197,0.64419,99.35581
1196,0.64768,99.35232
1195,0.65204,99.34796
1194,0.6572,99.3428
1193,0.66309,99.33691
1192,0.66964,99.33036
1191,0.67674,99.32326
1190,0.6843,99.3157
1189,0.6922,99.3078
1188,0.70031,99.29969
1187,0.70848,99.29152
1186,0.71656,99.28344
1185,0.7244,99.2756
1184,0.73182,99.26818
1183,0.73864,99.26136
1182,0.74469,99.25531
1181,0.74979,99.25021
1180,0.75377,99.24623
1179,0.7565,99.2435
1178,0.75784,99.24216
1177,0.75767,99.24233
1176,0.75592,99.24408
1175,0.75258,99.24742
1174,0.74764,99.25236
1173,0.74115,99.25885
1172,0.7332,99.2668
1171,0.72389,99.27611
1170,0.71337,99.28663
1169,0.70173,99.29827
1168,0.68921,99.31079
1167,0.67599,99.32401
1166,0.66224,99.33776
1165,0.64814,99.35186
1164,0.63385,99.36615
1163,0.61952,99.38048
1162,0.60529,99.39471
1161,0.59129,99.40871
1160,0.57763,99.42237
1159,0.56441,99.43559
1158,0.5517,99.4483
1157,0.53958,99.46042
1156,0.5281,99.4719
1155,0.51729,99.48271
1154,0.50719,99.49281
1153,0.49782,99.50218
1152,0.48918,99.51082
1151,0.48127,99.51873
1150,0.47408,99.52592
1149,0.46761,99.53239
1148,0.46184,99.53816
1147,0.45679,99.54321
1146,0.45244,99.54756
1145,0.44881,99.55119
1144,0.4459,99.5541
1143,0.44375,99.55625
1142,0.44236,99.55764
1141,0.44177,99.55823
1140,0.442,99.558
1139,0.44308,99.55692
1138,0.44501,99.55499
1137,0.44782,99.55218
1136,0.45152,99.54848
1135,0.45612,99.54388
1134,0.46166,99.53834
1133,0.46816,99.53184
1132,0.47563,99.52437
1131,0.48412,99.51588
1130,0.49362,99.50638
1129,0.50415,99.49585
1128,0.5157,99.4843
1127,0.52827,99.47173
1126,0.54183,99.45817
1125,0.55638,99.44362
1124,0.57189,99.42811
1123,0.58831,99.41169
1122,0.60558,99.39442
1121,0.62358,99.37642
1120,0.64216,99.35784
1119,0.66113,99.33887
1118,0.68026,99.31974
1117,0.69932,99.30068
1116,0.71806,99.28194
1115,0.73622,99.26378
1114,0.75345,99.24655
1113,0.76941,99.23059
1112,0.78371,99.21629
1111,0.79603,99.20397
1110,0.8061,99.1939
1109,0.81378,99.18622
1108,0.81894,99.18106
1107,0.8215,99.1785
1106,0.82143,99.17857
1105,0.81878,99.18122
1104,0.81373,99.18627
1103,0.8066,99.1934
1102,0.79772,99.20228
1101,0.7874,99.2126
1100,0.7759,99.2241
1099,0.76351,99.23649
1098,0.75059,99.24941
1097,0.73752,99.26248
1096,0.72461,99.27539
1095,0.71206,99.28794
1094,0.70004,99.29996
1093,0.68871,99.31129
1092,0.67829,99.32171
1091,0.66896,99.33104
1090,0.6608,99.3392
1089,0.65384,99.34616
1088,0.64815,99.35185
1087,0.64384,99.35616
1086,0.64102,99.35898
1085,0.63974,99.36026
1084,0.63999,99.36001
1083,0.6418,99.3582
1082,0.64528,99.35472
1081,0.65051,99.34949
1080,0.65754,99.34246
1079,0.66634,99.33366
1078,0.67699,99.32301
1077,0.6896,99.3104
1076,0.70423,99.29577
1075,0.72088,99.27912
1074,0.7395,99.2605
1073,0.76014,99.23986
1072,0.78283,99.21717
1071,0.80744,99.19256
1070,0.8337,99.1663
1069,0.86144,99.13856
1068,0.89039,99.10961
1067,0.92006,99.07994
1066,0.94975,99.05025
1065,0.97874,99.02126
1064,1.00631,98.99369
1063,1.03146,98.96854
1062,1.05299,98.94701
1061,1.06996,98.93004
1060,1.08158,98.91842
1059,1.08697,98.91303
1058,1.08555,98.91445
1057,1.07728,98.92272
1056,1.06244,98.93756
1055,1.04139,98.95861
1054,1.01488,98.98512
1053,0.98403,99.01597
1052,0.94992,99.05008
1051,0.91351,99.08649
1050,0.87587,99.12413
1049,0.83794,99.16206
1048,0.80045,99.19955
1047,0.76397,99.23603
1046,0.72903,99.27097
1045,0.69593,99.30407
1044,0.6648,99.3352
1043,0.63579,99.36421
1042,0.60897,99.39103
1041,0.58424,99.41576
1040,0.56155,99.43845
1039,0.54083,99.45917
1038,0.52195,99.47805
1037,0.50478,99.49522
1036,0.4892,99.5108
1035,0.47508,99.52492
1034,0.46225,99.53775
1033,0.45061,99.54939
1032,0.43999,99.56001
1031,0.43026,99.56974
1030,0.42129,99.57871
1029,0.41293,99.58707
1028,0.40503,99.59497
1027,0.39749,99.60251
1026,0.39016,99.60984
1025,0.3829,99.6171
1024,0.37562,99.62438
1023,0.36819,99.63181
1022,0.36052,99.63948
1021,0.35255,99.64745
1020,0.3442,99.6558
1019,0.33545,99.66455
1018,0.32631,99.67369
1017,0.3168,99.6832
1016,0.30699,99.69301
1015,0.29695,99.70305
1014,0.28678,99.71322
1013,0.27662,99.72338
1012,0.26657,99.73343
1011,0.25676,99.74324
1010,0.24725,99.75275
1009,0.23804,99.76196
1008,0.22902,99.77098
1007,0.21997,99.78003
1006,0.21066,99.78934
1005,0.20101,99.79899
1004,0.19117,99.80883
1003,0.18146,99.81854
1002,0.1722,99.8278
1001,0.16358,99.83642
1000,0.15572,99.84428
999,0.14859,99.85141
998,0.1422,99.8578
997,0.13648,99.86352
996,0.13139,99.86861
995,0.12688,99.87312
994,0.12291,99.87709
993,0.11945,99.88055
992,0.11645,99.88355
991,0.11391,99.88609
990,0.11181,99.88819
989,0.11011,99.88989
988,0.10882,99.89118
987,0.10794,99.89206
986,0.10745,99.89255
985,0.10737,99.89263
984,0.1077,99.8923
983,0.10846,99.89154
982,0.10967,99.89033
981,0.11134,99.88866
980,0.11352,99.88648
979,0.11625,99.88375
978,0.11958,99.88042
977,0.12358,99.87642
976,0.12832,99.87168
975,0.13391,99.86609
974,0.14045,99.85955
973,0.14809,99.85191
972,0.15699,99.84301
971,0.16738,99.83262
970,0.17949,99.82051
969,0.19365,99.80635
968,0.21023,99.78977
967,0.22967,99.77033
966,0.25252,99.74748
965,0.27942,99.72058
964,0.31113,99.68887
963,0.34849,99.65151
962,0.39239,99.60761
961,0.44366,99.55634
960,0.50286,99.49714
959,0.56994,99.43006
958,0.64364,99.35636
957,0.7209,99.2791
956,0.79627,99.20373
955,0.8621,99.1379
954,0.90978,99.09022
953,0.9323,99.0677
952,0.92687,99.07313
951,0.89606,99.10394
950,0.84654,99.15346
949,0.78652,99.21348
948,0.72362,99.27638
947,0.66365,99.33635
946,0.6107,99.3893
945,0.56774,99.43226
944,0.53699,99.46301
943,0.51719,99.48281
942,0.49669,99.50331
941,0.46115,99.53885
940,0.41793,99.58207
939,0.38036,99.61964
938,0.3515,99.6485
937,0.32983,99.67017
936,0.31355,99.68645
935,0.30138,99.69862
934,0.29249,99.70751
933,0.28639,99.71361
932,0.28271,99.71729
931,0.28128,99.71872
930,0.28198,99.71802
929,0.28477,99.71523
928,0.28971,99.71029
927,0.29688,99.70312
926,0.30645,99.69355
925,0.31866,99.68134
924,0.33383,99.66617
923,0.35235,99.64765
922,0.37482,99.62518
921,0.40189,99.59811
920,0.43445,99.56555
919,0.47371,99.52629
918,0.52116,99.47884
917,0.57871,99.42129
916,0.64901,99.35099
915,0.73559,99.26441
914,0.84299,99.15701
913,0.97766,99.02234
912,1.1488,98.8512
911,1.36887,98.63113
910,1.65567,98.34433
909,2.0367,97.9633
908,2.55184,97.44816
907,3.25892,96.74108
906,4.24577,95.75423
905,5.64871,94.35129
904,7.65594,92.34406
903,10.46679,89.53321
902,14.1743,85.8257
901,18.47533,81.52467
900,22.21474,77.78526