Wavelength[nm],Ref,,T% at AOI 45 deg
2600,20.71299,,79.28701
2599,20.35903,,79.64097
2598,19.82919,,80.17081
2597,19.46314,,80.53686
2596,18.90023,,81.09977
2595,18.52334,,81.47666
2594,17.93514,,82.06486
2593,17.5495,,82.4505
2592,16.94326,,83.05674
2591,16.5516,,83.4484
2590,15.93414,,84.06586
2589,15.53834,,84.46166
2588,14.91757,,85.08243
2587,14.51938,,85.48062
2586,13.90361,,86.09639
2585,13.50525,,86.49475
2584,12.90216,,87.09784
2583,12.50483,,87.49517
2582,11.92285,,88.07715
2581,11.52643,,88.47357
2580,10.97474,,89.02526
2579,10.57588,,89.42412
2578,10.06223,,89.93777
2577,9.66022,,90.33978
2576,9.19613,,90.80387
2575,8.7878,,91.2122
2574,8.38201,,91.61799
2573,7.9647,,92.0353
2572,7.62359,,92.37641
2571,7.19665,,92.80335
2570,6.92253,,93.07747
2569,6.48705,,93.51295
2568,6.27794,,93.72206
2567,5.84259,,94.15741
2566,5.68591,,94.31409
2565,5.27061,,94.72939
2564,5.14263,,94.85737
2563,4.77354,,95.22646
2562,4.64533,,95.35467
2561,4.34985,,95.65015
2560,4.194,,95.806
2559,3.9923,,96.0077
2558,3.79763,,96.20237
2557,3.68945,,96.31055
2556,3.45628,,96.54372
2555,3.42842,,96.57158
2554,3.1757,,96.8243
2553,3.19572,,96.80428
2552,2.9594,,97.0406
2551,2.98157,,97.01843
2550,2.80465,,97.19535
2549,2.78699,,97.21301
2548,2.70609,,97.29391
2547,2.61932,,97.38068
2546,2.63695,,97.36305
2545,2.48946,,97.51054
2544,2.57376,,97.42624
2543,2.41053,,97.58947
2542,2.49962,,97.50038
2541,2.38452,,97.61548
2540,2.4136,,97.5864
2539,2.39915,,97.60085
2538,2.33595,,97.66405
2537,2.42149,,97.57851
2536,2.29573,,97.70427
2535,2.41382,,97.58618
2534,2.31125,,97.68875
2533,2.36872,,97.63128
2532,2.3664,,97.6336
2531,2.31561,,97.68439
2530,2.41531,,97.58469
2529,2.29152,,97.70848
2528,2.39857,,97.60143
2527,2.31717,,97.68283
2526,2.336,,97.664
2525,2.37012,,97.62988
2524,2.27821,,97.72179
2523,2.38898,,97.61102
2522,2.278,,97.722
2521,2.34321,,97.65679
2520,2.33033,,97.66967
2519,2.3,,9.77E+01
2518,2.37753,,97.62247
2517,2.26586,,97.73414
2516,2.3534,,97.6466
2515,2.32166,,97.67834
2514,2.3,,9.77E+01
2513,2.37534,,97.62466
2512,2.26481,,97.73519
2511,2.35262,,97.64738
2510,2.31951,,97.68049
2509,2.282,,97.718
2508,2.37311,,97.62689
2507,2.3,,9.77E+01
2506,2.3,,9.77E+01
2505,2.3287,,97.6713
2504,2.26936,,97.73064
2503,2.36956,,97.63044
2502,2.27201,,97.72799
2501,2.31532,,97.68468
2500,2.34295,,97.65705
2499,2.24467,,97.75533
2498,2.33654,,97.66346
2497,2.26456,,97.73544
2496,2.24259,,97.75741
2495,2.31094,,97.68906
2494,2.19865,,97.80135
2493,2.25465,,97.74535
2492,2.25142,,97.74858
2491,2.16338,,97.83662
2490,2.25259,,97.74741
2489,2.18807,,97.81193
2488,2.16812,,97.83188
2487,2.24793,,97.75207
2486,2.1484,,97.8516
2485,2.18912,,97.81088
2484,2.22237,,97.77763
2483,2.12543,,97.87457
2482,2.20506,,97.79494
2481,2.18684,,97.81316
2480,2.11733,,97.88267
2479,2.2099,,97.7901
2478,2.15106,,97.84894
2477,2.11797,,97.88203
2476,2.20411,,97.79589
2475,2.12044,,97.87956
2474,2.12135,,97.87865
2473,2.19131,,97.80869
2472,2.09651,,97.90349
2471,2.12369,,97.87631
2470,2.17572,,97.82428
2469,2.07926,,97.92074
2468,2.1209,,97.8791
2467,2.16262,,97.83738
2466,2.06752,,97.93248
2465,2.11414,,97.88586
2464,2.15282,,97.84718
2463,2.05929,,97.94071
2462,2.10497,,97.89503
2461,2.14684,,97.85316
2460,2.05479,,97.94521
2459,2.09361,,97.90639
2458,2.14423,,97.85577
2457,2.05479,,97.94521
2456,2.08024,,97.91976
2455,2.14355,,97.85645
2454,2.06052,,97.93948
2453,2.06537,,97.93463
2452,2.1421,,97.8579
2451,2.07298,,97.92702
2450,2.05065,,97.94935
2449,2.13667,,97.86333
2448,2.08952,,97.91048
2447,2.0408,,97.9592
2446,2.1254,,97.8746
2445,2.10886,,97.89114
2444,2.03651,,97.96349
2443,2.10542,,97.89458
2442,2.12733,,97.87267
2441,2.04235,,97.95765
2440,2.07724,,97.92276
2439,2.1371,,97.8629
2438,2.06545,,97.93455
2437,2.0423,,97.9577
2436,2.12259,,97.87741
2435,2.10063,,97.89937
2434,2.02716,,97.97284
2433,2.07887,,97.92113
2432,2.12208,,97.87792
2431,2.04487,,97.95513
2430,2.02732,,97.97268
2429,2.10373,,97.89627
2428,2.07953,,97.92047
2427,2.00382,,97.99618
2426,2.04769,,97.95231
2425,2.09446,,97.90554
2424,2.02156,,97.97844
2423,1.98789,,98.01211
2422,2.05821,,97.94179
2421,2.05546,,97.94454
2420,1.97221,,98.02779
2419,1.98363,,98.01637
2418,2.04825,,97.95175
2417,2.00593,,97.99407
2416,1.93617,,98.06383
2415,1.97754,,98.02246
2414,2.02353,,97.97647
2413,1.95962,,98.04038
2412,1.90929,,98.09071
2411,1.96541,,98.03459
2410,1.9947,,98.0053
2409,1.9231,,98.0769
2408,1.88768,,98.11232
2407,1.94946,,98.05054
2406,1.97084,,98.02916
2405,1.89951,,98.10049
2404,1.87062,,98.12938
2403,1.93376,,98.06624
2402,1.95768,,98.04232
2401,1.89154,,98.10846
2400,1.8604,,98.1396
2399,1.92025,,98.07975
2398,1.95785,,98.04215
2397,1.90582,,98.09418
2396,1.86166,,98.13834
2395,1.90817,,98.09183
2394,1.96701,,98.03299
2393,1.94175,,98.05825
2392,1.88556,,98.11444
2391,1.90485,,98.09515
2390,1.97679,,98.02321
2389,1.99214,,98.00786
2388,1.93992,,98.06008
2387,1.92149,,98.07851
2386,1.98219,,98.01781
2385,2.04025,,97.95975
2384,2.0216,,97.9784
2383,1.97541,,98.02459
2382,1.99317,,98.00683
2381,2.06685,,97.93315
2380,2.1048,,97.8952
2379,2.07227,,97.92773
2378,2.04,,97.96
2377,2.07694,,97.92306
2376,2.15067,,97.84933
2375,2.17777,,97.82223
2374,2.14317,,97.85683
2373,2.11768,,97.88232
2372,2.15761,,97.84239
2371,2.22904,,97.77096
2370,2.2571,,97.7429
2369,2.22615,,97.77385
2368,2.19698,,97.80302
2367,2.22578,,97.77422
2366,2.29337,,97.70663
2365,2.33247,,97.66753
2364,2.31251,,97.68749
2363,2.2744,,97.7256
2362,2.27848,,97.72152
2361,2.33287,,97.66713
2360,2.3865,,97.6135
2359,2.3903,,97.6097
2358,2.35191,,97.64809
2357,2.32414,,97.67586
2356,2.34557,,97.65443
2355,2.39985,,97.60015
2354,2.43591,,97.56409
2353,2.42278,,97.57722
2352,2.37969,,97.62031
2351,2.35416,,97.64584
2350,2.37376,,97.62624
2349,2.41949,,97.58051
2348,2.45028,,97.54972
2347,2.43975,,97.56025
2346,2.39807,,97.60193
2345,2.36097,,97.63903
2344,2.35815,,97.64185
2343,2.38908,,97.61092
2342,2.42532,,97.57468
2341,2.43519,,97.56481
2340,2.40864,,97.59136
2339,2.3634,,97.6366
2338,2.32992,,97.67008
2337,2.32822,,97.67178
2336,2.35423,,97.64577
2335,2.38434,,97.61566
2334,2.39323,,97.60677
2333,2.37106,,97.62894
2332,2.32868,,97.67132
2331,2.28915,,97.71085
2330,2.27238,,97.72762
2329,2.28316,,97.71684
2328,2.30943,,97.69057
2327,2.3308,,97.6692
2326,2.33091,,97.66909
2325,2.30624,,97.69376
2324,2.26688,,97.73312
2323,2.23003,,97.76997
2322,2.2106,,97.7894
2321,2.21391,,97.78609
2320,2.23384,,97.76616
2319,2.25688,,97.74312
2318,2.26914,,97.73086
2317,2.26263,,97.73737
2316,2.23814,,97.76186
2315,2.20409,,97.79591
2314,2.17226,,97.82774
2313,2.15278,,97.84722
2312,2.15038,,97.84962
2311,2.16311,,97.83689
2310,2.18377,,97.81623
2309,2.20307,,97.79693
2308,2.21302,,97.78698
2307,2.20947,,97.79053
2306,2.19299,,97.80701
2305,2.1681,,97.8319
2304,2.1415,,97.8585
2303,2.11986,,97.88014
2302,2.10796,,97.89204
2301,2.10766,,97.89234
2300,2.11777,,97.88223
2299,2.13477,,97.86523
2298,2.15391,,97.84609
2297,2.17059,,97.82941
2296,2.18128,,97.81872
2295,2.18415,,97.81585
2294,2.17918,,97.82082
2293,2.16791,,97.83209
2292,2.15292,,97.84708
2291,2.13715,,97.86285
2290,2.12347,,97.87653
2289,2.11467,,97.88533
2288,2.11086,,97.88914
2287,2.11238,,97.88762
2286,2.11899,,97.88101
2285,2.12991,,97.87009
2284,2.14407,,97.85593
2283,2.1603,,97.8397
2282,2.17742,,97.82258
2281,2.19444,,97.80556
2280,2.21053,,97.78947
2279,2.22517,,97.77483
2278,2.23804,,97.76196
2277,2.24902,,97.75098
2276,2.25821,,97.74179
2275,2.26578,,97.73422
2274,2.27202,,97.72798
2273,2.27722,,97.72278
2272,2.28172,,97.71828
2271,2.28577,,97.71423
2270,2.28965,,97.71035
2269,2.29356,,97.70644
2268,2.29763,,97.70237
2267,2.30198,,97.69802
2266,2.30664,,97.69336
2265,2.31164,,97.68836
2264,2.31696,,97.68304
2263,2.32256,,97.67744
2262,2.32838,,97.67162
2261,2.33436,,97.66564
2260,2.34042,,97.65958
2259,2.34649,,97.65351
2258,2.35252,,97.64748
2257,2.35844,,97.64156
2256,2.3642,,97.6358
2255,2.36976,,97.63024
2254,2.3751,,97.6249
2253,2.38019,,97.61981
2252,2.38502,,97.61498
2251,2.3896,,97.6104
2250,2.39391,,97.60609
2249,2.3989,,97.6011
2248,2.40365,,97.59635
2247,2.4081,,97.5919
2246,2.41217,,97.58783
2245,2.41577,,97.58423
2244,2.41873,,97.58127
2243,2.42086,,97.57914
2242,2.42192,,97.57808
2241,2.42164,,97.57836
2240,2.41969,,97.58031
2239,2.4158,,97.5842
2238,2.40968,,97.59032
2237,2.40114,,97.59886
2236,2.39008,,97.60992
2235,2.37657,,97.62343
2234,2.36093,,97.63907
2233,2.34368,,97.65632
2232,2.32559,,97.67441
2231,2.30769,,97.69231
2230,2.29111,,97.70889
2229,2.27741,,97.72259
2228,2.26676,,97.73324
2227,2.2599,,97.7401
2226,2.25723,,97.74277
2225,2.25864,,97.74136
2224,2.2635,,97.7365
2223,2.27059,,97.72941
2222,2.27818,,97.72182
2221,2.28424,,97.71576
2220,2.28682,,97.71318
2219,2.28416,,97.71584
2218,2.2742,,97.7258
2217,2.25794,,97.74206
2216,2.23824,,97.76176
2215,2.2193,,97.7807
2214,2.20575,,97.79425
2213,2.20129,,97.79871
2212,2.20737,,97.79263
2211,2.22244,,97.77756
2210,2.24202,,97.75798
2209,2.25916,,97.74084
2208,2.26923,,97.73077
2207,2.26871,,97.73129
2206,2.25754,,97.74246
2205,2.23957,,97.76043
2204,2.22166,,97.77834
2203,2.21129,,97.78871
2202,2.21355,,97.78645
2201,2.22868,,97.77132
2200,2.25128,,97.74872
2199,2.27274,,97.72726
2198,2.2822,,97.7178
2197,2.27483,,97.72517
2196,2.25415,,97.74585
2195,2.23103,,97.76897
2194,2.21828,,97.78172
2193,2.22339,,97.77661
2192,2.24347,,97.75653
2191,2.26601,,97.73399
2190,2.27595,,97.72405
2189,2.26512,,97.73488
2188,2.23837,,97.76163
2187,2.21143,,97.78857
2186,2.2009,,97.7991
2185,2.2122,,97.7878
2184,2.23466,,97.76534
2183,2.24837,,97.75163
2182,2.23888,,97.76112
2181,2.2093,,97.7907
2180,2.1792,,97.8208
2179,2.16956,,97.83044
2178,2.18488,,97.81512
2177,2.20798,,97.79202
2176,2.21399,,97.78601
2175,2.19267,,97.80733
2174,2.15916,,97.84084
2173,2.14139,,97.85861
2172,2.15348,,97.84652
2171,2.18062,,97.81938
2170,2.19246,,97.80754
2169,2.17396,,97.82604
2168,2.14246,,97.85754
2167,2.13098,,97.86902
2166,2.15234,,97.84766
2165,2.1833,,97.8167
2164,2.18951,,97.81049
2163,2.16534,,97.83466
2162,2.1424,,97.8576
2161,2.15289,,97.84711
2160,2.18912,,97.81088
2159,2.21112,,97.78888
2158,2.19556,,97.80444
2157,2.17107,,97.82893
2156,2.18039,,97.81961
2155,2.22019,,97.77981
2154,2.24355,,97.75645
2153,2.22672,,97.77328
2152,2.20551,,97.79449
2151,2.22356,,97.77644
2150,2.26514,,97.73486
2149,2.27715,,97.72285
2148,2.25179,,97.74821
2147,2.24113,,97.75887
2146,2.27376,,97.72624
2145,2.30589,,97.69411
2144,2.29261,,97.70739
2143,2.2648,,97.7352
2142,2.27822,,97.72178
2141,2.31538,,97.68462
2140,2.31423,,97.68577
2139,2.2795,,97.7205
2138,2.27635,,97.72365
2137,2.31023,,97.68977
2136,2.31444,,97.68556
2135,2.27621,,97.72379
2134,2.26349,,97.73651
2133,2.2931,,97.7069
2132,2.29543,,97.70457
2131,2.25329,,97.74671
2130,2.23907,,97.76093
2129,2.26665,,97.73335
2128,2.26058,,97.73942
2127,2.21495,,97.78505
2126,2.20844,,97.79156
2125,2.23455,,97.76545
2124,2.21399,,97.78601
2123,2.17084,,97.82916
2122,2.18096,,97.81904
2121,2.19941,,97.80059
2120,2.16217,,97.83783
2119,2.17649,,97.82351
2118,2.12663,,97.87337
2117,2.15379,,97.84621
2116,2.14095,,97.85905
2115,2.11263,,97.88737
2114,2.14665,,97.85335
2113,2.11976,,97.88024
2112,2.11606,,97.88394
2111,2.14571,,97.85429
2110,2.11851,,97.88149
2109,2.14845,,97.85155
2108,2.15219,,97.84781
2107,2.13403,,97.86597
2106,2.14787,,97.85213
2105,2.18186,,97.81814
2104,2.18224,,97.81776
2103,2.17114,,97.82886
2102,2.19889,,97.80111
2101,2.23016,,97.76984
2100,2.22251,,97.77749
2099,2.22431,,97.77569
2098,2.26276,,97.73724
2097,2.28075,,97.71925
2096,2.26845,,97.73155
2095,2.28758,,97.71242
2094,2.32439,,97.67561
2093,2.32077,,97.67923
2092,2.31556,,97.68444
2091,2.35007,,97.64993
2090,2.36398,,97.63602
2089,2.3455,,97.6545
2088,2.36379,,97.63621
2087,2.38857,,97.61143
2086,2.36813,,97.63187
2085,2.3679,,97.6321
2084,2.39473,,97.60527
2083,2.37691,,97.62309
2082,2.36124,,97.63876
2081,2.38436,,97.61564
2080,2.36938,,97.63062
2079,2.3428,,97.6572
2078,2.36037,,97.63963
2077,2.34645,,97.65355
2076,2.31314,,97.68686
2075,2.32633,,97.67367
2074,2.31136,,97.68864
2073,2.27499,,97.72501
2072,2.28657,,97.71343
2071,2.26862,,97.73138
2070,2.23301,,97.76699
2069,2.24588,,97.75412
2068,2.22321,,97.77679
2067,2.1932,,97.8068
2066,2.20889,,97.79111
2065,2.18057,,97.81943
2064,2.16228,,97.83772
2063,2.1792,,97.8208
2062,2.14643,,97.85357
2061,2.1459,,97.8541
2060,2.15832,,97.84168
2059,2.127,,97.873
2058,2.1464,,97.8536
2057,2.14655,,97.85345
2056,2.12843,,97.87157
2055,2.16051,,97.83949
2054,2.14557,,97.85443
2053,2.15347,,97.84653
2052,2.1799,,97.8201
2051,2.16118,,97.83882
2050,2.19539,,97.80461
2049,2.19807,,97.80193
2048,2.19942,,97.80058
2047,2.23604,,97.76396
2046,2.22038,,97.77962
2045,2.25289,,97.74711
2044,2.25974,,97.74026
2043,2.25931,,97.74069
2042,2.29372,,97.70628
2041,2.27502,,97.72498
2040,2.30624,,97.69376
2039,2.3012,,97.6988
2038,2.30292,,97.69708
2037,2.32225,,97.67775
2036,2.29777,,97.70223
2035,2.32431,,97.67569
2034,2.29662,,97.70338
2033,2.30605,,97.69395
2032,2.29398,,97.70602
2031,2.27538,,97.72462
2030,2.28056,,97.71944
2029,2.24073,,97.75927
2028,2.25117,,97.74883
2027,2.20493,,97.79507
2026,2.20779,,97.79221
2025,2.16725,,97.83275
2024,2.15484,,97.84516
2023,2.1264,,97.8736
2022,2.09755,,97.90245
2021,2.08202,,97.91798
2020,2.0405,,97.9595
2019,2.03566,,97.96434
2018,1.98682,,98.01318
2017,1.98958,,98.01042
2016,1.94009,,98.05991
2015,1.94686,,98.05314
2014,1.90232,,98.09768
2013,1.91113,,98.08887
2012,1.87514,,98.12486
2011,1.88565,,98.11435
2010,1.8599,,98.1401
2009,1.87322,,98.12678
2008,1.85706,,98.14294
2007,1.8755,,98.1245
2006,1.86775,,98.13225
2005,1.89278,,98.10722
2004,1.892,,98.108
2003,1.92468,,98.07532
2002,1.92907,,98.07093
2001,1.96995,,98.03005
2000,1.9776,,98.0224
1999,2.02621,,97.97379
1998,2.03597,,97.96403
1997,2.09075,,97.90925
1996,2.10127,,97.89873
1995,2.16047,,97.83953
1994,2.17089,,97.82911
1993,2.23148,,97.76852
1992,2.2422,,97.7578
1991,2.29977,,97.70023
1990,2.3126,,97.6874
1989,2.3613,,97.6387
1988,2.38012,,97.61988
1987,2.413,,97.587
1986,2.44086,,97.55914
1985,2.45424,,97.54576
1984,2.49023,,97.50977
1983,2.4863,,97.5137
1982,2.52332,,97.47668
1981,2.51135,,97.48865
1980,2.53697,,97.46303
1979,2.52995,,97.47005
1978,2.53255,,97.46745
1977,2.53867,,97.46133
1976,2.51697,,97.48303
1975,2.53109,,97.46891
1974,2.4993,,97.5007
1973,2.50359,,97.49641
1972,2.48312,,97.51688
1971,2.46249,,97.53751
1970,2.46183,,97.53817
1969,2.42329,,97.57671
1968,2.42581,,97.57419
1967,2.39695,,97.60305
1966,2.37859,,97.62141
1965,2.3763,,97.6237
1964,2.34049,,97.65951
1963,2.34568,,97.65432
1962,2.32554,,97.67446
1961,2.3094,,97.6906
1960,2.31937,,97.68063
1959,2.29383,,97.70617
1958,2.30247,,97.69753
1957,2.3052,,97.6948
1956,2.29054,,97.70946
1955,2.31415,,97.68585
1954,2.3102,,97.6898
1953,2.31276,,97.68724
1952,2.34062,,97.65938
1951,2.33507,,97.66493
1950,2.35186,,97.64814
1949,2.37843,,97.62157
1948,2.37482,,97.62518
1947,2.39856,,97.60144
1946,2.42205,,97.57795
1945,2.41833,,97.58167
1944,2.4418,,97.5582
1943,2.46113,,97.53887
1942,2.45396,,97.54604
1941,2.47152,,97.52848
1940,2.486,,97.514
1939,2.47222,,97.52778
1938,2.47962,,97.52038
1937,2.48798,,97.51202
1936,2.46643,,97.53357
1935,2.46033,,97.53967
1934,2.46243,,97.53757
1933,2.43453,,97.56547
1932,2.41248,,97.58752
1931,2.40763,,97.59237
1930,2.37809,,97.62191
1929,2.34084,,97.65916
1928,2.32588,,97.67412
1927,2.30177,,97.69823
1926,2.25652,,97.74348
1925,2.22678,,97.77322
1924,2.2093,,97.7907
1923,2.17146,,97.82854
1922,2.12937,,97.87063
1921,2.10995,,97.89005
1920,2.09109,,97.90891
1919,2.05409,,97.94591
1918,2.02516,,97.97484
1917,2.01801,,97.98199
1916,2.00657,,97.99343
1915,1.98185,,98.01815
1914,1.96982,,98.03018
1913,1.97811,,98.02189
1912,1.98257,,98.01743
1911,1.97585,,98.02415
1910,1.98021,,98.01979
1909,2.00439,,97.99561
1908,2.02848,,97.97152
1907,2.04091,,97.95909
1906,2.05744,,97.94256
1905,2.09176,,97.90824
1904,2.13219,,97.86781
1903,2.16193,,97.83807
1902,2.18536,,97.81464
1901,2.21867,,97.78133
1900,2.26338,,97.73662
1899,2.30447,,97.69553
1898,2.33273,,97.66727
1897,2.35638,,97.64362
1896,2.38743,,97.61257
1895,2.42442,,97.57558
1894,2.45498,,97.54502
1893,2.47202,,97.52798
1892,2.48149,,97.51851
1891,2.49349,,97.50651
1890,2.5097,,97.4903
1889,2.52213,,97.47787
1888,2.52274,,97.47726
1887,2.51208,,97.48792
1886,2.49773,,97.50227
1885,2.48603,,97.51397
1884,2.47623,,97.52377
1883,2.46222,,97.53778
1882,2.43903,,97.56097
1881,2.40738,,97.59262
1880,2.37278,,97.62722
1879,2.34079,,97.65921
1878,2.31308,,97.68692
1877,2.28709,,97.71291
1876,2.25884,,97.74116
1875,2.22643,,97.77357
1874,2.19131,,97.80869
1873,2.15734,,97.84266
1872,2.12834,,97.87166
1871,2.10611,,97.89389
1870,2.09005,,97.90995
1869,2.07781,,97.92219
1868,2.06767,,97.93233
1867,2.05875,,97.94125
1866,2.05141,,97.94859
1865,2.04695,,97.95305
1864,2.04684,,97.95316
1863,2.05215,,97.94785
1862,2.06319,,97.93681
1861,2.07941,,97.92059
1860,2.0997,,97.9003
1859,2.12283,,97.87717
1858,2.14722,,97.85278
1857,2.17171,,97.82829
1856,2.19548,,97.80452
1855,2.21813,,97.78187
1854,2.23945,,97.76055
1853,2.25935,,97.74065
1852,2.27769,,97.72231
1851,2.2943,,97.7057
1850,2.30888,,97.69112
1849,2.3211,,97.6789
1848,2.33038,,97.66962
1847,2.33636,,97.66364
1846,2.33873,,97.66127
1845,2.3373,,97.6627
1844,2.33195,,97.66805
1843,2.32275,,97.67725
1842,2.30984,,97.69016
1841,2.2935,,97.7065
1840,2.27409,,97.72591
1839,2.25209,,97.74791
1838,2.22804,,97.77196
1837,2.20256,,97.79744
1836,2.1763,,97.8237
1835,2.14994,,97.85006
1834,2.1242,,97.8758
1833,2.09979,,97.90021
1832,2.07741,,97.92259
1831,2.05769,,97.94231
1830,2.04127,,97.95873
1829,2.02866,,97.97134
1828,2.02034,,97.97966
1827,2.01669,,97.98331
1826,2.01797,,97.98203
1825,2.02437,,97.97563
1824,2.03592,,97.96408
1823,2.05258,,97.94742
1822,2.0742,,97.9258
1821,2.10048,,97.89952
1820,2.13105,,97.86895
1819,2.16548,,97.83452
1818,2.20314,,97.79686
1817,2.24326,,97.75674
1816,2.28493,,97.71507
1815,2.32712,,97.67288
1814,2.36866,,97.63134
1813,2.4084,,97.5916
1812,2.44524,,97.55476
1811,2.47824,,97.52176
1810,2.50668,,97.49332
1809,2.53025,,97.46975
1808,2.54869,,97.45131
1807,2.56197,,97.43803
1806,2.57005,,97.42995
1805,2.57284,,97.42716
1804,2.56999,,97.43001
1803,2.56098,,97.43902
1802,2.54527,,97.45473
1801,2.52254,,97.47746
1800,2.49309,,97.50691
1799,2.45777,,97.54223
1798,2.4183,,97.5817
1797,2.3764,,97.6236
1796,2.33332,,97.66668
1795,2.28937,,97.71063
1794,2.24429,,97.75571
1793,2.19807,,97.80193
1792,2.15176,,97.84824
1791,2.10755,,97.89245
1790,2.06796,,97.93204
1789,2.0345,,97.9655
1788,2.00709,,97.99291
1787,1.98478,,98.01522
1786,1.96737,,98.03263
1785,1.95625,,98.04375
1784,1.95354,,98.04646
1783,1.96018,,98.03982
1782,1.97496,,98.02504
1781,1.9958,,98.0042
1780,2.02191,,97.97809
1779,2.05434,,97.94566
1778,2.09385,,97.90615
1777,2.13909,,97.86091
1776,2.18719,,97.81281
1775,2.23643,,97.76357
1774,2.28714,,97.71286
1773,2.33952,,97.66048
1772,2.3917,,97.6083
1771,2.44094,,97.55906
1770,2.48627,,97.51373
1769,2.52821,,97.47179
1768,2.56625,,97.43375
1767,2.5984,,97.4016
1766,2.62357,,97.37643
1765,2.6423,,97.3577
1764,2.65482,,97.34518
1763,2.66027,,97.33973
1762,2.65847,,97.34153
1761,2.65019,,97.34981
1760,2.63586,,97.36414
1759,2.61578,,97.38422
1758,2.59093,,97.40907
1757,2.56203,,97.43797
1756,2.5295,,97.4705
1755,2.49507,,97.50493
1754,2.46017,,97.53983
1753,2.42448,,97.57552
1752,2.38937,,97.61063
1751,2.35764,,97.64236
1750,2.3287,,97.6713
1749,2.3021,,97.6979
1748,2.28159,,97.71841
1747,2.26699,,97.73301
1746,2.25562,,97.74438
1745,2.25136,,97.74864
1744,2.25454,,97.74546
1743,2.26029,,97.73971
1742,2.27261,,97.72739
1741,2.29175,,97.70825
1740,2.31098,,97.68902
1739,2.33518,,97.66482
1738,2.36335,,97.63665
1737,2.38777,,97.61223
1736,2.41539,,97.58461
1735,2.4419,,97.5581
1734,2.46116,,97.53884
1733,2.48215,,97.51785
1732,2.49519,,97.50481
1731,2.50057,,97.49943
1730,2.50515,,97.49485
1729,2.49567,,97.50433
1728,2.48278,,97.51722
1727,2.4628,,97.5372
1726,2.42957,,97.57043
1725,2.39712,,97.60288
1724,2.35005,,97.64995
1723,2.30109,,97.69891
1722,2.24761,,97.75239
1721,2.18433,,97.81567
1720,2.12743,,97.87257
1719,2.05872,,97.94128
1718,1.99927,,98.00073
1717,1.93565,,98.06435
1716,1.87685,,98.12315
1715,1.82616,,98.17384
1714,1.77442,,98.22558
1713,1.74115,,98.25885
1712,1.70412,,98.29588
1711,1.6905,,98.3095
1710,1.67447,,98.32553
1709,1.6815,,98.3185
1708,1.68935,,98.31065
1707,1.7171,,98.2829
1706,1.74825,,98.25175
1705,1.79485,,98.20515
1704,1.84561,,98.15439
1703,1.90719,,98.09281
1702,1.97139,,98.02861
1701,2.0423,,97.9577
1700,2.11205,,97.88795
1699,2.18562,,97.81438
1698,2.25221,,97.74779
1697,2.32153,,97.67847
1696,2.37656,,97.62344
1695,2.43526,,97.56474
1694,2.47184,,97.52816
1693,2.5145,,97.4855
1692,2.52862,,97.47138
1691,2.5508,,97.4492
1690,2.54248,,97.45752
1689,2.54058,,97.45942
1688,2.51425,,97.48575
1687,2.48626,,97.51374
1686,2.44894,,97.55106
1685,2.397,,97.603
1684,2.35435,,97.64565
1683,2.28815,,97.71185
1682,2.24078,,97.75922
1681,2.17736,,97.82264
1680,2.12319,,97.87681
1679,2.078,,97.922
1678,2.0229,,97.9771
1677,1.99673,,98.00327
1676,1.96039,,98.03961
1675,1.94186,,98.05814
1674,1.94061,,98.05939
1673,1.93082,,98.06918
1672,1.95288,,98.04712
1671,1.97312,,98.02688
1670,1.9966,,98.0034
1669,2.04723,,97.95277
1668,2.08333,,97.91667
1667,2.12976,,97.87024
1666,2.19096,,97.80904
1665,2.23007,,97.76993
1664,2.27885,,97.72115
1663,2.33156,,97.66844
1662,2.35629,,97.64371
1661,2.38533,,97.61467
1660,2.4133,,97.5867
1659,2.40911,,97.59089
1658,2.40092,,97.59908
1657,2.39444,,97.60556
1656,2.35719,,97.64281
1655,2.30502,,97.69498
1654,2.26112,,97.73888
1653,2.19965,,97.80035
1652,2.1144,,97.8856
1651,2.03729,,97.96271
1650,1.96691,,98.03309
1649,1.87867,,98.12133
1648,1.78665,,98.21335
1647,1.71731,,98.28269
1646,1.65871,,98.34129
1645,1.5928,,98.4072
1644,1.53708,,98.46292
1643,1.51302,,98.48698
1642,1.50901,,98.49099
1641,1.50648,,98.49352
1640,1.51492,,98.48508
1639,1.55418,,98.44582
1638,1.6205,,98.3795
1637,1.69316,,98.30684
1636,1.76565,,98.23435
1635,1.85086,,98.14914
1634,1.95738,,98.04262
1633,2.07437,,97.92563
1632,2.18388,,97.81612
1631,2.28004,,97.71996
1630,2.37068,,97.62932
1629,2.46281,,97.53719
1628,2.55195,,97.44805
1627,2.62657,,97.37343
1626,2.67747,,97.32253
1625,2.70399,,97.29601
1624,2.71235,,97.28765
1623,2.70918,,97.29082
1622,2.6967,,97.3033
1621,2.67245,,97.32755
1620,2.63264,,97.36736
1619,2.57591,,97.42409
1618,2.50502,,97.49498
1617,2.42599,,97.57401
1616,2.34596,,97.65404
1615,2.27115,,97.72885
1614,2.20573,,97.79427
1613,2.15189,,97.84811
1612,2.11046,,97.88954
1611,2.08179,,97.91821
1610,2.06622,,97.93378
1609,2.06424,,97.93576
1608,2.07629,,97.92371
1607,2.10249,,97.89751
1606,2.14235,,97.85765
1605,2.1945,,97.8055
1604,2.25677,,97.74323
1603,2.32619,,97.67381
1602,2.39915,,97.60085
1601,2.47172,,97.52828
1600,2.53974,,97.46026
1599,2.59924,,97.40076
1598,2.64642,,97.35358
1597,2.67802,,97.32198
1596,2.69138,,97.30862
1595,2.68462,,97.31538
1594,2.65666,,97.34334
1593,2.60738,,97.39262
1592,2.53763,,97.46237
1591,2.44916,,97.55084
1590,2.34473,,97.65527
1589,2.22785,,97.77215
1588,2.10312,,97.89688
1587,1.97553,,98.02447
1586,1.85036,,98.14964
1585,1.73296,,98.26704
1584,1.6283,,98.3717
1583,1.54072,,98.45928
1582,1.47359,,98.52641
1581,1.42926,,98.57074
1580,1.40905,,98.59095
1579,1.41358,,98.58642
1578,1.4432,,98.5568
1577,1.49827,,98.50173
1576,1.57909,,98.42091
1575,1.68516,,98.31484
1574,1.81384,,98.18616
1573,1.95905,,98.04095
1572,2.11089,,97.88911
1571,2.25723,,97.74277
1570,2.38722,,97.61278
1569,2.49537,,97.50463
1568,2.58294,,97.41706
1567,2.65505,,97.34495
1566,2.71374,,97.28626
1565,2.7523,,97.2477
1564,2.75729,,97.24271
1563,2.71942,,97.28058
1562,2.64469,,97.35531
1561,2.5532,,97.4468
1560,2.4621,,97.5379
1559,2.36926,,97.63074
1558,2.25633,,97.74367
1557,2.1213,,97.8787
1556,1.99383,,98.00617
1555,1.9045,,98.0955
1554,1.84486,,98.15514
1553,1.78449,,98.21551
1552,1.72865,,98.27135
1551,1.7197,,98.2803
1550,1.76538,,98.23462
1549,1.81929,,98.18071
1548,1.86469,,98.13531
1547,1.94672,,98.05328
1546,2.0732,,97.9268
1545,2.1814,,97.8186
1544,2.26041,,97.73959
1543,2.36719,,97.63281
1542,2.48053,,97.51947
1541,2.53255,,97.46745
1540,2.56589,,97.43411
1539,2.62321,,97.37679
1538,2.62478,,97.37522
1537,2.58115,,97.41885
1536,2.57471,,97.42529
1535,2.53158,,97.46842
1534,2.44749,,97.55251
1533,2.42331,,97.57669
1532,2.37663,,97.62337
1531,2.31457,,97.68543
1530,2.33399,,97.66601
1529,2.32419,,97.67581
1528,2.33488,,97.66512
1527,2.41689,,97.58311
1526,2.44649,,97.55351
1525,2.52969,,97.47031
1524,2.61948,,97.38052
1523,2.65323,,97.34677
1522,2.74384,,97.25616
1521,2.74773,,97.25227
1520,2.75581,,97.24419
1519,2.7376,,97.2624
1518,2.64262,,97.35738
1517,2.58439,,97.41561
1516,2.42294,,97.57706
1515,2.32804,,97.67196
1514,2.16834,,97.83166
1513,2.08247,,97.91753
1512,2.00475,,97.99525
1511,1.99938,,98.00062
1510,2.06628,,97.93372
1509,2.18977,,97.81023
1508,2.39955,,97.60045
1507,2.62291,,97.37709
1506,2.88079,,97.11921
1505,3.07811,,96.92189
1504,3.21322,,96.78678
1503,3.21533,,96.78467
1502,3.06577,,96.93423
1501,2.79007,,97.20993
1500,2.39825,,97.60175
1499,2.15336,,97.84664
1498,2.25345,,97.74655
1497,3.39907,,96.60093
1496,6.07432,,93.92568
1495,10.92077,,89.07923
1494,17.67504,,82.32496
1493,25.47094,,74.52906
1492,33.10492,,66.89508
1491,39.70541,,60.29459
1490,44.99701,,55.00299
1489,49.04141,,50.95859
1488,52.05937,,47.94063
1487,54.26346,,45.73654
1486,55.82387,,44.17613
1485,56.85653,,43.14347
1484,57.43785,,42.56215
1483,57.61901,,42.38099
1482,57.43243,,42.56757
1481,56.91249,,43.08751
1480,56.10647,,43.89353
1479,55.08924,,44.91076
1478,54.00037,,45.99963
1477,53.06358,,46.93642
1476,52.59965,,47.40035
1475,53.00704,,46.99296
1474,54.65881,,45.34119
1473,57.72934,,42.27066
1472,62.05816,,37.94184
1471,67.16716,,32.83284
1470,72.4485,,27.5515
1469,77.39171,,22.60829
1468,81.70064,,18.29936
1467,85.28022,,14.71978
1466,88.16506,,11.83494
1465,90.4502,,9.5498
1464,92.24567,,7.75433
1463,93.65354,,6.34646
1462,94.75956,,5.24044
1461,95.63217,,4.36783
1460,96.32459,,3.67541
1459,96.87802,,3.12198
1458,97.32292,,2.67708
1457,97.68295,,2.31705
1456,97.97617,,2.02383
1455,98.21638,,1.78362
1454,98.41419,,1.58581
1453,98.5778,,1.4222
1452,98.71356,,1.28644
1451,98.82643,,1.17357
1450,98.92027,,1.07973
1449,98.99811,,1.00189
1448,99.06225,,0.93775
1447,99.11443,,0.88557
1446,99.15593,,0.84407
1445,99.18758,,0.81242
1444,99.20969,,0.79031
1443,99.22205,,0.77795
1442,99.22365,,0.77635
1441,99.21232,,0.78768
1440,99.18412,,0.81588
1439,99.13289,,0.86711
1438,99.05342,,0.94658
1437,98.95916,,1.04084
1436,98.91058,,1.08942
1435,98.94748,,1.05252
1434,99.0043,,0.9957
1433,99.02555,,0.97445
1432,99.00545,,0.99455
1431,98.95001,,1.04999
1430,98.86202,,1.13798
1429,98.73992,,1.26008
1428,98.57888,,1.42112
1427,98.37188,,1.62812
1426,98.11182,,1.88818
1425,97.79628,,2.20372
1424,97.43731,,2.56269
1423,97.07686,,2.92314
1422,96.79769,,3.20231
1421,96.70199,,3.29801
1420,96.84506,,3.15494
1419,97.18405,,2.81595
1418,97.61182,,2.38818
1417,98.03253,,1.96747
1416,98.39645,,1.60355
1415,98.69113,,1.30887
1414,98.92254,,1.07746
1413,99.10225,,0.89775
1412,99.24172,,0.75828
1411,99.35049,,0.64951
1410,99.43593,,0.56407
1409,99.50362,,0.49638
1408,99.55757,,0.44243
1407,99.60085,,0.39915
1406,99.63569,,0.36431
1405,99.6638,,0.3362
1404,99.68644,,0.31356
1403,99.70456,,0.29544
1402,99.71888,,0.28112
1401,99.72992,,0.27008
1400,99.7381,,0.2619
1399,99.74369,,0.25631
1398,99.74688,,0.25312
1397,99.74776,,0.25224
1396,99.74638,,0.25362
1395,99.7427,,0.2573
1394,99.73659,,0.26341
1393,99.72786,,0.27214
1392,99.71622,,0.28378
1391,99.70127,,0.29873
1390,99.68249,,0.31751
1389,99.65912,,0.34088
1388,99.63028,,0.36972
1387,99.59476,,0.40524
1386,99.551,,0.449
1385,99.49699,,0.50301
1384,99.43013,,0.56987
1383,99.34714,,0.65286
1382,99.24398,,0.75602
1381,99.11591,,0.88409
1380,98.95797,,1.04203
1379,98.76615,,1.23385
1378,98.54031,,1.45969
1377,98.28828,,1.71172
1376,98.03072,,1.96928
1375,97.80177,,2.19823
1374,97.63889,,2.36111
1373,97.56218,,2.43782
1372,97.55996,,2.44004
1371,97.60698,,2.39302
1370,97.71744,,2.28256
1369,97.92324,,2.07676
1368,98.17052,,1.82948
1367,98.39161,,1.60839
1366,98.56836,,1.43164
1365,98.70555,,1.29445
1364,98.81118,,1.18882
1363,98.89184,,1.10816
1362,98.95239,,1.04761
1361,98.9963,,1.0037
1360,99.02599,,0.97401
1359,99.04314,,0.95686
1358,99.04878,,0.95122
1357,99.04344,,0.95656
1356,99.02725,,0.97275
1355,98.99986,,1.00014
1354,98.96054,,1.03946
1353,98.90807,,1.09193
1352,98.84071,,1.15929
1351,98.7561,,1.2439
1350,98.65106,,1.34894
1349,98.52133,,1.47867
1348,98.3615,,1.6385
1347,98.1644,,1.8356
1346,97.92055,,2.07945
1345,97.61745,,2.38255
1344,97.23846,,2.76154
1343,96.76132,,3.23868
1342,96.15614,,3.84386
1341,95.38272,,4.61728
1340,94.38696,,5.61304
1339,93.09572,,6.90428
1338,91.41465,,8.58535
1337,89.22348,,10.77652
1336,86.37922,,13.62078
1335,82.73265,,17.26735
1334,78.17065,,21.82935
1333,72.69198,,27.30802
1332,66.4982,,33.5018
1331,60.02981,,39.97019
1330,53.84906,,46.15094
1329,48.41536,,51.58464
1328,43.64649,,56.35351
1327,39.08937,,60.91063
1326,34.08398,,65.91602
1325,28.17424,,71.82576
1324,21.54265,,78.45735
1323,15.11719,,84.88281
1322,10.0076,,89.9924
1321,6.7065,,93.2935
1320,4.92942,,95.07058
1319,4.06331,,95.93669
1318,3.59824,,96.40176
1317,3.24315,,96.75685
1316,2.89751,,97.10249
1315,2.57082,,97.42918
1314,2.31579,,97.68421
1313,2.18433,,97.81567
1312,2.20335,,97.79665
1311,2.36683,,97.63317
1310,2.63966,,97.36034
1309,2.96725,,97.03275
1308,3.29338,,96.70662
1307,3.56671,,96.43329
1306,3.75058,,96.24942
1305,3.82659,,96.17341
1304,3.79401,,96.20599
1303,3.66562,,96.33438
1302,3.46191,,96.53809
1301,3.2064,,96.7936
1300,2.92534,,97.07466
1299,2.65269,,97.34731
1298,2.43463,,97.56537
1297,2.32201,,97.67799
1296,2.3438,,97.6562
1295,2.47662,,97.52338
1294,2.64752,,97.35248
1293,2.7896,,97.2104
1292,2.9053,,97.0947
1291,3.05009,,96.94991
1290,3.22391,,96.77609
1289,3.31837,,96.68163
1288,3.24387,,96.75613
1287,3.11872,,96.88128
1286,3.05606,,96.94394
1285,2.92172,,97.07828
1284,2.64855,,97.35145
1283,2.46734,,97.53266
1282,2.39878,,97.60122
1281,2.22074,,97.77926
1280,2.11752,,97.88248
1279,2.20894,,97.79106
1278,2.19009,,97.80991
1277,2.24463,,97.75537
1276,2.45159,,97.54841
1275,2.47676,,97.52324
1274,2.63382,,97.36618
1273,2.75981,,97.24019
1272,2.73631,,97.26369
1271,2.87134,,97.12866
1270,2.75482,,97.24518
1269,2.78161,,97.21839
1268,2.65953,,97.34047
1267,2.58513,,97.41487
1266,2.50082,,97.49918
1265,2.39918,,97.60082
1264,2.37714,,97.62286
1263,2.32219,,97.67781
1262,2.3612,,97.6388
1261,2.39415,,97.60585
1260,2.45508,,97.54492
1259,2.58304,,97.41696
1258,2.5985,,97.4015
1257,2.78721,,97.21279
1256,2.74171,,97.25829
1255,2.87357,,97.12643
1254,2.85098,,97.14902
1253,2.79059,,97.20941
1252,2.84109,,97.15891
1251,2.67137,,97.32863
1250,2.61891,,97.38109
1249,2.60008,,97.39992
1248,2.42154,,97.57846
1247,2.40263,,97.59737
1246,2.4481,,97.5519
1245,2.36285,,97.63715
1244,2.37973,,97.62027
1243,2.53426,,97.46574
1242,2.59657,,97.40343
1241,2.5952,,97.4048
1240,2.69649,,97.30351
1239,2.83949,,97.16051
1238,2.88789,,97.11211
1237,2.83363,,97.16637
1236,2.76758,,97.23242
1235,2.743,,97.257
1234,2.73016,,97.26984
1233,2.67599,,97.32401
1232,2.56535,,97.43465
1231,2.42754,,97.57246
1230,2.30698,,97.69302
1229,2.23501,,97.76499
1228,2.22064,,97.77936
1227,2.2559,,97.7441
1226,2.32546,,97.67454
1225,2.41338,,97.58662
1224,2.50569,,97.49431
1223,2.59068,,97.40932
1222,2.65855,,97.34145
1221,2.70148,,97.29852
1220,2.71393,,97.28607
1219,2.69222,,97.30778
1218,2.63728,,97.36272
1217,2.55251,,97.44749
1216,2.44492,,97.55508
1215,2.32524,,97.67476
1214,2.20864,,97.79136
1213,2.11526,,97.88474
1212,2.06922,,97.93078
1211,2.09328,,97.90672
1210,2.19749,,97.80251
1209,2.3721,,97.6279
1208,2.5556,,97.4444
1207,2.69086,,97.30914
1206,2.78121,,97.21879
1205,2.89854,,97.10146
1204,3.08801,,96.91199
1203,3.26277,,96.73723
1202,3.28452,,96.71548
1201,3.1869,,96.8131
1200,3.15864,,96.84136
1199,3.1918,,96.8082
1198,3.06477,,96.93523
1197,2.85403,,97.14597
1196,2.83869,,97.16131
1195,2.82456,,97.17544
1194,2.64948,,97.35052
1193,2.69646,,97.30354
1192,2.80344,,97.19656
1191,2.72373,,97.27627
1190,2.90911,,97.09089
1189,2.9911,,97.0089
1188,2.98856,,97.01144
1187,3.18454,,96.81546
1186,3.05305,,96.94695
1185,3.1703,,96.8297
1184,2.99196,,97.00804
1183,2.96157,,97.03843
1182,2.75799,,97.24201
1181,2.63456,,97.36544
1180,2.4177,,97.5823
1179,2.32014,,97.67986
1178,2.09122,,97.90878
1177,2.14458,,97.85542
1176,1.95046,,98.04954
1175,2.13901,,97.86099
1174,2.11215,,97.88785
1173,2.24635,,97.75365
1172,2.49566,,97.50434
1171,2.49744,,97.50256
1170,2.74934,,97.25066
1169,2.81216,,97.18784
1168,2.95488,,97.04512
1167,2.93629,,97.06371
1166,2.96866,,97.03134
1165,2.92188,,97.07812
1164,2.81271,,97.18729
1163,2.82331,,97.17669
1162,2.60107,,97.39893
1161,2.69174,,97.30826
1160,2.5172,,97.4828
1159,2.59376,,97.40624
1158,2.53643,,97.46357
1157,2.6147,,97.3853
1156,2.68542,,97.31458
1155,2.68156,,97.31844
1154,2.86977,,97.13023
1153,2.76255,,97.23745
1152,2.91734,,97.08266
1151,2.86541,,97.13459
1150,2.76289,,97.23711
1149,2.8434,,97.1566
1148,2.66258,,97.33742
1147,2.54157,,97.45843
1146,2.58619,,97.41381
1145,2.44337,,97.55663
1144,2.29942,,97.70058
1143,2.36638,,97.63362
1142,2.4076,,97.5924
1141,2.31319,,97.68681
1140,2.27363,,97.72637
1139,2.3644,,97.6356
1138,2.45384,,97.54616
1137,2.43599,,97.56401
1136,2.33655,,97.66345
1135,2.23853,,97.76147
1134,2.18743,,97.81257
1133,2.17429,,97.82571
1132,2.17129,,97.82871
1131,2.16335,,97.83665
1130,2.15475,,97.84525
1129,2.1579,,97.8421
1128,2.18599,,97.81401
1127,2.24671,,97.75329
1126,2.33815,,97.66185
1125,2.4506,,97.5494
1124,2.57011,,97.42989
1123,2.68192,,97.31808
1122,2.77322,,97.22678
1121,2.83481,,97.16519
1120,2.86123,,97.13877
1119,2.84965,,97.15035
1118,2.79811,,97.20189
1117,2.7058,,97.2942
1116,2.5782,,97.4218
1115,2.43752,,97.56248
1114,2.32993,,97.67007
1113,2.31052,,97.68948
1112,2.39523,,97.60477
1111,2.51762,,97.48238
1110,2.57133,,97.42867
1109,2.54215,,97.45785
1108,2.57931,,97.42069
1107,2.74145,,97.25855
1106,2.80401,,97.19599
1105,2.65878,,97.34122
1104,2.60161,,97.39839
1103,2.65615,,97.34385
1102,2.462,,97.538
1101,2.29973,,97.70027
1100,2.37093,,97.62907
1099,2.18871,,97.81129
1098,2.18726,,97.81274
1097,2.31548,,97.68452
1096,2.21902,,97.78098
1095,2.49304,,97.50696
1094,2.45065,,97.54935
1093,2.6763,,97.3237
1092,2.67686,,97.32314
1091,2.80068,,97.19932
1090,2.753,,97.247
1089,2.8121,,97.1879
1088,2.65603,,97.34397
1087,2.73331,,97.26669
1086,2.49313,,97.50687
1085,2.62153,,97.37847
1084,2.47009,,97.52991
1083,2.51368,,97.48632
1082,2.66758,,97.33242
1081,2.58397,,97.41603
1080,2.78632,,97.21368
1079,2.94712,,97.05288
1078,2.8773,,97.1227
1077,2.96954,,97.03046
1076,3.1026,,96.8974
1075,2.99728,,97.00272
1074,2.81984,,97.18016
1073,2.77644,,97.22356
1072,2.78125,,97.21875
1071,2.69351,,97.30649
1070,2.53445,,97.46555
1069,2.41807,,97.58193
1068,2.39651,,97.60349
1067,2.45478,,97.54522
1066,2.54649,,97.45351
1065,2.62992,,97.37008
1064,2.68031,,97.31969
1063,2.68755,,97.31245
1062,2.65123,,97.34877
1061,2.57765,,97.42235
1060,2.47832,,97.52168
1059,2.3686,,97.6314
1058,2.26548,,97.73452
1057,2.18293,,97.81707
1056,2.12915,,97.87085
1055,2.10731,,97.89269
1054,2.12112,,97.87888
1053,2.18182,,97.81818
1052,2.3054,,97.6946
1051,2.48741,,97.51259
1050,2.66824,,97.33176
1049,2.74336,,97.25664
1048,2.66835,,97.33165
1047,2.58295,,97.41705
1046,2.62659,,97.37341
1045,2.64999,,97.35001
1044,2.48711,,97.51289
1043,2.41739,,97.58261
1042,2.56888,,97.43112
1041,2.53747,,97.46253
1040,2.53679,,97.46321
1039,2.76814,,97.23186
1038,2.69714,,97.30286
1037,2.79646,,97.20354
1036,2.80858,,97.19142
1035,2.65635,,97.34365
1034,2.67252,,97.32748
1033,2.37484,,97.62516
1032,2.37052,,97.62948
1031,2.06752,,97.93248
1030,2.09459,,97.90541
1029,1.93037,,98.06963
1028,1.97273,,98.02727
1027,2.06924,,97.93076
1026,2.02855,,97.97145
1025,2.29851,,97.70149
1024,2.29885,,97.70115
1023,2.32188,,97.67812
1022,2.50947,,97.49053
1021,2.44235,,97.55765
1020,2.31796,,97.68204
1019,2.39174,,97.60826
1018,2.45976,,97.54024
1017,2.39383,,97.60617
1016,2.34687,,97.65313
1015,2.44559,,97.55441
1014,2.6401,,97.3599
1013,2.81857,,97.18143
1012,2.92009,,97.07991
1011,2.94231,,97.05769
1010,2.90573,,97.09427
1009,2.836,,97.164
1008,2.74431,,97.25569
1007,2.64899,,97.35101
1006,2.57148,,97.42852
1005,2.53264,,97.46736
1004,2.547,,97.453
1003,2.61628,,97.38372
1002,2.72302,,97.27698
1001,2.82782,,97.17218
1000,2.87869,,97.12131
999,2.8438,,97.1562
998,2.75652,,97.24348
997,2.71281,,97.28719
996,2.75414,,97.24586
995,2.75279,,97.24721
994,2.59062,,97.40938
993,2.4763,,97.5237
992,2.62722,,97.37278
991,2.71264,,97.28736
990,2.62633,,97.37367
989,2.81895,,97.18105
988,2.8755,,97.1245
987,2.73325,,97.26675
986,2.84869,,97.15131
985,2.55521,,97.44479
984,2.55205,,97.44795
983,2.28967,,97.71033
982,2.28104,,97.71896
981,2.1114,,97.8886
980,2.25596,,97.74404
979,2.14675,,97.85325
978,2.41734,,97.58266
977,2.36809,,97.63191
976,2.46355,,97.53645
975,2.58408,,97.41592
974,2.39201,,97.60799
973,2.35744,,97.64256
972,2.38112,,97.61888
971,2.20685,,97.79315
970,2.06526,,97.93474
969,2.1313,,97.8687
968,2.28561,,97.71439
967,2.39241,,97.60759
966,2.42758,,97.57242
965,2.42095,,97.57905
964,2.39055,,97.60945
963,2.33567,,97.66433
962,2.2565,,97.7435
961,2.16734,,97.83266
960,2.09505,,97.90495
959,2.06857,,97.93143
958,2.10744,,97.89256
957,2.21529,,97.78471
956,2.379,,97.621
955,2.56625,,97.43375
954,2.71772,,97.28228
953,2.75289,,97.24711
952,2.62917,,97.37083
951,2.43634,,97.56366
950,2.35162,,97.64838
949,2.35808,,97.64192
948,2.22965,,97.77035
947,2.10265,,97.89735
946,2.29954,,97.70046
945,2.40891,,97.59109
944,2.39555,,97.60445
943,2.64969,,97.35031
942,2.52735,,97.47265
941,2.5695,,97.4305
940,2.41928,,97.58072
939,2.35043,,97.64957
938,2.25082,,97.74918
937,2.34817,,97.65183
936,2.30663,,97.69337
935,2.56461,,97.43539
934,2.47287,,97.52713
933,2.48592,,97.51408
932,2.56341,,97.43659
931,2.63004,,97.36996
930,3.50475,,96.49525
929,5.82442,,94.17558
928,9.66847,,90.33153
927,14.65041,,85.34959
926,19.90993,,80.09007
925,24.52901,,75.47099
924,28.04529,,71.95471
923,30.47688,,69.52312
922,31.95727,,68.04273
921,32.26825,,67.73175
920,30.46571,,69.53429
919,25.34106,,74.65894
918,20.94763,,79.05237
917,31.79893,,68.20107
916,49.25134,,50.74866
915,58.84022,,41.15978
914,62.10914,,37.89086
913,61.66835,,38.33165
912,58.75645,,41.24355
911,54.55171,,45.44829
910,51.61572,,48.38428
909,53.87583,,46.12417
908,62.08633,,37.91367
907,71.73248,,28.26752
906,79.34114,,20.65886
905,84.40795,,15.59205
904,87.37558,,12.62442
903,88.69265,,11.30735
902,88.11939,,11.88061
901,83.70236,,16.29764
900,74.14853,,25.85147
,,,
,,,
,,,
,,,
,,,
,,,
,,,
,,,
,,,
,,,
,,,
,,,
,,,
,,,
,,,
,,,
,,,
,,,
,,,
,,,
,,,
,,,
,,,
,,,
,,,
,,,
,,,
,,,
,,,
,,,
,,,
,,,
,,,
,,,
,,,
,,,
,,,
,,,
,,,
,,,
,,,
,,,
,,,
,,,
,,,
,,,
,,,
,,,
,,,
,,,
,,,
,,,
,,,
,,,
,,,
,,,
,,,
,,,
,,,
,,,
,,,
,,,
,,,
,,,
,,,
,,,
,,,
,,,
,,,
,,,
,,,
,,,
,,,
,,,
,,,
,,,
,,,
,,,
,,,
,,,
,,,
,,,
,,,
,,,
,,,
,,,
,,,
,,,
,,,
,,,
,,,
,,,
,,,
,,,
,,,
,,,
,,,
,,,
,,,
,,,
,,,
,,,
,,,
,,,
,,,
,,,
,,,
,,,
,,,
,,,
,,,
,,,
,,,
,,,
,,,
,,,
,,,
,,,
,,,
,,,
,,,
,,,
,,,
,,,
,,,
,,,
,,,
,,,
,,,
,,,
,,,
,,,
,,,
,,,
,,,
,,,
,,,
,,,
,,,
,,,
,,,
,,,
,,,
,,,
,,,
,,,
,,,
,,,
,,,
,,,
,,,
,,,
,,,
,,,
,,,
,,,
,,,
,,,
,,,
,,,
,,,
,,,
,,,
,,,
,,,
,,,
,,,
,,,
,,,
,,,
,,,
,,,
,,,
,,,
,,,
,,,
,,,
,,,
,,,
,,,
,,,
,,,
,,,
,,,
,,,
,,,
,,,
,,,
,,,
,,,
,,,
,,,
,,,
,,,
,,,
,,,
,,,
,,,
,,,
,,,
,,,
,,,
,,,
,,,
,,,
,,,
,,,
,,,
,,,
,,,
,,,
,,,
,,,
,,,
,,,
,,,
,,,
,,,
,,,
,,,
,,,
,,,
,,,
,,,
,,,
,,,
,,,
,,,
,,,
,,,
,,,
,,,
,,,
,,,
,,,
,,,
,,,
,,,
,,,
,,,
,,,
,,,
,,,
,,,
,,,
,,,
,,,
,,,
,,,
,,,
,,,
,,,
,,,
,,,
,,,
,,,
,,,
,,,
,,,
,,,
,,,
,,,
,,,
,,,
,,,
,,,
,,,
,,,
,,,
,,,
,,,
,,,
,,,
,,,
,,,
,,,
,,,
,,,
,,,
,,,
,,,
,,,
,,,
,,,
,,,
,,,
,,,
,,,
,,,
,,,
,,,
,,,
,,,
,,,
,,,
,,,
,,,
,,,
,,,
,,,
,,,
,,,
,,,
,,,
,,,
,,,
,,,
,,,
,,,
,,,
,,,
,,,
,,,
,,,
,,,
,,,
,,,
,,,
,,,
,,,
,,,
,,,
,,,
,,,
,,,
,,,
,,,
,,,
,,,
,,,
,,,
,,,
,,,
,,,
,,,
,,,
,,,
,,,
,,,
,,,
,,,
,,,
,,,
,,,
,,,
,,,
,,,
,,,
,,,
,,,
,,,
,,,
,,,
,,,
,,,
,,,
,,,
,,,
,,,
,,,
,,,
,,,
,,,
,,,
,,,
,,,
,,,
,,,
,,,
,,,
,,,
,,,
,,,
,,,
,,,
,,,
,,,
,,,
,,,
,,,
,,,
,,,
,,,
,,,
,,,
,,,
,,,
,,,
,,,
,,,
,,,
,,,
,,,
,,,
,,,
,,,
,,,
,,,
,,,
,,,
,,,
,,,
,,,
,,,
,,,
,,,
,,,
,,,
,,,
,,,
,,,
,,,
,,,
,,,
,,,
,,,
,,,
,,,
,,,
,,,
,,,
,,,
,,,
,,,
,,,
,,,
,,,
,,,
,,,
,,,
,,,
,,,
,,,
,,,
,,,
,,,
,,,
,,,
,,,
,,,
,,,
,,,
,,,
,,,
,,,
,,,
,,,
,,,
,,,
,,,
,,,
,,,
,,,
,,,
,,,
,,,
,,,
,,,
,,,
,,,
,,,
,,,
,,,
,,,
,,,
,,,
,,,
,,,
,,,
,,,
,,,
,,,
,,,
,,,
,,,
,,,
,,,
,,,
,,,
,,,
,,,
,,,
,,,
,,,
,,,
,,,
,,,
,,,
,,,
,,,
,,,
,,,
,,,
,,,
,,,
,,,
,,,
,,,
,,,
,,,
,,,
,,,
,,,
,,,
,,,
,,,
,,,
,,,
,,,
,,,
,,,
,,,
,,,
,,,
,,,
,,,
,,,
,,,
,,,
,,,
,,,
,,,
,,,
,,,
,,,
,,,
,,,
,,,
,,,
,,,
,,,
,,,
,,,
,,,
,,,
,,,
,,,
,,,
,,,
,,,
,,,
,,,
,,,
,,,
,,,
,,,
,,,
,,,
,,,
,,,
,,,
,,,
,,,
,,,
,,,
,,,
,,,
,,,
,,,
,,,
,,,
,,,
,,,
,,,
,,,
,,,
,,,
,,,
,,,
,,,
,,,
,,,
,,,
,,,
,,,
,,,
,,,
,,,
,,,
,,,
,,,
,,,
,,,
,,,
,,,
,,,
,,,
,,,
,,,
,,,
,,,
,,,
,,,
,,,
,,,
,,,
,,,
,,,
,,,
,,,
,,,
,,,
,,,
,,,
,,,
,,,
,,,
,,,
,,,
,,,
,,,
,,,
,,,
,,,
,,,
,,,
,,,
,,,
,,,
,,,
,,,
,,,
,,,
,,,
,,,
,,,
,,,
,,,
,,,
,,,
,,,
,,,
,,,
,,,
,,,
,,,
,,,
,,,
,,,
,,,
,,,
,,,
,,,
,,,
,,,
,,,
,,,
,,,
,,,
,,,
,,,
,,,
,,,
,,,
,,,
,,,
,,,
,,,
,,,
,,,
,,,
,,,
,,,
,,,
,,,
,,,
,,,
,,,
,,,
,,,
,,,
,,,
,,,
,,,
,,,
,,,
,,,
,,,
,,,
,,,
,,,
,,,
,,,
,,,
,,,
,,,
,,,
,,,
,,,
,,,
,,,
,,,
,,,
,,,
,,,
,,,
,,,
,,,
,,,
,,,
,,,
,,,
,,,
,,,
,,,
,,,
,,,
,,,
,,,
,,,
,,,
,,,
,,,
,,,
,,,
,,,
,,,
,,,
,,,
,,,
,,,
,,,
,,,
,,,
,,,
,,,
,,,
,,,
,,,
,,,
,,,
,,,
,,,
,,,
,,,
,,,
,,,
,,,
,,,
,,,
,,,
,,,
,,,
,,,
,,,
,,,
,,,
,,,
,,,
,,,
,,,
,,,
,,,
,,,
,,,
,,,
,,,
,,,
,,,
,,,
,,,
,,,
,,,
,,,
,,,
,,,
,,,
,,,
,,,
,,,
,,,
,,,
,,,
,,,
,,,
,,,
,,,
,,,
,,,
,,,
,,,
,,,
,,,
,,,
,,,
,,,
,,,
,,,
,,,
,,,
,,,
,,,
,,,
,,,
,,,
,,,
,,,
,,,
,,,
,,,
,,,
,,,
,,,
,,,
,,,
,,,
,,,
,,,
,,,
,,,
,,,
,,,
,,,
,,,
,,,
,,,
,,,
,,,
,,,
,,,
,,,
,,,
,,,
,,,
,,,
,,,
,,,
,,,
,,,
,,,
,,,
,,,
,,,
,,,
,,,
,,,
,,,
,,,
,,,
,,,
,,,
,,,
,,,
,,,
,,,
,,,
,,,
,,,
,,,
,,,
,,,
,,,
,,,
,,,
,,,
,,,
,,,
,,,
,,,
,,,
,,,
,,,
,,,
,,,
,,,
,,,
,,,
,,,
,,,
,,,
,,,
,,,
,,,
,,,
,,,
,,,
,,,
,,,
,,,
,,,
,,,
,,,
,,,
,,,
,,,
,,,
,,,
,,,
,,,
,,,
,,,
,,,
,,,
,,,
,,,
,,,
,,,
,,,
,,,
,,,