Wavelength[nm],r%,,,T% at AOI 45 deg
2600,2.17934,,,97.82066
2599,2.13609,,,97.86391
2598,2.17136,,,97.82864
2597,2.202,,,97.798
2596,2.15347,,,97.84653
2595,2.07156,,,97.92844
2594,2.05245,,,97.94755
2593,2.09733,,,97.90267
2592,2.11154,,,97.88846
2591,2.04844,,,97.95156
2590,1.97933,,,98.02067
2589,1.98469,,,98.01531
2588,2.0316,,,97.9684
2587,2.02473,,,97.97527
2586,1.95244,,,98.04756
2585,1.90372,,,98.09628
2584,1.93109,,,98.06891
2583,1.97038,,,98.02962
2582,1.94044,,,98.05956
2581,1.86785,,,98.13215
2580,1.84508,,,98.15492
2579,1.88513,,,98.11487
2578,1.9054,,,98.0946
2577,1.8532,,,98.1468
2576,1.78894,,,98.21106
2575,1.79153,,,98.20847
2574,1.83569,,,98.16431
2573,1.83232,,,98.16768
2572,1.76768,,,98.23232
2571,1.72401,,,98.27599
2570,1.75033,,,98.24967
2569,1.78577,,,98.21423
2568,1.75615,,,98.24385
2567,1.69033,,,98.30967
2566,1.67423,,,98.32577
2565,1.71474,,,98.28526
2564,1.7297,,,98.2703
2563,1.67859,,,98.32141
2562,1.62629,,,98.37371
2561,1.63916,,,98.36084
2560,1.67967,,,98.32033
2559,1.66814,,,98.33186
2558,1.60855,,,98.39145
2557,1.58227,,,98.41773
2556,1.61709,,,98.38291
2555,1.64347,,,98.35653
2554,1.60641,,,98.39359
2553,1.55305,,,98.44695
2552,1.55638,,,98.44362
2551,1.59805,,,98.40195
2550,1.5987,,,98.4013
2549,1.54923,,,98.45077
2548,1.52023,,,98.47977
2547,1.55204,,,98.44796
2546,1.58675,,,98.41325
2545,1.56264,,,98.43736
2544,1.51396,,,98.48604
2543,1.51463,,,98.48537
2542,1.55795,,,98.44205
2541,1.56828,,,98.43172
2540,1.5246,,,98.4754
2539,1.49669,,,98.50331
2538,1.52744,,,98.47256
2537,1.56567,,,98.43433
2536,1.54869,,,98.45131
2535,1.50533,,,98.49467
2534,1.50778,,,98.49222
2533,1.55214,,,98.44786
2532,1.56557,,,98.43443
2531,1.52724,,,98.47276
2530,1.50237,,,98.49763
2529,1.5244,,,98.4756
2528,1.55173,,,98.44827
2527,1.5256,,,98.4744
2526,1.47691,,,98.52309
2525,1.47404,,,98.52596
2524,1.50835,,,98.49165
2523,1.5093,,,98.4907
2522,1.46293,,,98.53707
2521,1.43488,,,98.56512
2520,1.45956,,,98.54044
2519,1.5,,,9.85E+01
2518,1.4625,,,98.5375
2517,1.42331,,,98.57669
2516,1.43213,,,98.56787
2515,1.46972,,,98.53028
2514,1.5,,,9.85E+01
2513,1.42712,,,98.57288
2512,1.41279,,,98.58721
2511,1.44608,,,98.55392
2510,1.46655,,,98.53345
2509,1.43712,,,98.56288
2508,1.40603,,,98.59397
2507,1.4,,,9.86E+01
2506,1.5,,,9.85E+01
2505,1.44948,,,98.55052
2504,1.41095,,,98.58905
2503,1.40978,,,98.59022
2502,1.44673,,,98.55327
2501,1.45695,,,98.54305
2500,1.42221,,,98.57779
2499,1.39379,,,98.60621
2498,1.41396,,,98.58604
2497,1.4322,,,98.5678
2496,1.40165,,,98.59835
2495,1.36063,,,98.63937
2494,1.36555,,,98.63445
2493,1.39246,,,98.60754
2492,1.37922,,,98.62078
2491,1.33422,,,98.66578
2490,1.32153,,,98.67847
2489,1.35592,,,98.64408
2488,1.3677,,,98.6323
2487,1.33488,,,98.66512
2486,1.31419,,,98.68581
2485,1.34075,,,98.65925
2484,1.36621,,,98.63379
2483,1.34439,,,98.65561
2482,1.31306,,,98.68694
2481,1.32677,,,98.67323
2480,1.35993,,,98.64007
2479,1.35259,,,98.64741
2478,1.31706,,,98.68294
2477,1.31598,,,98.68402
2476,1.3503,,,98.6497
2475,1.3578,,,98.6422
2474,1.32441,,,98.67559
2473,1.30949,,,98.69051
2472,1.33908,,,98.66092
2471,1.35928,,,98.64072
2470,1.3332,,,98.6668
2469,1.30747,,,98.69253
2468,1.32822,,,98.67178
2467,1.35722,,,98.64278
2466,1.3414,,,98.6586
2465,1.30927,,,98.69073
2464,1.31905,,,98.68095
2463,1.35246,,,98.64754
2462,1.34821,,,98.65179
2461,1.31389,,,98.68611
2460,1.31222,,,98.68778
2459,1.34595,,,98.65405
2458,1.35299,,,98.64701
2457,1.32028,,,98.67972
2456,1.30801,,,98.69199
2455,1.33865,,,98.66135
2454,1.35556,,,98.64444
2453,1.32749,,,98.67251
2452,1.30642,,,98.69358
2451,1.33137,,,98.66863
2450,1.35605,,,98.64395
2449,1.33476,,,98.66524
2448,1.30716,,,98.69284
2447,1.32457,,,98.67543
2446,1.35471,,,98.64529
2445,1.34165,,,98.65835
2444,1.30988,,,98.69012
2443,1.31886,,,98.68114
2442,1.35195,,,98.64805
2441,1.34749,,,98.65251
2440,1.31401,,,98.68599
2439,1.31467,,,98.68533
2438,1.34853,,,98.65147
2437,1.35178,,,98.64822
2436,1.3185,,,98.6815
2435,1.31216,,,98.68784
2434,1.34505,,,98.65495
2433,1.35491,,,98.64509
2432,1.32324,,,98.67676
2431,1.31078,,,98.68922
2430,1.34163,,,98.65837
2429,1.35715,,,98.64285
2428,1.32809,,,98.67191
2427,1.31031,,,98.68969
2426,1.33817,,,98.66183
2425,1.35868,,,98.64132
2424,1.33287,,,98.66713
2423,1.31065,,,98.68935
2422,1.33513,,,98.66487
2421,1.35957,,,98.64043
2420,1.33724,,,98.66276
2419,1.31161,,,98.68839
2418,1.33262,,,98.66738
2417,1.36001,,,98.63999
2416,1.34115,,,98.65885
2415,1.31298,,,98.68702
2414,1.33066,,,98.66934
2413,1.36022,,,98.63978
2412,1.34454,,,98.65546
2411,1.31458,,,98.68542
2410,1.32928,,,98.67072
2409,1.36034,,,98.63966
2408,1.34744,,,98.65256
2407,1.31625,,,98.68375
2406,1.32845,,,98.67155
2405,1.36055,,,98.63945
2404,1.3499,,,98.6501
2403,1.31789,,,98.68211
2402,1.32816,,,98.67184
2401,1.36091,,,98.63909
2400,1.35191,,,98.64809
2399,1.31936,,,98.68064
2398,1.32848,,,98.67152
2397,1.3616,,,98.6384
2396,1.35323,,,98.64677
2395,1.32056,,,98.67944
2394,1.32943,,,98.67057
2393,1.36261,,,98.63739
2392,1.35418,,,98.64582
2391,1.32154,,,98.67846
2390,1.33085,,,98.66915
2389,1.36392,,,98.63608
2388,1.35476,,,98.64524
2387,1.32236,,,98.67764
2386,1.33277,,,98.66723
2385,1.36552,,,98.63448
2384,1.35496,,,98.64504
2383,1.32306,,,98.67694
2382,1.33522,,,98.66478
2381,1.36736,,,98.63264
2380,1.35475,,,98.64525
2379,1.3237,,,98.6763
2378,1.33824,,,98.66176
2377,1.36932,,,98.63068
2376,1.35412,,,98.64588
2375,1.32442,,,98.67558
2374,1.34186,,,98.65814
2373,1.37134,,,98.62866
2372,1.35303,,,98.64697
2371,1.32533,,,98.67467
2370,1.34612,,,98.65388
2369,1.37325,,,98.62675
2368,1.35148,,,98.64852
2367,1.32663,,,98.67337
2366,1.351,,,98.649
2365,1.37487,,,98.62513
2364,1.34953,,,98.65047
2363,1.32851,,,98.67149
2362,1.35645,,,98.64355
2361,1.37598,,,98.62402
2360,1.34724,,,98.65276
2359,1.33121,,,98.66879
2358,1.36234,,,98.63766
2357,1.37634,,,98.62366
2356,1.34478,,,98.65522
2355,1.33494,,,98.66506
2354,1.36845,,,98.63155
2353,1.37573,,,98.62427
2352,1.34243,,,98.65757
2351,1.33988,,,98.66012
2350,1.37446,,,98.62554
2349,1.37395,,,98.62605
2348,1.34045,,,98.65955
2347,1.34637,,,98.65363
2346,1.38012,,,98.61988
2345,1.37077,,,98.62923
2344,1.33941,,,98.66059
2343,1.35429,,,98.64571
2342,1.38457,,,98.61543
2341,1.36645,,,98.63355
2340,1.33998,,,98.66002
2339,1.36325,,,98.63675
2338,1.38721,,,98.61279
2337,1.36139,,,98.63861
2336,1.3427,,,98.6573
2335,1.37269,,,98.62731
2334,1.38754,,,98.61246
2333,1.35628,,,98.64372
2332,1.34794,,,98.65206
2331,1.38175,,,98.61825
2330,1.38528,,,98.61472
2329,1.35204,,,98.64796
2328,1.35573,,,98.64427
2327,1.38936,,,98.61064
2326,1.38054,,,98.61946
2325,1.34975,,,98.65025
2324,1.36565,,,98.63435
2323,1.39436,,,98.60564
2322,1.37392,,,98.62608
2321,1.35045,,,98.64955
2320,1.37676,,,98.62324
2319,1.39579,,,98.60421
2318,1.3666,,,98.6334
2317,1.35487,,,98.64513
2316,1.38757,,,98.61243
2315,1.39314,,,98.60686
2314,1.36025,,,98.63975
2313,1.36307,,,98.63693
2312,1.39616,,,98.60384
2311,1.38668,,,98.61332
2310,1.35674,,,98.64326
2309,1.37418,,,98.62582
2308,1.40071,,,98.59929
2307,1.37776,,,98.62224
2306,1.3577,,,98.6423
2305,1.38633,,,98.61367
2304,1.3999,,,98.6001
2303,1.36862,,,98.63138
2302,1.36377,,,98.63623
2301,1.39685,,,98.60315
2300,1.39363,,,98.60637
2299,1.36205,,,98.63795
2298,1.37426,,,98.62574
2297,1.40291,,,98.59709
2296,1.38334,,,98.61666
2295,1.36056,,,98.63944
2294,1.38682,,,98.61318
2293,1.4024,,,98.5976
2292,1.37205,,,98.62795
2291,1.36548,,,98.63452
2290,1.39783,,,98.60217
2289,1.39494,,,98.60506
2288,1.3636,,,98.6364
2287,1.37619,,,98.62381
2286,1.4035,,,98.5965
2285,1.38239,,,98.61761
2284,1.36175,,,98.63825
2283,1.38922,,,98.61078
2282,1.40074,,,98.59926
2281,1.36938,,,98.63062
2280,1.36789,,,98.63211
2279,1.39925,,,98.60075
2278,1.38987,,,98.61013
2277,1.36129,,,98.63871
2276,1.37986,,,98.62014
2275,1.40137,,,98.59863
2274,1.3748,,,98.6252
2273,1.36196,,,98.63804
2272,1.39221,,,98.60779
2271,1.39348,,,98.60652
2270,1.36205,,,98.63795
2269,1.37125,,,98.62875
2268,1.39825,,,98.60175
2267,1.37819,,,98.62181
2266,1.35768,,,98.64232
2265,1.38422,,,98.61578
2264,1.39351,,,98.60649
2263,1.36236,,,98.63764
2262,1.36379,,,98.63621
2261,1.39295,,,98.60705
2260,1.37888,,,98.62112
2259,1.35396,,,98.64604
2258,1.3764,,,98.6236
2257,1.3908,,,98.6092
2256,1.36118,,,98.63882
2255,1.35725,,,98.64275
2254,1.38676,,,98.61324
2253,1.37695,,,98.62305
2252,1.34995,,,98.65005
2251,1.36929,,,98.63071
2250,1.38632,,,98.61368
2249,1.35809,,,98.64191
2248,1.3515,,,98.6485
2247,1.38066,,,98.61934
2246,1.37262,,,98.62738
2245,1.34531,,,98.65469
2244,1.36361,,,98.63639
2243,1.38069,,,98.61931
2242,1.35289,,,98.64711
2241,1.34662,,,98.65338
2240,1.37522,,,98.62478
2239,1.36638,,,98.63362
2238,1.34007,,,98.65993
2237,1.35923,,,98.64077
2236,1.37445,,,98.62555
2235,1.34626,,,98.65374
2234,1.34261,,,98.65739
2233,1.37048,,,98.62952
2232,1.35876,,,98.64124
2231,1.33482,,,98.66518
2230,1.35631,,,98.64369
2229,1.36772,,,98.63228
2228,1.33891,,,98.66109
2227,1.33989,,,98.66011
2226,1.36626,,,98.63374
2225,1.35039,,,98.64961
2224,1.33034,,,98.66966
2223,1.35454,,,98.64546
2222,1.36053,,,98.63947
2221,1.33176,,,98.66824
2220,1.33899,,,98.66101
2219,1.36234,,,98.63766
2218,1.34127,,,98.65873
2217,1.32792,,,98.67208
2216,1.35469,,,98.64531
2215,1.35208,,,98.64792
2214,1.32562,,,98.67438
2213,1.34155,,,98.65845
2212,1.35787,,,98.64213
2211,1.33188,,,98.66812
2210,1.32916,,,98.67084
2209,1.35554,,,98.64446
2208,1.34257,,,98.65743
2207,1.32279,,,98.67721
2206,1.34614,,,98.65386
2205,1.35185,,,98.64815
2204,1.32478,,,98.67522
2203,1.33417,,,98.66583
2202,1.35522,,,98.64478
2201,1.33329,,,98.66671
2200,1.32491,,,98.67509
2199,1.35149,,,98.64851
2198,1.34388,,,98.65612
2197,1.32202,,,98.67798
2196,1.34288,,,98.65712
2195,1.35207,,,98.64793
2194,1.32597,,,98.67403
2193,1.33321,,,98.66679
2192,1.35509,,,98.64491
2191,1.33484,,,98.66516
2190,1.32634,,,98.67366
2189,1.35249,,,98.64751
2188,1.34524,,,98.65476
2187,1.32472,,,98.67528
2186,1.34598,,,98.65402
2185,1.3538,,,98.6462
2184,1.32877,,,98.67123
2183,1.33842,,,98.66158
2182,1.35832,,,98.64168
2181,1.33712,,,98.66288
2180,1.33275,,,98.66725
2179,1.35826,,,98.64174
2178,1.34731,,,98.65269
2177,1.33096,,,98.66904
2176,1.35458,,,98.64542
2175,1.35677,,,98.64323
2174,1.33373,,,98.66627
2173,1.34922,,,98.65078
2172,1.36359,,,98.63641
2171,1.34045,,,98.65955
2170,1.34431,,,98.65569
2169,1.36684,,,98.63316
2168,1.34959,,,98.65041
2167,1.34161,,,98.65839
2166,1.36674,,,98.63326
2165,1.35934,,,98.64066
2164,1.34209,,,98.65791
2163,1.36423,,,98.63577
2162,1.36802,,,98.63198
2161,1.34586,,,98.65414
2160,1.36071,,,98.63929
2159,1.37453,,,98.62547
2158,1.35226,,,98.64774
2157,1.35768,,,98.64232
2156,1.37844,,,98.62156
2155,1.36025,,,98.63975
2154,1.35596,,,98.64404
2153,1.37994,,,98.62006
2152,1.36873,,,98.63127
2151,1.35609,,,98.64391
2150,1.37952,,,98.62048
2149,1.37673,,,98.62327
2148,1.35821,,,98.64179
2147,1.37787,,,98.62213
2146,1.38352,,,98.61648
2145,1.36208,,,98.63792
2144,1.37572,,,98.62428
2143,1.38869,,,98.61131
2142,1.36726,,,98.63274
2141,1.37369,,,98.62631
2140,1.39207,,,98.60793
2139,1.37316,,,98.62684
2138,1.37222,,,98.62778
2137,1.3938,,,98.6062
2136,1.37922,,,98.62078
2135,1.37154,,,98.62846
2134,1.39409,,,98.60591
2133,1.38494,,,98.61506
2132,1.37173,,,98.62827
2131,1.39328,,,98.60672
2130,1.38993,,,98.61007
2129,1.37268,,,98.62732
2128,1.39169,,,98.60831
2127,1.39397,,,98.60603
2126,1.3742,,,98.6258
2125,1.3896,,,98.6104
2124,1.39693,,,98.60307
2123,1.37607,,,98.62393
2122,1.38727,,,98.61273
2121,1.39878,,,98.60122
2120,1.37805,,,98.62195
2119,1.38947,,,98.61053
2118,1.39745,,,98.60255
2117,1.37904,,,98.62096
2116,1.39914,,,98.60086
2115,1.39233,,,98.60767
2114,1.3852,,,98.6148
2113,1.4037,,,98.5963
2112,1.38779,,,98.61221
2111,1.39413,,,98.60587
2110,1.40247,,,98.59753
2109,1.38661,,,98.61339
2108,1.39426,,,98.60574
2107,1.40201,,,98.59799
2106,1.38611,,,98.61389
2105,1.38995,,,98.61005
2104,1.40055,,,98.59945
2103,1.38559,,,98.61441
2102,1.38563,,,98.61437
2101,1.39822,,,98.60178
2100,1.38493,,,98.61507
2099,1.38136,,,98.61864
2098,1.3951,,,98.6049
2097,1.38406,,,98.61594
2096,1.37717,,,98.62283
2095,1.39137,,,98.60863
2094,1.38289,,,98.61711
2093,1.37321,,,98.62679
2092,1.3872,,,98.6128
2091,1.38137,,,98.61863
2090,1.36946,,,98.63054
2089,1.3828,,,98.6172
2088,1.37946,,,98.62054
2087,1.36598,,,98.63402
2086,1.37837,,,98.62163
2085,1.37726,,,98.62274
2084,1.36268,,,98.63732
2083,1.37399,,,98.62601
2082,1.37482,,,98.62518
2081,1.35954,,,98.64046
2080,1.36974,,,98.63026
2079,1.37227,,,98.62773
2078,1.35658,,,98.64342
2077,1.36573,,,98.63427
2076,1.36967,,,98.63033
2075,1.3538,,,98.6462
2074,1.36205,,,98.63795
2073,1.36713,,,98.63287
2072,1.35123,,,98.64877
2071,1.35877,,,98.64123
2070,1.36473,,,98.63527
2069,1.34892,,,98.65108
2068,1.35595,,,98.64405
2067,1.36253,,,98.63747
2066,1.34689,,,98.65311
2065,1.35364,,,98.64636
2064,1.36062,,,98.63938
2063,1.34516,,,98.65484
2062,1.3519,,,98.6481
2061,1.35905,,,98.64095
2060,1.3438,,,98.6562
2059,1.35077,,,98.64923
2058,1.35789,,,98.64211
2057,1.34284,,,98.65716
2056,1.35028,,,98.64972
2055,1.35715,,,98.64285
2054,1.34234,,,98.65766
2053,1.35048,,,98.64952
2052,1.35685,,,98.64315
2051,1.34232,,,98.65768
2050,1.35137,,,98.64863
2049,1.35699,,,98.64301
2048,1.34283,,,98.65717
2047,1.35296,,,98.64704
2046,1.35754,,,98.64246
2045,1.34393,,,98.65607
2044,1.35524,,,98.64476
2043,1.3585,,,98.6415
2042,1.34562,,,98.65438
2041,1.35818,,,98.64182
2040,1.35982,,,98.64018
2039,1.34798,,,98.65202
2038,1.36171,,,98.63829
2037,1.36145,,,98.63855
2036,1.35101,,,98.64899
2035,1.36577,,,98.63423
2034,1.36337,,,98.63663
2033,1.35477,,,98.64523
2032,1.37023,,,98.62977
2031,1.36554,,,98.63446
2030,1.35925,,,98.64075
2029,1.37498,,,98.62502
2028,1.36789,,,98.63211
2027,1.36455,,,98.63545
2026,1.37981,,,98.62019
2025,1.37048,,,98.62952
2024,1.37055,,,98.62945
2023,1.38453,,,98.61547
2022,1.37341,,,98.62659
2021,1.37717,,,98.62283
2020,1.38893,,,98.61107
2019,1.37677,,,98.62323
2018,1.38416,,,98.61584
2017,1.39292,,,98.60708
2016,1.38064,,,98.61936
2015,1.39135,,,98.60865
2014,1.39635,,,98.60365
2013,1.38509,,,98.61491
2012,1.39848,,,98.60152
2011,1.39919,,,98.60081
2010,1.39017,,,98.60983
2009,1.40522,,,98.59478
2008,1.40142,,,98.59858
2007,1.39603,,,98.60397
2006,1.4112,,,98.5888
2005,1.40324,,,98.59676
2004,1.40249,,,98.59751
2003,1.41596,,,98.58404
2002,1.40495,,,98.59505
2001,1.40932,,,98.59068
2000,1.41922,,,98.58078
1999,1.40693,,,98.59307
1998,1.416,,,98.584
1997,1.4209,,,98.5791
1996,1.40945,,,98.59055
1995,1.422,,,98.578
1994,1.42111,,,98.57889
1993,1.4127,,,98.5873
1992,1.42675,,,98.57325
1991,1.4202,,,98.5798
1990,1.41669,,,98.58331
1989,1.42966,,,98.57034
1988,1.41871,,,98.58129
1987,1.42123,,,98.57877
1986,1.43025,,,98.56975
1985,1.41739,,,98.58261
1984,1.4256,,,98.5744
1983,1.42846,,,98.57154
1982,1.41693,,,98.58307
1981,1.42886,,,98.57114
1980,1.42469,,,98.57531
1979,1.41766,,,98.58234
1978,1.43003,,,98.56997
1977,1.41985,,,98.58015
1976,1.41938,,,98.58062
1975,1.4284,,,98.5716
1974,1.4151,,,98.5849
1973,1.42129,,,98.57871
1972,1.42381,,,98.57619
1971,1.41153,,,98.58847
1970,1.42213,,,98.57787
1969,1.41693,,,98.58307
1968,1.4097,,,98.5903
1967,1.4206,,,98.5794
1966,1.40911,,,98.59089
1965,1.40928,,,98.59072
1964,1.41584,,,98.58416
1963,1.40202,,,98.59798
1962,1.40907,,,98.59093
1961,1.408,,,98.592
1960,1.39701,,,98.60299
1959,1.40733,,,98.59267
1958,1.39837,,,98.60163
1957,1.3944,,,98.6056
1956,1.40258,,,98.59742
1955,1.38905,,,98.61095
1954,1.39314,,,98.60686
1953,1.39439,,,98.60561
1952,1.382,,,98.618
1951,1.3912,,,98.6088
1950,1.38393,,,98.61607
1949,1.37816,,,98.62184
1948,1.3866,,,98.6134
1947,1.37368,,,98.62632
1946,1.37669,,,98.62331
1945,1.37843,,,98.62157
1944,1.36621,,,98.63379
1943,1.37503,,,98.62497
1942,1.36789,,,98.63211
1941,1.36268,,,98.63732
1940,1.3706,,,98.6294
1939,1.35796,,,98.64204
1938,1.36181,,,98.63819
1937,1.36254,,,98.63746
1936,1.35156,,,98.64844
1935,1.36064,,,98.63936
1934,1.35262,,,98.64738
1933,1.34959,,,98.65041
1932,1.35647,,,98.64353
1931,1.34425,,,98.65575
1930,1.3502,,,98.6498
1929,1.34882,,,98.65118
1928,1.34047,,,98.65953
1927,1.34985,,,98.65015
1926,1.3403,,,98.6597
1925,1.34142,,,98.65858
1924,1.34577,,,98.65423
1923,1.33509,,,98.66491
1922,1.34383,,,98.65617
1921,1.33885,,,98.66115
1920,1.33546,,,98.66454
1919,1.34357,,,98.65643
1918,1.33322,,,98.66678
1917,1.33953,,,98.66047
1916,1.33937,,,98.66063
1915,1.33287,,,98.66713
1914,1.34267,,,98.65733
1913,1.3344,,,98.6656
1912,1.33778,,,98.66222
1911,1.34163,,,98.65837
1910,1.33362,,,98.66638
1909,1.34357,,,98.65643
1908,1.3381,,,98.6619
1907,1.33887,,,98.66113
1906,1.3456,,,98.6544
1905,1.33732,,,98.66268
1904,1.3466,,,98.6534
1903,1.34385,,,98.65615
1902,1.34273,,,98.65727
1901,1.35122,,,98.64878
1900,1.34343,,,98.65657
1899,1.35178,,,98.64822
1898,1.35123,,,98.64877
1897,1.34893,,,98.65107
1896,1.35837,,,98.64163
1895,1.35132,,,98.64868
1894,1.35882,,,98.64118
1893,1.35979,,,98.64021
1892,1.35692,,,98.64308
1891,1.3667,,,98.6333
1890,1.36033,,,98.63967
1889,1.36726,,,98.63274
1888,1.369,,,98.631
1887,1.36599,,,98.63401
1886,1.37572,,,98.62428
1885,1.36977,,,98.63023
1884,1.37643,,,98.62357
1883,1.37824,,,98.62176
1882,1.37543,,,98.62457
1881,1.38478,,,98.61522
1880,1.37896,,,98.62104
1879,1.38565,,,98.61435
1878,1.38685,,,98.61315
1877,1.38453,,,98.61547
1876,1.39317,,,98.60683
1875,1.38723,,,98.61277
1874,1.39415,,,98.60585
1873,1.39413,,,98.60587
1872,1.39262,,,98.60738
1871,1.40012,,,98.59988
1870,1.394,,,98.606
1869,1.40121,,,98.59879
1868,1.39946,,,98.60054
1867,1.39919,,,98.60081
1866,1.40491,,,98.59509
1865,1.39889,,,98.60111
1864,1.40619,,,98.59381
1863,1.40238,,,98.59762
1862,1.40372,,,98.59628
1861,1.40693,,,98.59307
1860,1.40158,,,98.59842
1859,1.40835,,,98.59165
1858,1.40269,,,98.59731
1857,1.40564,,,98.59436
1856,1.40584,,,98.59416
1855,1.40182,,,98.59818
1854,1.40719,,,98.59281
1853,1.40038,,,98.59962
1852,1.40461,,,98.59539
1851,1.40158,,,98.59842
1850,1.39968,,,98.60032
1849,1.40254,,,98.59746
1848,1.39579,,,98.60421
1847,1.40042,,,98.59958
1846,1.39453,,,98.60547
1845,1.39523,,,98.60477
1844,1.39449,,,98.60551
1843,1.38944,,,98.61056
1842,1.39288,,,98.60712
1841,1.38554,,,98.61446
1840,1.38826,,,98.61174
1839,1.38377,,,98.61623
1838,1.38172,,,98.61828
1837,1.38219,,,98.61781
1836,1.37569,,,98.62431
1835,1.37866,,,98.62134
1834,1.3717,,,98.6283
1833,1.37272,,,98.62728
1832,1.3693,,,98.6307
1831,1.36579,,,98.63421
1830,1.36666,,,98.63334
1829,1.35987,,,98.64013
1828,1.36226,,,98.63774
1827,1.35592,,,98.64408
1826,1.35609,,,98.64391
1825,1.35328,,,98.64672
1824,1.34952,,,98.65048
1823,1.35043,,,98.64957
1822,1.34413,,,98.65587
1821,1.34627,,,98.65373
1820,1.34061,,,98.65939
1819,1.34089,,,98.65911
1818,1.33838,,,98.66162
1817,1.33543,,,98.66457
1816,1.33625,,,98.66375
1815,1.3311,,,98.6689
1814,1.33336,,,98.66664
1813,1.32848,,,98.67152
1812,1.32968,,,98.67032
1811,1.32726,,,98.67274
1810,1.32597,,,98.67403
1809,1.32656,,,98.67344
1808,1.32314,,,98.67686
1807,1.32564,,,98.67436
1806,1.32185,,,98.67815
1805,1.32426,,,98.67574
1804,1.32205,,,98.67795
1803,1.32281,,,98.67719
1802,1.32318,,,98.67682
1801,1.32202,,,98.67798
1800,1.32458,,,98.67542
1799,1.32246,,,98.67754
1798,1.3259,,,98.6741
1797,1.32429,,,98.67571
1796,1.32716,,,98.67284
1795,1.32725,,,98.67275
1794,1.32874,,,98.67126
1793,1.33087,,,98.66913
1792,1.33107,,,98.66893
1791,1.33472,,,98.66528
1790,1.33443,,,98.66557
1789,1.33859,,,98.66141
1788,1.33884,,,98.66116
1787,1.34253,,,98.65747
1786,1.34403,,,98.65597
1785,1.34674,,,98.65326
1784,1.34967,,,98.65033
1783,1.35147,,,98.64853
1782,1.35545,,,98.64455
1781,1.35682,,,98.64318
1780,1.36121,,,98.63879
1779,1.36274,,,98.63726
1778,1.36691,,,98.63309
1777,1.36906,,,98.63094
1776,1.37262,,,98.62738
1775,1.37554,,,98.62446
1774,1.37844,,,98.62156
1773,1.38194,,,98.61806
1772,1.38438,,,98.61562
1771,1.38814,,,98.61186
1770,1.39039,,,98.60961
1769,1.39404,,,98.60596
1768,1.39633,,,98.60367
1767,1.39963,,,98.60037
1766,1.40205,,,98.59795
1765,1.40489,,,98.59511
1764,1.40739,,,98.59261
1763,1.40984,,,98.59016
1762,1.41222,,,98.58778
1761,1.41438,,,98.58562
1760,1.41649,,,98.58351
1759,1.41846,,,98.58154
1758,1.42012,,,98.57988
1757,1.42194,,,98.57806
1756,1.42314,,,98.57686
1755,1.42472,,,98.57528
1754,1.42552,,,98.57448
1753,1.42674,,,98.57326
1752,1.42725,,,98.57275
1751,1.42793,,,98.57207
1750,1.42831,,,98.57169
1749,1.42831,,,98.57169
1748,1.42866,,,98.57134
1747,1.4279,,,98.5721
1746,1.42823,,,98.57177
1745,1.4267,,,98.5733
1744,1.42698,,,98.57302
1743,1.42477,,,98.57523
1742,1.42488,,,98.57512
1741,1.42215,,,98.57785
1740,1.42194,,,98.57806
1739,1.41889,,,98.58111
1738,1.41817,,,98.58183
1737,1.41503,,,98.58497
1736,1.41366,,,98.58634
1735,1.41064,,,98.58936
1734,1.40846,,,98.59154
1733,1.40573,,,98.59427
1732,1.4027,,,98.5973
1731,1.40038,,,98.59962
1730,1.39648,,,98.60352
1729,1.39464,,,98.60536
1728,1.38995,,,98.61005
1727,1.38858,,,98.61142
1726,1.38319,,,98.61681
1725,1.38227,,,98.61773
1724,1.37636,,,98.62364
1723,1.37579,,,98.62421
1722,1.36956,,,98.63044
1721,1.36927,,,98.63073
1720,1.36291,,,98.63709
1719,1.36278,,,98.63722
1718,1.35649,,,98.64351
1717,1.35645,,,98.64355
1716,1.35043,,,98.64957
1715,1.35042,,,98.64958
1714,1.34483,,,98.65517
1713,1.3448,,,98.6552
1712,1.33978,,,98.66022
1711,1.3397,,,98.6603
1710,1.33535,,,98.66465
1709,1.33524,,,98.66476
1708,1.33165,,,98.66835
1707,1.33154,,,98.66846
1706,1.32871,,,98.67129
1705,1.32864,,,98.67136
1704,1.3266,,,98.6734
1703,1.3266,,,98.6734
1702,1.32534,,,98.67466
1701,1.32547,,,98.67453
1700,1.32497,,,98.67503
1699,1.32529,,,98.67471
1698,1.32552,,,98.67448
1697,1.32606,,,98.67394
1696,1.32693,,,98.67307
1695,1.32777,,,98.67223
1694,1.32923,,,98.67077
1693,1.3304,,,98.6696
1692,1.33235,,,98.66765
1691,1.33391,,,98.66609
1690,1.33624,,,98.66376
1689,1.33822,,,98.66178
1688,1.34081,,,98.65919
1687,1.34327,,,98.65673
1686,1.34597,,,98.65403
1685,1.34897,,,98.65103
1684,1.35162,,,98.64838
1683,1.3552,,,98.6448
1682,1.35765,,,98.64235
1681,1.36186,,,98.63814
1680,1.36391,,,98.63609
1679,1.3688,,,98.6312
1678,1.37028,,,98.62972
1677,1.37587,,,98.62413
1676,1.3766,,,98.6234
1675,1.38293,,,98.61707
1674,1.38274,,,98.61726
1673,1.38982,,,98.61018
1672,1.38857,,,98.61143
1671,1.39635,,,98.60365
1670,1.39394,,,98.60606
1669,1.40238,,,98.59762
1668,1.39876,,,98.60124
1667,1.40771,,,98.59229
1666,1.40292,,,98.59708
1665,1.41219,,,98.58781
1664,1.40637,,,98.59363
1663,1.41562,,,98.58438
1662,1.40904,,,98.59096
1661,1.41787,,,98.58213
1660,1.41089,,,98.58911
1659,1.41881,,,98.58119
1658,1.41194,,,98.58806
1657,1.41832,,,98.58168
1656,1.41216,,,98.58784
1655,1.41633,,,98.58367
1654,1.41148,,,98.58852
1653,1.41287,,,98.58713
1652,1.40988,,,98.59012
1651,1.40802,,,98.59198
1650,1.40728,,,98.59272
1649,1.40194,,,98.59806
1648,1.40357,,,98.59643
1647,1.39487,,,98.60513
1646,1.39863,,,98.60137
1645,1.38715,,,98.61285
1644,1.39233,,,98.60767
1643,1.37909,,,98.62091
1642,1.38458,,,98.61542
1641,1.37102,,,98.62898
1640,1.37539,,,98.62461
1639,1.36317,,,98.63683
1638,1.36488,,,98.63512
1637,1.35565,,,98.64435
1636,1.35341,,,98.64659
1635,1.34839,,,98.65161
1634,1.34153,,,98.65847
1633,1.34117,,,98.65883
1632,1.32993,,,98.67007
1631,1.33365,,,98.66635
1630,1.31935,,,98.68065
1629,1.32553,,,98.67447
1628,1.31052,,,98.68948
1627,1.3166,,,98.6834
1626,1.30388,,,98.69612
1625,1.30701,,,98.69299
1624,1.2994,,,98.7006
1623,1.29736,,,98.70264
1622,1.29656,,,98.70344
1621,1.28869,,,98.71131
1620,1.29448,,,98.70552
1619,1.28223,,,98.71777
1618,1.2922,,,98.7078
1617,1.27902,,,98.72098
1616,1.28912,,,98.71088
1615,1.27947,,,98.72053
1614,1.28539,,,98.71461
1613,1.28309,,,98.71691
1612,1.28201,,,98.71799
1611,1.28847,,,98.71153
1610,1.28063,,,98.71937
1609,1.29381,,,98.70619
1608,1.28287,,,98.71713
1607,1.29768,,,98.70232
1606,1.2895,,,98.7105
1605,1.29979,,,98.70021
1604,1.29979,,,98.70021
1603,1.30138,,,98.69862
1602,1.31151,,,98.68849
1601,1.30475,,,98.69525
1600,1.32187,,,98.67813
1599,1.31208,,,98.68792
1598,1.32891,,,98.67109
1597,1.32392,,,98.67608
1596,1.33279,,,98.66721
1595,1.33839,,,98.66161
1594,1.33599,,,98.66401
1593,1.35182,,,98.64818
1592,1.34187,,,98.65813
1591,1.36076,,,98.63924
1590,1.35237,,,98.64763
1589,1.36423,,,98.63577
1588,1.36626,,,98.63374
1587,1.36486,,,98.63514
1586,1.37901,,,98.62099
1585,1.36735,,,98.63265
1584,1.38577,,,98.61423
1583,1.37489,,,98.62511
1582,1.38518,,,98.61482
1581,1.38596,,,98.61404
1580,1.38094,,,98.61906
1579,1.39483,,,98.60517
1578,1.37935,,,98.62065
1577,1.39579,,,98.60421
1576,1.38388,,,98.61612
1575,1.3885,,,98.6115
1574,1.39143,,,98.60857
1573,1.37914,,,98.62086
1572,1.39431,,,98.60569
1571,1.3754,,,98.6246
1570,1.38728,,,98.61272
1569,1.37896,,,98.62104
1568,1.37357,,,98.62643
1567,1.38291,,,98.61709
1566,1.3629,,,98.6371
1565,1.37821,,,98.62179
1564,1.36194,,,98.63806
1563,1.36376,,,98.63624
1562,1.36655,,,98.63345
1561,1.34916,,,98.65084
1560,1.3654,,,98.6346
1559,1.34518,,,98.65482
1558,1.35292,,,98.64708
1557,1.35122,,,98.64878
1556,1.33754,,,98.66246
1555,1.35441,,,98.64559
1554,1.33332,,,98.66668
1553,1.34538,,,98.65462
1552,1.34224,,,98.65776
1551,1.33167,,,98.66833
1550,1.35014,,,98.64986
1549,1.32977,,,98.67023
1548,1.34481,,,98.65519
1547,1.34305,,,98.65695
1546,1.33392,,,98.66608
1545,1.35521,,,98.64479
1544,1.33624,,,98.66376
1543,1.35231,,,98.64769
1542,1.35441,,,98.64559
1541,1.34421,,,98.65579
1540,1.36872,,,98.63128
1539,1.35166,,,98.64834
1538,1.36536,,,98.63464
1537,1.37368,,,98.62632
1536,1.35935,,,98.64065
1535,1.38565,,,98.61435
1534,1.37204,,,98.62796
1533,1.37807,,,98.62193
1532,1.39391,,,98.60609
1531,1.37393,,,98.62607
1530,1.39716,,,98.60284
1529,1.39,,,98.61
1528,1.38309,,,98.61691
1527,1.4047,,,98.5953
1526,1.38124,,,98.61876
1525,1.39362,,,98.60638
1524,1.39606,,,98.60394
1523,1.37409,,,98.62591
1522,1.39516,,,98.60484
1521,1.37514,,,98.62486
1520,1.36816,,,98.63184
1519,1.38087,,,98.61913
1518,1.34898,,,98.65102
1517,1.35759,,,98.64241
1516,1.35101,,,98.64899
1515,1.32194,,,98.67806
1514,1.33699,,,98.66301
1513,1.31084,,,98.68916
1512,1.29482,,,98.70518
1511,1.30455,,,98.69545
1510,1.26715,,,98.73285
1509,1.26649,,,98.73351
1508,1.26309,,,98.73691
1507,1.22582,,,98.77418
1506,1.23636,,,98.76364
1505,1.21854,,,98.78146
1504,1.19064,,,98.80936
1503,1.20602,,,98.79398
1502,1.17761,,,98.82239
1501,1.16431,,,98.83569
1500,1.17886,,,98.82114
1499,1.14625,,,98.85375
1498,1.1487,,,98.8513
1497,1.15897,,,98.84103
1496,1.12862,,,98.87138
1495,1.14502,,,98.85498
1494,1.14992,,,98.85008
1493,1.1265,,,98.8735
1492,1.15352,,,98.84648
1491,1.15347,,,98.84653
1490,1.13927,,,98.86073
1489,1.17322,,,98.82678
1488,1.16927,,,98.83073
1487,1.16445,,,98.83555
1486,1.20213,,,98.79787
1485,1.19551,,,98.80449
1484,1.19909,,,98.80091
1483,1.23872,,,98.76128
1482,1.23122,,,98.76878
1481,1.24272,,,98.75728
1480,1.28519,,,98.71481
1479,1.28076,,,98.71924
1478,1.30243,,,98.69757
1477,1.3537,,,98.6463
1476,1.36117,,,98.63883
1475,1.40154,,,98.59846
1474,1.47571,,,98.52429
1473,1.51292,,,98.48708
1472,1.5918,,,98.4082
1471,1.71599,,,98.28401
1470,1.81571,,,98.18429
1469,1.96976,,,98.03024
1468,2.18981,,,97.81019
1467,2.40585,,,97.59415
1466,2.69407,,,97.30593
1465,3.07892,,,96.92108
1464,3.48947,,,96.51053
1463,3.99425,,,96.00575
1462,4.63312,,,95.36688
1461,5.33416,,,94.66584
1460,6.1497,,,93.8503
1459,7.13453,,,92.86547
1458,8.21526,,,91.78474
1457,9.41669,,,90.58331
1456,10.79866,,,89.20134
1455,12.29024,,,87.70976
1454,13.879,,,86.121
1453,15.62054,,,84.37946
1452,17.45198,,,82.54802
1451,19.32385,,,80.67615
1450,21.2797,,,78.7203
1449,23.27721,,,76.72279
1448,25.24332,,,74.75668
1447,27.20638,,,72.79362
1446,29.15621,,,70.84379
1445,31.01792,,,68.98208
1444,32.80307,,,67.19693
1443,34.53605,,,65.46395
1442,36.15881,,,63.84119
1441,37.663,,,62.337
1440,39.09626,,,60.90374
1439,40.43089,,,59.56911
1438,41.63659,,,58.36341
1437,42.7637,,,57.2363
1436,43.81896,,,56.18104
1435,44.75959,,,55.24041
1434,45.61666,,,54.38334
1433,46.42865,,,53.57135
1432,47.15704,,,52.84296
1431,47.79879,,,52.20121
1430,48.40764,,,51.59236
1429,48.9711,,,51.0289
1428,49.45366,,,50.54634
1427,49.8972,,,50.1028
1426,50.32637,,,49.67363
1425,50.69627,,,49.30373
1424,51.01199,,,48.98801
1423,51.32418,,,48.67582
1422,51.61179,,,48.38821
1421,51.83955,,,48.16045
1420,52.04997,,,47.95003
1419,52.26689,,,47.73311
1418,52.44309,,,47.55691
1417,52.57861,,,47.42139
1416,52.72667,,,47.27333
1415,52.87325,,,47.12675
1414,52.97534,,,47.02466
1413,53.06828,,,46.93172
1412,53.19073,,,46.80927
1411,53.30179,,,46.69821
1410,53.3829,,,46.6171
1409,53.48976,,,46.51024
1408,53.63503,,,46.36497
1407,53.76983,,,46.23017
1406,53.90468,,,46.09532
1405,54.09868,,,45.90132
1404,54.34113,,,45.65887
1403,54.58879,,,45.41121
1402,54.87527,,,45.12473
1401,55.25214,,,44.74786
1400,55.69189,,,44.30811
1399,56.16283,,,43.83717
1398,56.71016,,,43.28984
1397,57.37129,,,42.62871
1396,58.10839,,,41.89161
1395,58.89837,,,41.10163
1394,59.78504,,,40.21496
1393,60.78875,,,39.21125
1392,61.86593,,,38.13407
1391,62.99582,,,37.00418
1390,64.21037,,,35.78963
1389,65.51652,,,34.48348
1388,66.86868,,,33.13132
1387,68.24455,,,31.75545
1386,69.6616,,,30.3384
1385,71.11762,,,28.88238
1384,72.57562,,,27.42438
1383,74.01392,,,25.98608
1382,75.44084,,,24.55916
1381,76.85521,,,23.14479
1380,78.23278,,,21.76722
1379,79.55757,,,20.44243
1378,80.83367,,,19.16633
1377,82.06443,,,17.93557
1376,83.23893,,,16.76107
1375,84.34733,,,15.65267
1374,85.39292,,,14.60708
1373,86.38208,,,13.61792
1372,87.31331,,,12.68669
1371,88.18244,,,11.81756
1370,88.99171,,,11.00829
1369,89.7483,,,10.2517
1368,90.4546,,,9.5454
1367,91.11026,,,8.88974
1366,91.71672,,,8.28328
1365,92.27874,,,7.72126
1364,92.80072,,,7.19928
1363,93.28448,,,6.71552
1362,93.73118,,,6.26882
1361,94.14362,,,5.85638
1360,94.52548,,,5.47452
1359,94.87947,,,5.12053
1358,95.20679,,,4.79321
1357,95.50894,,,4.49106
1356,95.78827,,,4.21173
1355,96.04711,,,3.95289
1354,96.28705,,,3.71295
1353,96.50911,,,3.49089
1352,96.71452,,,3.28548
1351,96.90487,,,3.09513
1350,97.08164,,,2.91836
1349,97.24605,,,2.75395
1348,97.39858,,,2.60142
1347,97.54006,,,2.45994
1346,97.67153,,,2.32847
1345,97.79393,,,2.20607
1344,97.90791,,,2.09209
1343,98.01396,,,1.98604
1342,98.11265,,,1.88735
1341,98.20462,,,1.79538
1340,98.29047,,,1.70953
1339,98.37068,,,1.62932
1338,98.44554,,,1.55446
1337,98.51541,,,1.48459
1336,98.58069,,,1.41931
1335,98.64177,,,1.35823
1334,98.69896,,,1.30104
1333,98.75251,,,1.24749
1332,98.80262,,,1.19738
1331,98.84952,,,1.15048
1330,98.89348,,,1.10652
1329,98.93387,,,1.06613
1328,98.97181,,,1.02819
1327,99.00743,,,0.99257
1326,99.04084,,,0.95916
1325,99.0722,,,0.9278
1324,99.10167,,,0.89833
1323,99.12937,,,0.87063
1322,99.1554,,,0.8446
1321,99.17983,,,0.82017
1320,99.20274,,,0.79726
1319,99.22447,,,0.77553
1318,99.24486,,,0.75514
1317,99.26397,,,0.73603
1316,99.28188,,,0.71812
1315,99.29863,,,0.70137
1314,99.31427,,,0.68573
1313,99.32886,,,0.67114
1312,99.34245,,,0.65755
1311,99.35509,,,0.64491
1310,99.36684,,,0.63316
1309,99.37772,,,0.62228
1308,99.38775,,,0.61225
1307,99.39694,,,0.60306
1306,99.40534,,,0.59466
1305,99.41297,,,0.58703
1304,99.41985,,,0.58015
1303,99.42601,,,0.57399
1302,99.43144,,,0.56856
1301,99.43615,,,0.56385
1300,99.44013,,,0.55987
1299,99.44341,,,0.55659
1298,99.44598,,,0.55402
1297,99.44785,,,0.55215
1296,99.44901,,,0.55099
1295,99.44943,,,0.55057
1294,99.4491,,,0.5509
1293,99.44799,,,0.55201
1292,99.44608,,,0.55392
1291,99.44334,,,0.55666
1290,99.43973,,,0.56027
1289,99.43521,,,0.56479
1288,99.42972,,,0.57028
1287,99.42321,,,0.57679
1286,99.4156,,,0.5844
1285,99.40682,,,0.59318
1284,99.39679,,,0.60321
1283,99.38543,,,0.61457
1282,99.37268,,,0.62732
1281,99.35848,,,0.64152
1280,99.3428,,,0.6572
1279,99.32564,,,0.67436
1278,99.30709,,,0.69291
1277,99.28732,,,0.71268
1276,99.26663,,,0.73337
1275,99.24547,,,0.75453
1274,99.22442,,,0.77558
1273,99.20416,,,0.79584
1272,99.18535,,,0.81465
1271,99.16852,,,0.83148
1270,99.15392,,,0.84608
1269,99.14146,,,0.85854
1268,99.13078,,,0.86922
1267,99.12127,,,0.87873
1266,99.11223,,,0.88777
1265,99.103,,,0.897
1264,99.09304,,,0.90696
1263,99.08198,,,0.91802
1262,99.0696,,,0.9304
1261,99.0558,,,0.9442
1260,99.04063,,,0.95937
1259,99.02417,,,0.97583
1258,99.00663,,,0.99337
1257,98.98824,,,1.01176
1256,98.96927,,,1.03073
1255,98.95004,,,1.04996
1254,98.93087,,,1.06913
1253,98.91213,,,1.08787
1252,98.89421,,,1.10579
1251,98.87748,,,1.12252
1250,98.86234,,,1.13766
1249,98.84916,,,1.15084
1248,98.83828,,,1.16172
1247,98.82999,,,1.17001
1246,98.82455,,,1.17545
1245,98.82213,,,1.17787
1244,98.82283,,,1.17717
1243,98.82667,,,1.17333
1242,98.8336,,,1.1664
1241,98.84348,,,1.15652
1240,98.85611,,,1.14389
1239,98.87127,,,1.12873
1238,98.88864,,,1.11136
1237,98.9079,,,1.0921
1236,98.92871,,,1.07129
1235,98.95072,,,1.04928
1234,98.97361,,,1.02639
1233,98.99705,,,1.00295
1232,99.02074,,,0.97926
1231,99.04441,,,0.95559
1230,99.06783,,,0.93217
1229,99.0908,,,0.9092
1228,99.11313,,,0.88687
1227,99.13466,,,0.86534
1226,99.15527,,,0.84473
1225,99.17486,,,0.82514
1224,99.19335,,,0.80665
1223,99.21068,,,0.78932
1222,99.22682,,,0.77318
1221,99.24174,,,0.75826
1220,99.25543,,,0.74457
1219,99.2679,,,0.7321
1218,99.27915,,,0.72085
1217,99.28924,,,0.71076
1216,99.2982,,,0.7018
1215,99.30611,,,0.69389
1214,99.31308,,,0.68692
1213,99.3192,,,0.6808
1212,99.32462,,,0.67538
1211,99.32948,,,0.67052
1210,99.33392,,,0.66608
1209,99.33807,,,0.66193
1208,99.342,,,0.658
1207,99.34576,,,0.65424
1206,99.34932,,,0.65068
1205,99.35262,,,0.64738
1204,99.35552,,,0.64448
1203,99.35792,,,0.64208
1202,99.35967,,,0.64033
1201,99.36066,,,0.63934
1200,99.36081,,,0.63919
1199,99.36007,,,0.63993
1198,99.3584,,,0.6416
1197,99.35581,,,0.64419
1196,99.35232,,,0.64768
1195,99.34796,,,0.65204
1194,99.3428,,,0.6572
1193,99.33691,,,0.66309
1192,99.33036,,,0.66964
1191,99.32326,,,0.67674
1190,99.3157,,,0.6843
1189,99.3078,,,0.6922
1188,99.29969,,,0.70031
1187,99.29152,,,0.70848
1186,99.28344,,,0.71656
1185,99.2756,,,0.7244
1184,99.26818,,,0.73182
1183,99.26136,,,0.73864
1182,99.25531,,,0.74469
1181,99.25021,,,0.74979
1180,99.24623,,,0.75377
1179,99.2435,,,0.7565
1178,99.24216,,,0.75784
1177,99.24233,,,0.75767
1176,99.24408,,,0.75592
1175,99.24742,,,0.75258
1174,99.25236,,,0.74764
1173,99.25885,,,0.74115
1172,99.2668,,,0.7332
1171,99.27611,,,0.72389
1170,99.28663,,,0.71337
1169,99.29827,,,0.70173
1168,99.31079,,,0.68921
1167,99.32401,,,0.67599
1166,99.33776,,,0.66224
1165,99.35186,,,0.64814
1164,99.36615,,,0.63385
1163,99.38048,,,0.61952
1162,99.39471,,,0.60529
1161,99.40871,,,0.59129
1160,99.42237,,,0.57763
1159,99.43559,,,0.56441
1158,99.4483,,,0.5517
1157,99.46042,,,0.53958
1156,99.4719,,,0.5281
1155,99.48271,,,0.51729
1154,99.49281,,,0.50719
1153,99.50218,,,0.49782
1152,99.51082,,,0.48918
1151,99.51873,,,0.48127
1150,99.52592,,,0.47408
1149,99.53239,,,0.46761
1148,99.53816,,,0.46184
1147,99.54321,,,0.45679
1146,99.54756,,,0.45244
1145,99.55119,,,0.44881
1144,99.5541,,,0.4459
1143,99.55625,,,0.44375
1142,99.55764,,,0.44236
1141,99.55823,,,0.44177
1140,99.558,,,0.442
1139,99.55692,,,0.44308
1138,99.55499,,,0.44501
1137,99.55218,,,0.44782
1136,99.54848,,,0.45152
1135,99.54388,,,0.45612
1134,99.53834,,,0.46166
1133,99.53184,,,0.46816
1132,99.52437,,,0.47563
1131,99.51588,,,0.48412
1130,99.50638,,,0.49362
1129,99.49585,,,0.50415
1128,99.4843,,,0.5157
1127,99.47173,,,0.52827
1126,99.45817,,,0.54183
1125,99.44362,,,0.55638
1124,99.42811,,,0.57189
1123,99.41169,,,0.58831
1122,99.39442,,,0.60558
1121,99.37642,,,0.62358
1120,99.35784,,,0.64216
1119,99.33887,,,0.66113
1118,99.31974,,,0.68026
1117,99.30068,,,0.69932
1116,99.28194,,,0.71806
1115,99.26378,,,0.73622
1114,99.24655,,,0.75345
1113,99.23059,,,0.76941
1112,99.21629,,,0.78371
1111,99.20397,,,0.79603
1110,99.1939,,,0.8061
1109,99.18622,,,0.81378
1108,99.18106,,,0.81894
1107,99.1785,,,0.8215
1106,99.17857,,,0.82143
1105,99.18122,,,0.81878
1104,99.18627,,,0.81373
1103,99.1934,,,0.8066
1102,99.20228,,,0.79772
1101,99.2126,,,0.7874
1100,99.2241,,,0.7759
1099,99.23649,,,0.76351
1098,99.24941,,,0.75059
1097,99.26248,,,0.73752
1096,99.27539,,,0.72461
1095,99.28794,,,0.71206
1094,99.29996,,,0.70004
1093,99.31129,,,0.68871
1092,99.32171,,,0.67829
1091,99.33104,,,0.66896
1090,99.3392,,,0.6608
1089,99.34616,,,0.65384
1088,99.35185,,,0.64815
1087,99.35616,,,0.64384
1086,99.35898,,,0.64102
1085,99.36026,,,0.63974
1084,99.36001,,,0.63999
1083,99.3582,,,0.6418
1082,99.35472,,,0.64528
1081,99.34949,,,0.65051
1080,99.34246,,,0.65754
1079,99.33366,,,0.66634
1078,99.32301,,,0.67699
1077,99.3104,,,0.6896
1076,99.29577,,,0.70423
1075,99.27912,,,0.72088
1074,99.2605,,,0.7395
1073,99.23986,,,0.76014
1072,99.21717,,,0.78283
1071,99.19256,,,0.80744
1070,99.1663,,,0.8337
1069,99.13856,,,0.86144
1068,99.10961,,,0.89039
1067,99.07994,,,0.92006
1066,99.05025,,,0.94975
1065,99.02126,,,0.97874
1064,98.99369,,,1.00631
1063,98.96854,,,1.03146
1062,98.94701,,,1.05299
1061,98.93004,,,1.06996
1060,98.91842,,,1.08158
1059,98.91303,,,1.08697
1058,98.91445,,,1.08555
1057,98.92272,,,1.07728
1056,98.93756,,,1.06244
1055,98.95861,,,1.04139
1054,98.98512,,,1.01488
1053,99.01597,,,0.98403
1052,99.05008,,,0.94992
1051,99.08649,,,0.91351
1050,99.12413,,,0.87587
1049,99.16206,,,0.83794
1048,99.19955,,,0.80045
1047,99.23603,,,0.76397
1046,99.27097,,,0.72903
1045,99.30407,,,0.69593
1044,99.3352,,,0.6648
1043,99.36421,,,0.63579
1042,99.39103,,,0.60897
1041,99.41576,,,0.58424
1040,99.43845,,,0.56155
1039,99.45917,,,0.54083
1038,99.47805,,,0.52195
1037,99.49522,,,0.50478
1036,99.5108,,,0.4892
1035,99.52492,,,0.47508
1034,99.53775,,,0.46225
1033,99.54939,,,0.45061
1032,99.56001,,,0.43999
1031,99.56974,,,0.43026
1030,99.57871,,,0.42129
1029,99.58707,,,0.41293
1028,99.59497,,,0.40503
1027,99.60251,,,0.39749
1026,99.60984,,,0.39016
1025,99.6171,,,0.3829
1024,99.62438,,,0.37562
1023,99.63181,,,0.36819
1022,99.63948,,,0.36052
1021,99.64745,,,0.35255
1020,99.6558,,,0.3442
1019,99.66455,,,0.33545
1018,99.67369,,,0.32631
1017,99.6832,,,0.3168
1016,99.69301,,,0.30699
1015,99.70305,,,0.29695
1014,99.71322,,,0.28678
1013,99.72338,,,0.27662
1012,99.73343,,,0.26657
1011,99.74324,,,0.25676
1010,99.75275,,,0.24725
1009,99.76196,,,0.23804
1008,99.77098,,,0.22902
1007,99.78003,,,0.21997
1006,99.78934,,,0.21066
1005,99.79899,,,0.20101
1004,99.80883,,,0.19117
1003,99.81854,,,0.18146
1002,99.8278,,,0.1722
1001,99.83642,,,0.16358
1000,99.84428,,,0.15572
999,99.85141,,,0.14859
998,99.8578,,,0.1422
997,99.86352,,,0.13648
996,99.86861,,,0.13139
995,99.87312,,,0.12688
994,99.87709,,,0.12291
993,99.88055,,,0.11945
992,99.88355,,,0.11645
991,99.88609,,,0.11391
990,99.88819,,,0.11181
989,99.88989,,,0.11011
988,99.89118,,,0.10882
987,99.89206,,,0.10794
986,99.89255,,,0.10745
985,99.89263,,,0.10737
984,99.8923,,,0.1077
983,99.89154,,,0.10846
982,99.89033,,,0.10967
981,99.88866,,,0.11134
980,99.88648,,,0.11352
979,99.88375,,,0.11625
978,99.88042,,,0.11958
977,99.87642,,,0.12358
976,99.87168,,,0.12832
975,99.86609,,,0.13391
974,99.85955,,,0.14045
973,99.85191,,,0.14809
972,99.84301,,,0.15699
971,99.83262,,,0.16738
970,99.82051,,,0.17949
969,99.80635,,,0.19365
968,99.78977,,,0.21023
967,99.77033,,,0.22967
966,99.74748,,,0.25252
965,99.72058,,,0.27942
964,99.68887,,,0.31113
963,99.65151,,,0.34849
962,99.60761,,,0.39239
961,99.55634,,,0.44366
960,99.49714,,,0.50286
959,99.43006,,,0.56994
958,99.35636,,,0.64364
957,99.2791,,,0.7209
956,99.20373,,,0.79627
955,99.1379,,,0.8621
954,99.09022,,,0.90978
953,99.0677,,,0.9323
952,99.07313,,,0.92687
951,99.10394,,,0.89606
950,99.15346,,,0.84654
949,99.21348,,,0.78652
948,99.27638,,,0.72362
947,99.33635,,,0.66365
946,99.3893,,,0.6107
945,99.43226,,,0.56774
944,99.46301,,,0.53699
943,99.48281,,,0.51719
942,99.50331,,,0.49669
941,99.53885,,,0.46115
940,99.58207,,,0.41793
939,99.61964,,,0.38036
938,99.6485,,,0.3515
937,99.67017,,,0.32983
936,99.68645,,,0.31355
935,99.69862,,,0.30138
934,99.70751,,,0.29249
933,99.71361,,,0.28639
932,99.71729,,,0.28271
931,99.71872,,,0.28128
930,99.71802,,,0.28198
929,99.71523,,,0.28477
928,99.71029,,,0.28971
927,99.70312,,,0.29688
926,99.69355,,,0.30645
925,99.68134,,,0.31866
924,99.66617,,,0.33383
923,99.64765,,,0.35235
922,99.62518,,,0.37482
921,99.59811,,,0.40189
920,99.56555,,,0.43445
919,99.52629,,,0.47371
918,99.47884,,,0.52116
917,99.42129,,,0.57871
916,99.35099,,,0.64901
915,99.26441,,,0.73559
914,99.15701,,,0.84299
913,99.02234,,,0.97766
912,98.8512,,,1.1488
911,98.63113,,,1.36887
910,98.34433,,,1.65567
909,97.9633,,,2.0367
908,97.44816,,,2.55184
907,96.74108,,,3.25892
906,95.75423,,,4.24577
905,94.35129,,,5.64871
904,92.34406,,,7.65594
903,89.53321,,,10.46679
902,85.8257,,,14.1743
901,81.52467,,,18.47533
900,77.78526,,,22.21474
,,,,
,,,,
,,,,
,,,,
,,,,
,,,,
,,,,
,,,,
,,,,
,,,,
,,,,
,,,,
,,,,
,,,,
,,,,
,,,,
,,,,
,,,,
,,,,
,,,,
,,,,
,,,,
,,,,
,,,,
,,,,
,,,,
,,,,
,,,,
,,,,
,,,,
,,,,
,,,,
,,,,
,,,,
,,,,
,,,,
,,,,
,,,,
,,,,
,,,,
,,,,
,,,,
,,,,
,,,,
,,,,
,,,,
,,,,
,,,,
,,,,
,,,,
,,,,
,,,,
,,,,
,,,,
,,,,
,,,,
,,,,
,,,,
,,,,
,,,,
,,,,
,,,,
,,,,
,,,,
,,,,
,,,,
,,,,
,,,,
,,,,
,,,,
,,,,
,,,,
,,,,
,,,,
,,,,
,,,,
,,,,
,,,,
,,,,
,,,,
,,,,
,,,,
,,,,
,,,,
,,,,
,,,,
,,,,
,,,,
,,,,
,,,,
,,,,
,,,,
,,,,
,,,,
,,,,
,,,,
,,,,
,,,,
,,,,
,,,,
,,,,
,,,,
,,,,
,,,,
,,,,
,,,,
,,,,
,,,,
,,,,
,,,,
,,,,
,,,,
,,,,
,,,,
,,,,
,,,,
,,,,
,,,,
,,,,
,,,,
,,,,
,,,,
,,,,
,,,,
,,,,
,,,,
,,,,
,,,,
,,,,
,,,,
,,,,
,,,,
,,,,
,,,,
,,,,
,,,,
,,,,
,,,,
,,,,
,,,,
,,,,
,,,,
,,,,
,,,,
,,,,
,,,,
,,,,
,,,,
,,,,
,,,,
,,,,
,,,,
,,,,
,,,,
,,,,
,,,,
,,,,
,,,,
,,,,
,,,,
,,,,
,,,,
,,,,
,,,,
,,,,
,,,,
,,,,
,,,,
,,,,
,,,,
,,,,
,,,,
,,,,
,,,,
,,,,
,,,,
,,,,
,,,,
,,,,
,,,,
,,,,
,,,,
,,,,
,,,,
,,,,
,,,,
,,,,
,,,,
,,,,
,,,,
,,,,
,,,,
,,,,
,,,,
,,,,
,,,,
,,,,
,,,,
,,,,
,,,,
,,,,
,,,,
,,,,
,,,,
,,,,
,,,,
,,,,
,,,,
,,,,
,,,,
,,,,
,,,,
,,,,
,,,,
,,,,
,,,,
,,,,
,,,,
,,,,
,,,,
,,,,
,,,,
,,,,
,,,,
,,,,
,,,,
,,,,
,,,,
,,,,
,,,,
,,,,
,,,,
,,,,
,,,,
,,,,
,,,,
,,,,
,,,,
,,,,
,,,,
,,,,
,,,,
,,,,
,,,,
,,,,
,,,,
,,,,
,,,,
,,,,
,,,,
,,,,
,,,,
,,,,
,,,,
,,,,
,,,,
,,,,
,,,,
,,,,
,,,,
,,,,
,,,,
,,,,
,,,,
,,,,
,,,,
,,,,
,,,,
,,,,
,,,,
,,,,
,,,,
,,,,
,,,,
,,,,
,,,,
,,,,
,,,,
,,,,
,,,,
,,,,
,,,,
,,,,
,,,,
,,,,
,,,,
,,,,
,,,,
,,,,
,,,,
,,,,
,,,,
,,,,
,,,,
,,,,
,,,,
,,,,
,,,,
,,,,
,,,,
,,,,
,,,,
,,,,
,,,,
,,,,
,,,,
,,,,
,,,,
,,,,
,,,,
,,,,
,,,,
,,,,
,,,,
,,,,
,,,,
,,,,
,,,,
,,,,
,,,,
,,,,
,,,,
,,,,
,,,,
,,,,
,,,,
,,,,
,,,,
,,,,
,,,,
,,,,
,,,,
,,,,
,,,,
,,,,
,,,,
,,,,
,,,,
,,,,
,,,,
,,,,
,,,,
,,,,
,,,,
,,,,
,,,,
,,,,
,,,,
,,,,
,,,,
,,,,
,,,,
,,,,
,,,,
,,,,
,,,,
,,,,
,,,,
,,,,
,,,,
,,,,
,,,,
,,,,
,,,,
,,,,
,,,,
,,,,
,,,,
,,,,
,,,,
,,,,
,,,,
,,,,
,,,,
,,,,
,,,,
,,,,
,,,,
,,,,
,,,,
,,,,
,,,,
,,,,
,,,,
,,,,
,,,,
,,,,
,,,,
,,,,
,,,,
,,,,
,,,,
,,,,
,,,,
,,,,
,,,,
,,,,
,,,,
,,,,
,,,,
,,,,
,,,,
,,,,
,,,,
,,,,
,,,,
,,,,
,,,,
,,,,
,,,,
,,,,
,,,,
,,,,
,,,,
,,,,
,,,,
,,,,
,,,,
,,,,
,,,,
,,,,
,,,,
,,,,
,,,,
,,,,
,,,,
,,,,
,,,,
,,,,
,,,,
,,,,
,,,,
,,,,
,,,,
,,,,
,,,,
,,,,
,,,,
,,,,
,,,,
,,,,
,,,,
,,,,
,,,,
,,,,
,,,,
,,,,
,,,,
,,,,
,,,,
,,,,
,,,,
,,,,
,,,,
,,,,
,,,,
,,,,
,,,,
,,,,
,,,,
,,,,
,,,,
,,,,
,,,,
,,,,
,,,,
,,,,
,,,,
,,,,
,,,,
,,,,
,,,,
,,,,
,,,,
,,,,
,,,,
,,,,
,,,,
,,,,
,,,,
,,,,
,,,,
,,,,
,,,,
,,,,
,,,,
,,,,
,,,,
,,,,
,,,,
,,,,
,,,,
,,,,
,,,,
,,,,
,,,,
,,,,
,,,,
,,,,
,,,,
,,,,
,,,,
,,,,
,,,,
,,,,
,,,,
,,,,
,,,,
,,,,
,,,,
,,,,
,,,,
,,,,
,,,,
,,,,
,,,,
,,,,
,,,,
,,,,
,,,,
,,,,
,,,,
,,,,
,,,,
,,,,
,,,,
,,,,
,,,,
,,,,
,,,,
,,,,
,,,,
,,,,
,,,,
,,,,
,,,,
,,,,
,,,,
,,,,
,,,,
,,,,
,,,,
,,,,
,,,,
,,,,
,,,,
,,,,
,,,,
,,,,
,,,,
,,,,
,,,,
,,,,
,,,,
,,,,
,,,,
,,,,
,,,,
,,,,
,,,,
,,,,
,,,,
,,,,
,,,,
,,,,
,,,,
,,,,
,,,,
,,,,
,,,,
,,,,
,,,,
,,,,
,,,,
,,,,
,,,,
,,,,
,,,,
,,,,
,,,,
,,,,
,,,,
,,,,
,,,,
,,,,
,,,,
,,,,
,,,,
,,,,
,,,,
,,,,
,,,,
,,,,
,,,,
,,,,
,,,,
,,,,
,,,,
,,,,
,,,,
,,,,
,,,,
,,,,
,,,,
,,,,
,,,,
,,,,
,,,,
,,,,
,,,,
,,,,
,,,,
,,,,
,,,,
,,,,
,,,,
,,,,
,,,,
,,,,
,,,,
,,,,
,,,,
,,,,
,,,,
,,,,
,,,,
,,,,
,,,,
,,,,
,,,,
,,,,
,,,,
,,,,
,,,,
,,,,
,,,,
,,,,
,,,,
,,,,
,,,,
,,,,
,,,,
,,,,
,,,,
,,,,
,,,,
,,,,
,,,,
,,,,
,,,,
,,,,
,,,,
,,,,
,,,,
,,,,
,,,,
,,,,
,,,,
,,,,
,,,,
,,,,
,,,,
,,,,
,,,,
,,,,
,,,,
,,,,
,,,,
,,,,
,,,,
,,,,
,,,,
,,,,
,,,,
,,,,
,,,,
,,,,
,,,,
,,,,
,,,,
,,,,
,,,,
,,,,
,,,,
,,,,
,,,,
,,,,
,,,,
,,,,
,,,,
,,,,
,,,,
,,,,
,,,,
,,,,
,,,,
,,,,
,,,,
,,,,
,,,,
,,,,
,,,,
,,,,
,,,,
,,,,
,,,,
,,,,
,,,,
,,,,
,,,,
,,,,
,,,,
,,,,
,,,,
,,,,
,,,,
,,,,
,,,,
,,,,
,,,,
,,,,
,,,,
,,,,
,,,,
,,,,
,,,,
,,,,
,,,,
,,,,
,,,,
,,,,
,,,,
,,,,
,,,,
,,,,
,,,,
,,,,
,,,,
,,,,
,,,,
,,,,
,,,,
,,,,
,,,,
,,,,
,,,,
,,,,
,,,,
,,,,
,,,,
,,,,
,,,,
,,,,
,,,,
,,,,
,,,,
,,,,
,,,,
,,,,
,,,,
,,,,
,,,,
,,,,
,,,,
,,,,
,,,,
,,,,
,,,,
,,,,
,,,,
,,,,
,,,,
,,,,
,,,,
,,,,
,,,,
,,,,
,,,,
,,,,
,,,,
,,,,
,,,,
,,,,
,,,,
,,,,
,,,,
,,,,
,,,,
,,,,
,,,,
,,,,
,,,,
,,,,
,,,,
,,,,
,,,,
,,,,
,,,,
,,,,
,,,,
,,,,
,,,,
,,,,
,,,,
,,,,
,,,,
,,,,
,,,,
,,,,
,,,,
,,,,
,,,,
,,,,
,,,,
,,,,
,,,,
,,,,
,,,,
,,,,
,,,,
,,,,
,,,,
,,,,
,,,,
,,,,
,,,,
,,,,
,,,,
,,,,
,,,,
,,,,
,,,,
,,,,
,,,,
,,,,
,,,,
,,,,
,,,,
,,,,
,,,,
,,,,
,,,,
,,,,
,,,,
,,,,
,,,,
,,,,
,,,,
,,,,
,,,,
,,,,
,,,,
,,,,
,,,,
,,,,
,,,,
,,,,
,,,,
,,,,
,,,,
,,,,
,,,,
,,,,
,,,,
,,,,
,,,,
,,,,
,,,,
,,,,
,,,,
,,,,
,,,,
,,,,
,,,,
,,,,
,,,,
,,,,
,,,,
,,,,
,,,,
,,,,
,,,,
,,,,
,,,,
,,,,
,,,,
,,,,
,,,,
,,,,
,,,,
,,,,
,,,,
,,,,
,,,,
,,,,
,,,,
,,,,
,,,,
,,,,
,,,,