Wavelength[nm],f/6 + AOI 0 deg,
3000,6.52E-04,
2999,6.66E-04,
2998,6.81E-04,
2997,6.98E-04,
2996,7.15E-04,
2995,0.0007335,
2994,0.000753356,
2993,0.00077464,
2992,0.000797076,
2991,0.000821107,
2990,0.000846447,
2989,0.000873373,
2988,0.000901571,
2987,0.000931322,
2986,0.000962277,
2985,0.000994489,
2984,0.00102778,
2983,0.00106194,
2982,0.001096983,
2981,0.0011324,
2980,0.001167885,
2979,0.001202818,
2978,0.001237086,
2977,0.001269697,
2976,0.001300469,
2975,0.001328618,
2974,0.00135363,
2973,0.001374675,
2972,0.001391554,
2971,0.001403137,
2970,0.001409289,
2969,0.001410263,
2968,0.0014054,
2967,0.001394762,
2966,0.001378796,
2965,1.36E-03,
2964,0.001331374,
2963,0.001301368,
2962,0.001267652,
2961,1.23E-03,
2960,1.19E-03,
2959,1.15E-03,
2958,1.11E-03,
2957,1.07E-03,
2956,1.03E-03,
2955,9.89E-04,
2954,9.50E-04,
2953,9.12E-04,
2952,8.75E-04,
2951,8.40E-04,
2950,8.06E-04,
2949,7.74E-04,
2948,7.44E-04,
2947,7.15E-04,
2946,6.89E-04,
2945,6.64E-04,
2944,6.40E-04,
2943,6.18E-04,
2942,5.98E-04,
2941,5.79E-04,
2940,5.61E-04,
2939,5.45E-04,
2938,5.30E-04,
2937,5.16E-04,
2936,5.04E-04,
2935,4.92E-04,
2934,4.81E-04,
2933,4.72E-04,
2932,4.63E-04,
2931,4.56E-04,
2930,4.49E-04,
2929,4.43E-04,
2928,4.38E-04,
2927,4.34E-04,
2926,4.30E-04,
2925,4.27E-04,
2924,4.26E-04,
2923,4.24E-04,
2922,4.24E-04,
2921,4.25E-04,
2920,4.26E-04,
2919,4.28E-04,
2918,4.31E-04,
2917,4.35E-04,
2916,4.39E-04,
2915,4.45E-04,
2914,4.52E-04,
2913,4.59E-04,
2912,4.68E-04,
2911,4.79E-04,
2910,4.90E-04,
2909,5.03E-04,
2908,5.17E-04,
2907,5.33E-04,
2906,5.51E-04,
2905,5.71E-04,
2904,5.94E-04,
2903,6.18E-04,
2902,6.46E-04,
2901,6.76E-04,
2900,7.10E-04,
2899,7.47E-04,
2898,7.89E-04,
2897,8.36E-04,
2896,8.87E-04,
2895,9.44E-04,
2894,1.01E-03,
2893,1.08E-03,
2892,1.15E-03,
2891,1.24E-03,
2890,1.33E-03,
2889,1.43E-03,
2888,1.54E-03,
2887,1.66E-03,
2886,1.78E-03,
2885,1.90E-03,
2884,2.01E-03,
2883,2.12E-03,
2882,2.22E-03,
2881,2.30E-03,
2880,2.35E-03,
2879,2.38E-03,
2878,2.37E-03,
2877,2.34E-03,
2876,2.27E-03,
2875,2.19E-03,
2874,2.08E-03,
2873,1.97E-03,
2872,1.85E-03,
2871,1.72E-03,
2870,1.60E-03,
2869,1.49E-03,
2868,1.38E-03,
2867,1.28E-03,
2866,1.19E-03,
2865,1.11E-03,
2864,1.04E-03,
2863,9.68E-04,
2862,9.07E-04,
2861,8.53E-04,
2860,8.05E-04,
2859,7.62E-04,
2858,7.23E-04,
2857,6.89E-04,
2856,6.59E-04,
2855,6.32E-04,
2854,6.09E-04,
2853,5.88E-04,
2852,5.70E-04,
2851,5.54E-04,
2850,5.41E-04,
2849,5.30E-04,
2848,5.20E-04,
2847,5.13E-04,
2846,5.08E-04,
2845,5.05E-04,
2844,5.03E-04,
2843,5.03E-04,
2842,5.06E-04,
2841,5.10E-04,
2840,5.17E-04,
2839,5.25E-04,
2838,5.37E-04,
2837,5.51E-04,
2836,5.67E-04,
2835,5.88E-04,
2834,6.12E-04,
2833,6.40E-04,
2832,6.74E-04,
2831,7.13E-04,
2830,7.59E-04,
2829,8.14E-04,
2828,8.78E-04,
2827,9.53E-04,
2826,1.04E-03,
2825,1.15E-03,
2824,1.27E-03,
2823,1.42E-03,
2822,1.59E-03,
2821,1.78E-03,
2820,1.99E-03,
2819,2.20E-03,
2818,2.39E-03,
2817,2.54E-03,
2816,2.62E-03,
2815,2.59E-03,
2814,2.46E-03,
2813,2.26E-03,
2812,2.00E-03,
2811,1.73E-03,
2810,1.47E-03,
2809,1.24E-03,
2808,1.04E-03,
2807,8.79E-04,
2806,7.42E-04,
2805,6.30E-04,
2804,5.38E-04,
2803,4.62E-04,
2802,4.00E-04,
2801,3.49E-04,
2800,3.06E-04,
2799,2.70E-04,
2798,2.39E-04,
2797,2.13E-04,
2796,1.91E-04,
2795,1.72E-04,
2794,1.56E-04,
2793,1.42E-04,
2792,1.29E-04,
2791,1.18E-04,
2790,1.09E-04,
2789,1.01E-04,
2788,9.31E-05,
2787,8.65E-05,
2786,8.06E-05,
2785,7.54E-05,
2784,7.07E-05,
2783,6.65E-05,
2782,6.27E-05,
2781,5.92E-05,
2780,5.61E-05,
2779,5.33E-05,
2778,5.08E-05,
2777,4.85E-05,
2776,4.64E-05,
2775,4.45E-05,
2774,4.27E-05,
2773,4.12E-05,
2772,3.97E-05,
2771,3.84E-05,
2770,3.72E-05,
2769,3.62E-05,
2768,3.52E-05,
2767,3.43E-05,
2766,3.36E-05,
2765,3.29E-05,
2764,3.22E-05,
2763,3.17E-05,
2762,3.12E-05,
2761,3.08E-05,
2760,3.05E-05,
2759,3.02E-05,
2758,3.00E-05,
2757,2.98E-05,
2756,2.97E-05,
2755,2.97E-05,
2754,2.97E-05,
2753,2.98E-05,
2752,2.99E-05,
2751,3.01E-05,
2750,3.03E-05,
2749,3.06E-05,
2748,3.10E-05,
2747,3.14E-05,
2746,3.19E-05,
2745,3.24E-05,
2744,3.31E-05,
2743,3.38E-05,
2742,3.45E-05,
2741,3.54E-05,
2740,3.63E-05,
2739,3.74E-05,
2738,3.85E-05,
2737,3.97E-05,
2736,4.09E-05,
2735,4.23E-05,
2734,4.37E-05,
2733,4.52E-05,
2732,4.68E-05,
2731,4.83E-05,
2730,4.99E-05,
2729,5.15E-05,
2728,5.30E-05,
2727,5.45E-05,
2726,5.57E-05,
2725,5.68E-05,
2724,5.77E-05,
2723,5.82E-05,
2722,5.84E-05,
2721,5.83E-05,
2720,5.77E-05,
2719,5.68E-05,
2718,5.55E-05,
2717,5.39E-05,
2716,5.20E-05,
2715,4.98E-05,
2714,4.75E-05,
2713,4.51E-05,
2712,4.27E-05,
2711,4.02E-05,
2710,3.78E-05,
2709,3.54E-05,
2708,3.32E-05,
2707,3.11E-05,
2706,2.90E-05,
2705,2.72E-05,
2704,2.54E-05,
2703,2.38E-05,
2702,2.23E-05,
2701,2.09E-05,
2700,1.96E-05,
2699,1.84E-05,
2698,1.74E-05,
2697,1.64E-05,
2696,1.55E-05,
2695,1.46E-05,
2694,1.39E-05,
2693,1.32E-05,
2692,1.25E-05,
2691,1.19E-05,
2690,1.14E-05,
2689,1.09E-05,
2688,1.04E-05,
2687,1.00E-05,
2686,9.64E-06,
2685,9.29E-06,
2684,8.96E-06,
2683,8.66E-06,
2682,8.38E-06,
2681,8.13E-06,
2680,7.90E-06,
2679,7.68E-06,
2678,7.47E-06,
2677,7.29E-06,
2676,7.12E-06,
2675,6.96E-06,
2674,6.82E-06,
2673,6.69E-06,
2672,6.58E-06,
2671,6.47E-06,
2670,6.38E-06,
2669,6.30E-06,
2668,6.22E-06,
2667,6.15E-06,
2666,6.10E-06,
2665,6.05E-06,
2664,6.01E-06,
2663,5.99E-06,
2662,5.97E-06,
2661,5.96E-06,
2660,5.96E-06,
2659,5.96E-06,
2658,5.98E-06,
2657,6.01E-06,
2656,6.05E-06,
2655,6.09E-06,
2654,6.15E-06,
2653,6.21E-06,
2652,6.28E-06,
2651,6.37E-06,
2650,6.46E-06,
2649,6.57E-06,
2648,6.69E-06,
2647,6.82E-06,
2646,6.96E-06,
2645,7.12E-06,
2644,7.29E-06,
2643,7.48E-06,
2642,7.69E-06,
2641,7.91E-06,
2640,8.16E-06,
2639,8.42E-06,
2638,8.71E-06,
2637,9.03E-06,
2636,9.37E-06,
2635,9.74E-06,
2634,1.01E-05,
2633,1.06E-05,
2632,1.11E-05,
2631,1.16E-05,
2630,1.22E-05,
2629,1.28E-05,
2628,1.34E-05,
2627,1.42E-05,
2626,1.50E-05,
2625,1.59E-05,
2624,1.68E-05,
2623,1.79E-05,
2622,1.91E-05,
2621,2.04E-05,
2620,2.18E-05,
2619,2.34E-05,
2618,2.52E-05,
2617,2.71E-05,
2616,2.93E-05,
2615,3.18E-05,
2614,3.45E-05,
2613,3.76E-05,
2612,4.10E-05,
2611,4.49E-05,
2610,4.93E-05,
2609,5.43E-05,
2608,6.00E-05,
2607,6.65E-05,
2606,7.39E-05,
2605,8.24E-05,
2604,9.22E-05,
2603,1.04E-04,
2602,1.17E-04,
2601,1.32E-04,
2600,1.49E-04,
2599,1.70E-04,
2598,1.94E-04,
2597,2.23E-04,
2596,2.56E-04,
2595,2.95E-04,
2594,3.41E-04,
2593,3.95E-04,
2592,4.59E-04,
2591,5.34E-04,
2590,6.22E-04,
2589,7.23E-04,
2588,8.40E-04,
2587,9.73E-04,
2586,1.12E-03,
2585,1.28E-03,
2584,1.46E-03,
2583,1.63E-03,
2582,1.81E-03,
2581,1.98E-03,
2580,2.14E-03,
2579,2.28E-03,
2578,2.39E-03,
2577,2.48E-03,
2576,2.54E-03,
2575,2.57E-03,
2574,2.58E-03,
2573,2.56E-03,
2572,2.53E-03,
2571,2.48E-03,
2570,2.42E-03,
2569,2.35E-03,
2568,2.27E-03,
2567,2.19E-03,
2566,2.10E-03,
2565,2.00E-03,
2564,1.91E-03,
2563,1.81E-03,
2562,1.72E-03,
2561,1.63E-03,
2560,1.54E-03,
2559,1.45E-03,
2558,1.37E-03,
2557,1.29E-03,
2556,1.22E-03,
2555,1.15E-03,
2554,1.09E-03,
2553,1.03E-03,
2552,9.84E-04,
2551,9.38E-04,
2550,8.97E-04,
2549,8.60E-04,
2548,8.27E-04,
2547,7.99E-04,
2546,7.74E-04,
2545,7.54E-04,
2544,7.37E-04,
2543,7.23E-04,
2542,7.13E-04,
2541,7.07E-04,
2540,7.03E-04,
2539,7.03E-04,
2538,7.07E-04,
2537,7.14E-04,
2536,7.25E-04,
2535,7.40E-04,
2534,7.59E-04,
2533,7.83E-04,
2532,8.12E-04,
2531,8.46E-04,
2530,8.86E-04,
2529,9.33E-04,
2528,9.87E-04,
2527,1.05E-03,
2526,1.12E-03,
2525,1.19E-03,
2524,1.27E-03,
2523,1.35E-03,
2522,1.43E-03,
2521,1.51E-03,
2520,1.56E-03,
2519,1.60E-03,
2518,1.62E-03,
2517,1.60E-03,
2516,1.54E-03,
2515,1.47E-03,
2514,1.37E-03,
2513,1.26E-03,
2512,1.14E-03,
2511,1.03E-03,
2510,9.22E-04,
2509,8.24E-04,
2508,7.36E-04,
2507,6.59E-04,
2506,5.91E-04,
2505,5.32E-04,
2504,4.82E-04,
2503,4.38E-04,
2502,4.00E-04,
2501,3.67E-04,
2500,3.39E-04,
2499,3.15E-04,
2498,2.94E-04,
2497,2.76E-04,
2496,2.60E-04,
2495,0.000246377,
2494,0.000234801,
2493,0.000224905,
2492,0.000216521,
2491,0.000209508,
2490,0.000203798,
2489,0.000199159,
2488,0.000195659,
2487,0.000193197,
2486,0.000191779,
2485,0.000191337,
2484,0.000191955,
2483,0.000193598,
2482,1.96E-04,
2481,2.00E-04,
2480,2.05E-04,
2479,2.12E-04,
2478,2.20E-04,
2477,2.30E-04,
2476,2.42E-04,
2475,2.57E-04,
2474,2.75E-04,
2473,2.96E-04,
2472,3.21E-04,
2471,3.52E-04,
2470,3.89E-04,
2469,4.35E-04,
2468,4.90E-04,
2467,5.58E-04,
2466,6.41E-04,
2465,7.42E-04,
2464,8.61E-04,
2463,9.98E-04,
2462,1.14E-03,
2461,1.29E-03,
2460,1.39E-03,
2459,1.45E-03,
2458,1.42E-03,
2457,1.33E-03,
2456,1.19E-03,
2455,1.04E-03,
2454,8.84E-04,
2453,7.46E-04,
2452,6.29E-04,
2451,5.33E-04,
2450,4.55E-04,
2449,3.91E-04,
2448,3.40E-04,
2447,2.99E-04,
2446,2.65E-04,
2445,2.37E-04,
2444,2.14E-04,
2443,1.95E-04,
2442,1.79E-04,
2441,1.66E-04,
2440,1.55E-04,
2439,1.45E-04,
2438,1.38E-04,
2437,1.31E-04,
2436,1.26E-04,
2435,1.21E-04,
2434,1.18E-04,
2433,1.15E-04,
2432,1.13E-04,
2431,1.12E-04,
2430,1.12E-04,
2429,1.12E-04,
2428,1.13E-04,
2427,1.14E-04,
2426,1.16E-04,
2425,1.19E-04,
2424,1.23E-04,
2423,1.28E-04,
2422,1.34E-04,
2421,1.40E-04,
2420,1.48E-04,
2419,1.57E-04,
2418,1.67E-04,
2417,1.78E-04,
2416,1.91E-04,
2415,2.04E-04,
2414,0.000218575,
2413,0.000232648,
2412,0.000245867,
2411,0.00025704,
2410,0.000265033,
2409,0.000268782,
2408,0.000267485,
2407,0.000261096,
2406,0.00025015,
2405,2.36E-04,
2404,2.19E-04,
2403,2.01E-04,
2402,1.83E-04,
2401,1.67E-04,
2400,1.51E-04,
2399,1.37E-04,
2398,1.25E-04,
2397,1.14E-04,
2396,1.05E-04,
2395,9.67E-05,
2394,8.98E-05,
2393,8.40E-05,
2392,7.92E-05,
2391,7.51E-05,
2390,7.19E-05,
2389,6.93E-05,
2388,6.73E-05,
2387,6.60E-05,
2386,6.52E-05,
2385,6.51E-05,
2384,6.56E-05,
2383,6.69E-05,
2382,6.89E-05,
2381,7.19E-05,
2380,7.61E-05,
2379,8.17E-05,
2378,8.94E-05,
2377,9.97E-05,
2376,1.14E-04,
2375,1.34E-04,
2374,1.64E-04,
2373,2.10E-04,
2372,2.86E-04,
2371,4.24E-04,
2370,7.00E-04,
2369,1.22E-03,
2368,1.70E-03,
2367,1.61E-03,
2366,1.12E-03,
2365,6.39E-04,
2364,3.34E-04,
2363,0.00019002,
2362,0.000118796,
2361,7.98E-05,
2360,5.65E-05,
2359,4.16E-05,
2358,3.17E-05,
2357,2.47E-05,
2356,1.96E-05,
2355,1.59E-05,
2354,1.31E-05,
2353,1.09E-05,
2352,9.19E-06,
2351,7.83E-06,
2350,6.73E-06,
2349,5.83E-06,
2348,5.09E-06,
2347,4.47E-06,
2346,3.96E-06,
2345,3.53E-06,
2344,3.16E-06,
2343,2.84E-06,
2342,2.57E-06,
2341,2.34E-06,
2340,2.13E-06,
2339,1.95E-06,
2338,1.80E-06,
2337,1.66E-06,
2336,1.54E-06,
2335,1.44E-06,
2334,1.34E-06,
2333,1.26E-06,
2332,1.18E-06,
2331,1.12E-06,
2330,1.06E-06,
2329,1.01E-06,
2328,9.57E-07,
2327,9.15E-07,
2326,8.77E-07,
2325,8.42E-07,
2324,8.12E-07,
2323,7.85E-07,
2322,7.60E-07,
2321,7.39E-07,
2320,7.20E-07,
2319,7.04E-07,
2318,6.89E-07,
2317,6.77E-07,
2316,6.67E-07,
2315,6.59E-07,
2314,6.53E-07,
2313,6.49E-07,
2312,6.46E-07,
2311,6.46E-07,
2310,6.47E-07,
2309,6.50E-07,
2308,6.55E-07,
2307,6.62E-07,
2306,6.71E-07,
2305,6.82E-07,
2304,6.96E-07,
2303,7.13E-07,
2302,7.32E-07,
2301,7.55E-07,
2300,7.81E-07,
2299,8.11E-07,
2298,8.45E-07,
2297,8.85E-07,
2296,9.30E-07,
2295,9.82E-07,
2294,1.04E-06,
2293,1.11E-06,
2292,1.19E-06,
2291,1.28E-06,
2290,1.39E-06,
2289,1.52E-06,
2288,1.68E-06,
2287,1.86E-06,
2286,2.08E-06,
2285,2.35E-06,
2284,2.69E-06,
2283,3.11E-06,
2282,3.65E-06,
2281,4.36E-06,
2280,5.31E-06,
2279,6.64E-06,
2278,8.54E-06,
2277,1.14E-05,
2276,1.62E-05,
2275,2.47E-05,
2274,4.25E-05,
2273,9.14E-05,
2272,2.97E-04,
2271,6.31E-04,
2270,6.23E-04,
2269,3.30E-04,
2268,1.07E-04,
2267,4.82E-05,
2266,2.79E-05,
2265,1.84E-05,
2264,1.32E-05,
2263,1.00E-05,
2262,7.90E-06,
2261,6.43E-06,
2260,5.38E-06,
2259,4.58E-06,
2258,3.98E-06,
2257,3.50E-06,
2256,3.13E-06,
2255,2.82E-06,
2254,2.57E-06,
2253,2.37E-06,
2252,2.20E-06,
2251,2.05E-06,
2250,1.93E-06,
2249,1.83E-06,
2248,1.75E-06,
2247,1.67E-06,
2246,1.62E-06,
2245,1.57E-06,
2244,1.53E-06,
2243,1.49E-06,
2242,1.47E-06,
2241,1.45E-06,
2240,1.44E-06,
2239,1.43E-06,
2238,1.44E-06,
2237,1.44E-06,
2236,1.45E-06,
2235,1.47E-06,
2234,1.50E-06,
2233,1.53E-06,
2232,1.57E-06,
2231,1.61E-06,
2230,1.66E-06,
2229,1.73E-06,
2228,1.80E-06,
2227,1.88E-06,
2226,1.97E-06,
2225,2.07E-06,
2224,2.19E-06,
2223,2.33E-06,
2222,2.48E-06,
2221,2.66E-06,
2220,2.86E-06,
2219,3.10E-06,
2218,3.36E-06,
2217,3.67E-06,
2216,4.03E-06,
2215,4.44E-06,
2214,4.93E-06,
2213,5.49E-06,
2212,6.16E-06,
2211,6.96E-06,
2210,7.90E-06,
2209,9.03E-06,
2208,1.04E-05,
2207,1.21E-05,
2206,1.41E-05,
2205,1.66E-05,
2204,1.97E-05,
2203,2.36E-05,
2202,2.84E-05,
2201,3.45E-05,
2200,4.22E-05,
2199,5.20E-05,
2198,6.41E-05,
2197,7.89E-05,
2196,9.64E-05,
2195,1.16E-04,
2194,1.37E-04,
2193,1.57E-04,
2192,1.74E-04,
2191,1.86E-04,
2190,1.93E-04,
2189,1.95E-04,
2188,1.93E-04,
2187,1.90E-04,
2186,1.85E-04,
2185,1.82E-04,
2184,1.79E-04,
2183,1.79E-04,
2182,1.80E-04,
2181,1.84E-04,
2180,1.90E-04,
2179,1.99E-04,
2178,2.12E-04,
2177,2.29E-04,
2176,2.52E-04,
2175,2.81E-04,
2174,3.18E-04,
2173,3.67E-04,
2172,4.28E-04,
2171,5.03E-04,
2170,5.91E-04,
2169,6.84E-04,
2168,7.65E-04,
2167,8.11E-04,
2166,8.04E-04,
2165,7.45E-04,
2164,6.52E-04,
2163,5.49E-04,
2162,4.53E-04,
2161,3.72E-04,
2160,3.07E-04,
2159,2.56E-04,
2158,2.16E-04,
2157,1.85E-04,
2156,1.60E-04,
2155,1.40E-04,
2154,1.24E-04,
2153,1.12E-04,
2152,1.01E-04,
2151,9.22E-05,
2150,8.49E-05,
2149,7.87E-05,
2148,7.35E-05,
2147,6.90E-05,
2146,6.51E-05,
2145,6.17E-05,
2144,5.86E-05,
2143,5.59E-05,
2142,5.35E-05,
2141,5.13E-05,
2140,4.92E-05,
2139,4.72E-05,
2138,4.54E-05,
2137,4.36E-05,
2136,4.19E-05,
2135,4.02E-05,
2134,3.86E-05,
2133,3.70E-05,
2132,3.54E-05,
2131,3.39E-05,
2130,3.24E-05,
2129,3.10E-05,
2128,2.96E-05,
2127,2.83E-05,
2126,2.71E-05,
2125,2.59E-05,
2124,2.48E-05,
2123,2.38E-05,
2122,2.29E-05,
2121,2.20E-05,
2120,2.13E-05,
2119,2.05E-05,
2118,1.99E-05,
2117,1.94E-05,
2116,1.89E-05,
2115,1.86E-05,
2114,1.83E-05,
2113,1.80E-05,
2112,1.79E-05,
2111,1.78E-05,
2110,1.78E-05,
2109,1.79E-05,
2108,1.80E-05,
2107,1.82E-05,
2106,1.84E-05,
2105,1.88E-05,
2104,1.92E-05,
2103,1.97E-05,
2102,2.03E-05,
2101,2.11E-05,
2100,2.19E-05,
2099,2.29E-05,
2098,2.40E-05,
2097,2.52E-05,
2096,2.66E-05,
2095,2.82E-05,
2094,2.99E-05,
2093,3.18E-05,
2092,3.38E-05,
2091,3.59E-05,
2090,3.82E-05,
2089,4.04E-05,
2088,4.26E-05,
2087,4.46E-05,
2086,4.64E-05,
2085,4.79E-05,
2084,4.88E-05,
2083,4.93E-05,
2082,4.92E-05,
2081,4.86E-05,
2080,4.75E-05,
2079,4.60E-05,
2078,4.43E-05,
2077,4.24E-05,
2076,4.04E-05,
2075,3.84E-05,
2074,3.65E-05,
2073,3.47E-05,
2072,3.30E-05,
2071,3.15E-05,
2070,3.01E-05,
2069,2.88E-05,
2068,2.78E-05,
2067,2.69E-05,
2066,2.61E-05,
2065,2.54E-05,
2064,2.49E-05,
2063,2.46E-05,
2062,2.43E-05,
2061,2.42E-05,
2060,2.42E-05,
2059,2.43E-05,
2058,2.46E-05,
2057,2.50E-05,
2056,2.55E-05,
2055,2.62E-05,
2054,2.71E-05,
2053,2.82E-05,
2052,2.94E-05,
2051,3.10E-05,
2050,3.27E-05,
2049,3.49E-05,
2048,3.74E-05,
2047,4.03E-05,
2046,4.38E-05,
2045,4.79E-05,
2044,5.28E-05,
2043,5.86E-05,
2042,6.57E-05,
2041,7.43E-05,
2040,8.47E-05,
2039,9.76E-05,
2038,0.000113658,
2037,0.000133875,
2036,0.000159588,
2035,0.000192664,
2034,0.000235831,
2033,0.00029282,
2032,0.000368978,
2031,0.00047152,
2030,0.000610099,
2029,0.000795976,
2028,0.001038006,
2027,0.001334443,
2026,0.001658059,
2025,0.001951192,
2024,0.002144865,
2023,0.002199379,
2022,0.002131081,
2021,0.001989757,
2020,0.001827679,
2019,0.001677258,
2018,0.001553817,
2017,0.001460495,
2016,0.001397012,
2015,0.001360818,
2014,0.001349895,
2013,0.001363013,
2012,0.001398299,
2011,0.001455459,
2010,0.001532145,
2009,0.001625175,
2008,0.001725838,
2007,0.001821797,
2006,0.001893215,
2005,0.001918669,
2004,0.001880615,
2003,0.001775824,
2002,0.00161659,
2001,0.00142725,
2000,0.00123197,
1999,0.001049542,
1998,0.000889406,
1997,0.00075405,
1996,0.000642688,
1995,0.00055195,
1994,0.00047852,
1993,0.000418986,
1992,0.000370681,
1991,0.000331436,
1990,0.000299433,
1989,2.73E-04,
1988,2.52E-04,
1987,2.34E-04,
1986,2.20E-04,
1985,2.08E-04,
1984,1.99E-04,
1983,1.92E-04,
1982,1.86E-04,
1981,1.83E-04,
1980,1.81E-04,
1979,1.80E-04,
1978,1.81E-04,
1977,1.83E-04,
1976,1.86E-04,
1975,1.92E-04,
1974,1.99E-04,
1973,2.08E-04,
1972,2.19E-04,
1971,2.33E-04,
1970,2.50E-04,
1969,2.71E-04,
1968,2.97E-04,
1967,3.28E-04,
1966,3.66E-04,
1965,4.13E-04,
1964,4.71E-04,
1963,5.43E-04,
1962,6.33E-04,
1961,7.45E-04,
1960,8.84E-04,
1959,1.05E-03,
1958,1.26E-03,
1957,1.49E-03,
1956,1.73E-03,
1955,1.96E-03,
1954,2.12E-03,
1953,2.19E-03,
1952,2.16E-03,
1951,2.04E-03,
1950,1.87E-03,
1949,1.69E-03,
1948,1.52E-03,
1947,1.36E-03,
1946,1.23E-03,
1945,1.11E-03,
1944,1.02E-03,
1943,9.50E-04,
1942,8.91E-04,
1941,8.46E-04,
1940,8.11E-04,
1939,7.86E-04,
1938,7.70E-04,
1937,7.62E-04,
1936,7.61E-04,
1935,7.67E-04,
1934,7.81E-04,
1933,8.01E-04,
1932,8.30E-04,
1931,8.66E-04,
1930,9.11E-04,
1929,9.66E-04,
1928,1.03E-03,
1927,1.10E-03,
1926,1.19E-03,
1925,1.29E-03,
1924,1.39E-03,
1923,1.51E-03,
1922,1.62E-03,
1921,1.74E-03,
1920,1.84E-03,
1919,1.93E-03,
1918,1.99E-03,
1917,2.02E-03,
1916,2.02E-03,
1915,1.99E-03,
1914,1.93E-03,
1913,1.85E-03,
1912,1.76E-03,
1911,0.001663796,
1910,0.00156964,
1909,0.001480471,
1908,0.001397977,
1907,0.001324037,
1906,0.001258925,
1905,0.001202541,
1904,0.001155048,
1903,0.001115578,
1902,0.001083927,
1901,0.001059498,
1900,0.001041838,
1899,0.001030623,
1898,0.001025652,
1897,0.001026597,
1896,0.001033475,
1895,0.001045924,
1894,0.001064388,
1893,0.001088429,
1892,0.001118665,
1891,0.001154782,
1890,0.001197016,
1889,0.001245375,
1888,0.00130017,
1887,0.001361131,
1886,0.001428236,
1885,0.001501412,
1884,0.001580156,
1883,0.001663796,
1882,0.001751459,
1881,0.00184162,
1880,0.001933749,
1879,0.002025816,
1878,0.002116411,
1877,0.002203434,
1876,0.002285599,
1875,0.002362109,
1874,0.002432204,
1873,0.002494595,
1872,0.002550939,
1871,0.00260016,
1870,0.002644844,
1869,0.002685344,
1868,0.002723328,
1867,0.002761214,
1866,0.002799626,
1865,0.002841842,
1864,0.002888019,
1863,0.002941034,
1862,0.003002617,
1861,0.003074681,
1860,0.003157912,
1859,0.003255367,
1858,0.003368217,
1857,0.003499452,
1856,0.003650901,
1855,0.003826485,
1854,0.004029025,
1853,0.004261868,
1852,0.004531062,
1851,0.004839494,
1850,0.005196369,
1849,0.005609188,
1848,0.006085552,
1847,0.006635903,
1846,0.007276122,
1845,0.008020473,
1844,0.008889964,
1843,0.009906038,
1842,0.011096857,
1841,0.012499712,
1840,0.014157938,
1839,0.016121298,
1838,0.018454403,
1837,0.021232445,
1836,0.024558396,
1835,0.028549598,
1834,0.033334965,
1833,0.039102093,
1832,0.046036256,
1831,0.054412665,
1830,0.064491132,
1829,0.076612565,
1828,0.091138106,
1827,0.108492571,
1826,0.129121927,
1825,0.153461698,
1824,0.181928191,
1823,0.215030468,
1822,0.253162864,
1821,0.296688013,
1820,0.346019042,
1819,0.401790811,
1818,0.464515275,
1817,0.535180154,
1816,0.61475207,
1815,0.705180022,
1814,0.808723383,
1813,0.928324901,
1812,1.068316657,
1811,1.23367283,
1810,1.431198921,
1809,1.669936664,
1808,1.961552788,
1807,2.321667383,
1806,2.771405025,
1805,3.338105052,
1804,4.058821947,
1803,4.984252094,
1802,6.183010728,
1801,7.746401448,
1800,9.797155473,
1799,12.49971181,
1798,16.05092258,
1797,20.69188233,
1796,26.66244668,
1795,34.12714832,
1794,43.09233228,
1793,53.22307958,
1792,63.82634862,
1791,73.96052751,
1790,82.67991091,
1789,89.41286275,
1788,94.05892264,
1787,96.91700839,
1786,98.46910714,
1785,99.22017758,
1784,99.49471218,
1783,99.58639241,
1782,99.60932566,
1781,99.60932566,
1780,99.6322642,
1779,99.67815712,
1778,99.7011115,
1777,99.72407117,
1776,99.7011115,
1775,99.67815712,
1774,99.6322642,
1773,99.56346443,
1772,99.51762432,
1771,99.47180531,
1770,99.47180531,
1769,99.47180531,
1768,99.49471218,
1767,99.56346443,
1766,99.60932566,
1765,99.67815712,
1764,99.72407117,
1763,99.77000638,
1762,99.79298192,
1761,99.77000638,
1760,99.74703613,
1759,99.7011115,
1758,99.6322642,
1757,99.56346443,
1756,99.49471218,
1755,99.44890372,
1754,99.40311635,
1753,99.40311635,
1752,99.40311635,
1751,99.4260074,
1750,99.49471218,
1749,99.54054174,
1748,99.60932566,
1747,99.67815712,
1746,99.74703613,
1745,99.77000638,
1744,99.79298192,
1743,99.79298192,
1742,99.79298192,
1741,99.74703613,
1740,99.67815712,
1739,99.6322642,
1738,99.56346443,
1737,99.49471218,
1736,99.44890372,
1735,99.4260074,
1734,99.4260074,
1733,99.4260074,
1732,99.44890372,
1731,99.49471218,
1730,99.56346443,
1729,99.60932566,
1728,99.67815712,
1727,99.72407117,
1726,99.77000638,
1725,99.79298192,
1724,99.79298192,
1723,99.77000638,
1722,99.72407117,
1721,99.67815712,
1720,99.60932566,
1719,99.54054174,
1718,99.47180531,
1717,99.40311635,
1716,99.35735006,
1715,99.33447482,
1714,99.33447482,
1713,99.33447482,
1712,99.38023057,
1711,99.4260074,
1710,99.49471218,
1709,99.56346443,
1708,99.6322642,
1707,99.67815712,
1706,99.72407117,
1705,99.77000638,
1704,99.77000638,
1703,99.77000638,
1702,99.72407117,
1701,99.67815712,
1700,99.60932566,
1699,99.54054174,
1698,99.44890372,
1697,99.38023057,
1696,99.31160484,
1695,99.26588069,
1694,99.2430265,
1693,99.2430265,
1692,99.26588069,
1691,99.28874013,
1690,99.35735006,
1689,99.4260074,
1688,99.49471218,
1687,99.56346443,
1686,99.6322642,
1685,99.67815712,
1684,99.72407117,
1683,99.74703613,
1682,99.74703613,
1681,99.72407117,
1680,99.7011115,
1679,99.6322642,
1678,99.58639241,
1677,99.51762432,
1676,99.47180531,
1675,99.4260074,
1674,99.38023057,
1673,99.38023057,
1672,99.38023057,
1671,99.38023057,
1670,99.4260074,
1669,99.47180531,
1668,99.51762432,
1667,99.58639241,
1666,99.6322642,
1665,99.67815712,
1664,99.72407117,
1663,99.72407117,
1662,99.72407117,
1661,99.7011115,
1660,99.65520801,
1659,99.60932566,
1658,99.56346443,
1657,99.49471218,
1656,99.4260074,
1655,99.38023057,
1654,99.33447482,
1653,99.31160484,
1652,99.31160484,
1651,99.33447482,
1650,99.35735006,
1649,99.40311635,
1648,99.47180531,
1647,99.54054174,
1646,99.58639241,
1645,99.65520801,
1644,99.7011115,
1643,99.72407117,
1642,99.74703613,
1641,99.72407117,
1640,99.7011115,
1639,99.67815712,
1638,99.60932566,
1637,99.56346443,
1636,99.49471218,
1635,99.44890372,
1634,99.40311635,
1633,99.35735006,
1632,99.35735006,
1631,99.35735006,
1630,99.38023057,
1629,99.4260074,
1628,99.47180531,
1627,99.54054174,
1626,99.58639241,
1625,99.65520801,
1624,99.7011115,
1623,99.72407117,
1622,99.74703613,
1621,99.74703613,
1620,99.72407117,
1619,99.67815712,
1618,99.6322642,
1617,99.58639241,
1616,99.51762432,
1615,99.47180531,
1614,99.4260074,
1613,99.40311635,
1612,99.38023057,
1611,99.38023057,
1610,99.40311635,
1609,99.44890372,
1608,99.49471218,
1607,99.54054174,
1606,99.60932566,
1605,99.65520801,
1604,99.7011115,
1603,99.72407117,
1602,99.72407117,
1601,99.72407117,
1600,99.7011115,
1599,99.65520801,
1598,99.58639241,
1597,99.54054174,
1596,99.47180531,
1595,99.4260074,
1594,99.38023057,
1593,99.35735006,
1592,99.33447482,
1591,99.35735006,
1590,99.38023057,
1589,99.4260074,
1588,99.49471218,
1587,99.56346443,
1586,99.60932566,
1585,99.67815712,
1584,99.72407117,
1583,99.74703613,
1582,99.77000638,
1581,99.74703613,
1580,99.72407117,
1579,99.67815712,
1578,99.60932566,
1577,99.54054174,
1576,99.49471218,
1575,99.4260074,
1574,99.38023057,
1573,99.35735006,
1572,99.35735006,
1571,99.35735006,
1570,99.40311635,
1569,99.44890372,
1568,99.49471218,
1567,99.54054174,
1566,99.60932566,
1565,99.65520801,
1564,99.7011115,
1563,99.7011115,
1562,99.7011115,
1561,99.7011115,
1560,99.65520801,
1559,99.6322642,
1558,99.56346443,
1557,99.51762432,
1556,99.47180531,
1555,99.44890372,
1554,99.4260074,
1553,99.4260074,
1552,99.44890372,
1551,99.49471218,
1550,99.54054174,
1549,99.58639241,
1548,99.65520801,
1547,99.7011115,
1546,99.74703613,
1545,99.77000638,
1544,99.77000638,
1543,99.77000638,
1542,99.74703613,
1541,99.7011115,
1540,99.6322642,
1539,99.58639241,
1538,99.51762432,
1537,99.47180531,
1536,99.4260074,
1535,99.4260074,
1534,99.4260074,
1533,99.44890372,
1532,99.49471218,
1531,99.54054174,
1530,99.60932566,
1529,99.67815712,
1528,99.72407117,
1527,99.77000638,
1526,99.79298192,
1525,99.79298192,
1524,99.77000638,
1523,99.72407117,
1522,99.67815712,
1521,99.58639241,
1520,99.51762432,
1519,99.44890372,
1518,99.38023057,
1517,99.33447482,
1516,99.31160484,
1515,99.31160484,
1514,99.33447482,
1513,99.38023057,
1512,99.44890372,
1511,99.51762432,
1510,99.58639241,
1509,99.65520801,
1508,99.7011115,
1507,99.74703613,
1506,99.74703613,
1505,99.74703613,
1504,99.72407117,
1503,99.7011115,
1502,99.6322642,
1501,99.58639241,
1500,99.54054174,
1499,99.51762432,
1498,99.49471218,
1497,99.49471218,
1496,99.51762432,
1495,99.56346443,
1494,99.60932566,
1493,99.65520801,
1492,99.72407117,
1491,99.74703613,
1490,99.79298192,
1489,99.79298192,
1488,99.77000638,
1487,99.74703613,
1486,99.7011115,
1485,99.6322642,
1484,99.58639241,
1483,99.51762432,
1482,99.47180531,
1481,99.44890372,
1480,99.4260074,
1479,99.44890372,
1478,99.47180531,
1477,99.51762432,
1476,99.58639241,
1475,99.65520801,
1474,99.7011115,
1473,99.77000638,
1472,99.79298192,
1471,99.79298192,
1470,99.77000638,
1469,99.72407117,
1468,99.65520801,
1467,99.58639241,
1466,99.51762432,
1465,99.44890372,
1464,99.38023057,
1463,99.35735006,
1462,99.33447482,
1461,99.35735006,
1460,99.38023057,
1459,99.44890372,
1458,99.49471218,
1457,99.56346443,
1456,99.6322642,
1455,99.67815712,
1454,99.7011115,
1453,99.7011115,
1452,99.67815712,
1451,99.65520801,
1450,99.58639241,
1449,99.54054174,
1448,99.49471218,
1447,99.44890372,
1446,99.40311635,
1445,99.40311635,
1444,99.4260074,
1443,99.44890372,
1442,99.49471218,
1441,99.56346443,
1440,99.60932566,
1439,99.65520801,
1438,99.67815712,
1437,99.7011115,
1436,99.7011115,
1435,99.65520801,
1434,99.60932566,
1433,99.54054174,
1432,99.49471218,
1431,99.4260074,
1430,99.38023057,
1429,99.38023057,
1428,99.38023057,
1427,99.40311635,
1426,99.44890372,
1425,99.51762432,
1424,99.58639241,
1423,99.65520801,
1422,99.7011115,
1421,99.72407117,
1420,99.74703613,
1419,99.72407117,
1418,99.67815712,
1417,99.60932566,
1416,99.54054174,
1415,99.47180531,
1414,99.40311635,
1413,99.38023057,
1412,99.35735006,
1411,99.35735006,
1410,99.38023057,
1409,99.44890372,
1408,99.51762432,
1407,99.58639241,
1406,99.6322642,
1405,99.67815712,
1404,99.72407117,
1403,99.72407117,
1402,99.7011115,
1401,99.65520801,
1400,99.58639241,
1399,99.51762432,
1398,99.47180531,
1397,99.4260074,
1396,99.40311635,
1395,99.38023057,
1394,99.40311635,
1393,99.44890372,
1392,99.49471218,
1391,99.54054174,
1390,99.56346443,
1389,99.60932566,
1388,99.60932566,
1387,99.60932566,
1386,99.56346443,
1385,99.54054174,
1384,99.49471218,
1383,99.44890372,
1382,99.40311635,
1381,99.38023057,
1380,99.40311635,
1379,99.4260074,
1378,99.47180531,
1377,99.54054174,
1376,99.60932566,
1375,99.67815712,
1374,99.72407117,
1373,99.74703613,
1372,99.74703613,
1371,99.7011115,
1370,99.65520801,
1369,99.56346443,
1368,99.47180531,
1367,99.40311635,
1366,99.33447482,
1365,99.28874013,
1364,99.28874013,
1363,99.31160484,
1362,99.35735006,
1361,99.4260074,
1360,99.49471218,
1359,99.56346443,
1358,99.60932566,
1357,99.65520801,
1356,99.65520801,
1355,99.6322642,
1354,99.58639241,
1353,99.54054174,
1352,99.49471218,
1351,99.4260074,
1350,99.40311635,
1349,99.38023057,
1348,99.40311635,
1347,99.4260074,
1346,99.47180531,
1345,99.54054174,
1344,99.58639241,
1343,99.60932566,
1342,99.6322642,
1341,99.60932566,
1340,99.58639241,
1339,99.54054174,
1338,99.47180531,
1337,99.4260074,
1336,99.40311635,
1335,99.38023057,
1334,99.40311635,
1333,99.44890372,
1332,99.51762432,
1331,99.58639241,
1330,99.6322642,
1329,99.67815712,
1328,99.7011115,
1327,99.7011115,
1326,99.65520801,
1325,99.58639241,
1324,99.49471218,
1323,99.40311635,
1322,99.31160484,
1321,99.2430265,
1320,99.19733392,
1319,99.22017758,
1318,99.2430265,
1317,99.31160484,
1316,99.40311635,
1315,99.49471218,
1314,99.58639241,
1313,99.6322642,
1312,99.65520801,
1311,99.6322642,
1310,99.60932566,
1309,99.54054174,
1308,99.47180531,
1307,99.40311635,
1306,99.33447482,
1305,99.33447482,
1304,99.33447482,
1303,99.38023057,
1302,99.4260074,
1301,99.49471218,
1300,99.56346443,
1299,99.60932566,
1298,99.6322642,
1297,99.60932566,
1296,99.58639241,
1295,99.54054174,
1294,99.49471218,
1293,99.47180531,
1292,99.44890372,
1291,99.44890372,
1290,99.49471218,
1289,99.54054174,
1288,99.60932566,
1287,99.65520801,
1286,99.7011115,
1285,99.72407117,
1284,99.72407117,
1283,99.67815712,
1282,99.60932566,
1281,99.51762432,
1280,99.44890372,
1279,99.40311635,
1278,99.38023057,
1277,99.40311635,
1276,99.44890372,
1275,99.54054174,
1274,99.6322642,
1273,99.7011115,
1272,99.77000638,
1271,99.79298192,
1270,99.77000638,
1269,99.7011115,
1268,99.60932566,
1267,99.49471218,
1266,99.38023057,
1265,99.31160484,
1264,99.28874013,
1263,99.28874013,
1262,99.33447482,
1261,99.4260074,
1260,99.51762432,
1259,99.60932566,
1258,99.65520801,
1257,99.67815712,
1256,99.67815712,
1255,99.6322642,
1254,99.56346443,
1253,99.49471218,
1252,99.44890372,
1251,99.40311635,
1250,99.4260074,
1249,99.44890372,
1248,99.51762432,
1247,99.58639241,
1246,99.6322642,
1245,99.65520801,
1244,99.6322642,
1243,99.58639241,
1242,99.51762432,
1241,99.4260074,
1240,99.35735006,
1239,99.31160484,
1238,99.33447482,
1237,99.38023057,
1236,99.47180531,
1235,99.56346443,
1234,99.67815712,
1233,99.74703613,
1232,99.77000638,
1231,99.72407117,
1230,99.65520801,
1229,99.51762432,
1228,99.40311635,
1227,99.28874013,
1226,99.22017758,
1225,99.19733392,
1224,99.2430265,
1223,99.33447482,
1222,99.44890372,
1221,99.56346443,
1220,99.65520801,
1219,99.7011115,
1218,99.7011115,
1217,99.65520801,
1216,99.56346443,
1215,99.47180531,
1214,99.40311635,
1213,99.35735006,
1212,99.35735006,
1211,99.40311635,
1210,99.49471218,
1209,99.56346443,
1208,99.6322642,
1207,99.6322642,
1206,99.60932566,
1205,99.54054174,
1204,99.47180531,
1203,99.38023057,
1202,99.33447482,
1201,99.31160484,
1200,99.35735006,
1199,99.44890372,
1198,99.56346443,
1197,99.65520801,
1196,99.7011115,
1195,99.7011115,
1194,99.6322642,
1193,99.49471218,
1192,99.35735006,
1191,99.22017758,
1190,99.12883449,
1189,99.10601186,
1188,99.17449552,
1187,99.28874013,
1186,99.4260074,
1185,99.58639241,
1184,99.7011115,
1183,99.74703613,
1182,99.7011115,
1181,99.58639241,
1180,99.4260074,
1179,99.28874013,
1178,99.17449552,
1177,99.10601186,
1176,99.12883449,
1175,99.19733392,
1174,99.31160484,
1173,99.44890372,
1172,99.54054174,
1171,99.60932566,
1170,99.60932566,
1169,99.56346443,
1168,99.49471218,
1167,99.44890372,
1166,99.4260074,
1165,99.44890372,
1164,99.51762432,
1163,99.58639241,
1162,99.6322642,
1161,99.67815712,
1160,99.6322642,
1159,99.56346443,
1158,99.47180531,
1157,99.35735006,
1156,99.28874013,
1155,99.2430265,
1154,99.28874013,
1153,99.38023057,
1152,99.51762432,
1151,99.6322642,
1150,99.72407117,
1149,99.72407117,
1148,99.67815712,
1147,99.54054174,
1146,99.40311635,
1145,99.26588069,
1144,99.17449552,
1143,99.15166238,
1142,99.19733392,
1141,99.31160484,
1140,99.44890372,
1139,99.58639241,
1138,99.7011115,
1137,99.72407117,
1136,99.7011115,
1135,99.6322642,
1134,99.54054174,
1133,99.4260074,
1132,99.35735006,
1131,99.31160484,
1130,99.28874013,
1129,99.28874013,
1128,99.31160484,
1127,99.33447482,
1126,99.35735006,
1125,99.38023057,
1124,99.4260074,
1123,99.47180531,
1122,99.54054174,
1121,99.60932566,
1120,99.65520801,
1119,99.65520801,
1118,99.6322642,
1117,99.54054174,
1116,99.4260074,
1115,99.31160484,
1114,99.22017758,
1113,99.19733392,
1112,99.2430265,
1111,99.35735006,
1110,99.49471218,
1109,99.6322642,
1108,99.72407117,
1107,99.74703613,
1106,99.67815712,
1105,99.56346443,
1104,99.4260074,
1103,99.31160484,
1102,99.2430265,
1101,99.26588069,
1100,99.33447482,
1099,99.4260074,
1098,99.54054174,
1097,99.60932566,
1096,99.6322642,
1095,99.60932566,
1094,99.58639241,
1093,99.56346443,
1092,99.54054174,
1091,99.56346443,
1090,99.60932566,
1089,99.65520801,
1088,99.65520801,
1087,99.60932566,
1086,99.51762432,
1085,99.4260074,
1084,99.35735006,
1083,99.33447482,
1082,99.38023057,
1081,99.49471218,
1080,99.6322642,
1079,99.72407117,
1078,99.77000638,
1077,99.7011115,
1076,99.58639241,
1075,99.4260074,
1074,99.28874013,
1073,99.19733392,
1072,99.22017758,
1071,99.33447482,
1070,99.47180531,
1069,99.60932566,
1068,99.67815712,
1067,99.67815712,
1066,99.6322642,
1065,99.54054174,
1064,99.47180531,
1063,99.44890372,
1062,99.47180531,
1061,99.51762432,
1060,99.56346443,
1059,99.56346443,
1058,99.51762432,
1057,99.40311635,
1056,99.31160484,
1055,99.26588069,
1054,99.31160484,
1053,99.40311635,
1052,99.56346443,
1051,99.67815712,
1050,99.74703613,
1049,99.72407117,
1048,99.60932566,
1047,99.44890372,
1046,99.35735006,
1045,99.33447482,
1044,99.40311635,
1043,99.51762432,
1042,99.65520801,
1041,99.72407117,
1040,99.72407117,
1039,99.6322642,
1038,99.51762432,
1037,99.4260074,
1036,99.38023057,
1035,99.4260074,
1034,99.49471218,
1033,99.56346443,
1032,99.58639241,
1031,99.54054174,
1030,99.47180531,
1029,99.4260074,
1028,99.4260074,
1027,99.51762432,
1026,99.60932566,
1025,99.7011115,
1024,99.67815712,
1023,99.54054174,
1022,99.35735006,
1021,99.19733392,
1020,99.12883449,
1019,99.19733392,
1018,99.35735006,
1017,99.56346443,
1016,99.7011115,
1015,99.67815712,
1014,99.54054174,
1013,99.33447482,
1012,99.19733392,
1011,99.17449552,
1010,99.31160484,
1009,99.49471218,
1008,99.67815712,
1007,99.72407117,
1006,99.65520801,
1005,99.51762432,
1004,99.40311635,
1003,99.38023057,
1002,99.47180531,
1001,99.60932566,
1000,99.72407117,
999,99.7011115,
998,99.60932566,
997,99.47180531,
996,99.4260074,
995,99.47180531,
994,99.58639241,
993,99.67815712,
992,99.6322642,
991,99.44890372,
990,99.19733392,
989,99.01477388,
988,99.0375755,
987,99.2430265,
986,99.54054174,
985,99.72407117,
984,99.72407117,
983,99.49471218,
982,99.2430265,
981,99.12883449,
980,99.22017758,
979,99.47180531,
978,99.72407117,
977,99.81596275,
976,99.72407117,
975,99.54054174,
974,99.4260074,
973,99.47180531,
972,99.6322642,
971,99.74703613,
970,99.74703613,
969,99.58639241,
968,99.40311635,
967,99.31160484,
966,99.33447482,
965,99.35735006,
964,99.2430265,
963,99.0375755,
962,98.94640051,
961,99.0375755,
960,99.26588069,
959,99.35735006,
958,99.15166238,
957,98.78704622,
956,98.6506611,
955,98.9008445,
954,99.17449552,
953,99.10601186,
952,98.99197751,
951,98.99197751,
950,95.10426642,
949,76.84223711,
948,46.18489919,
947,21.91795344,
946,9.475453398,
945,4.004976757,
944,1.690830215,
943,0.72577165,
942,0.323817265,
941,0.153003019,
940,0.077410523,
939,0.042121129,
938,0.024677434,
937,0.015545332,
936,0.010500259,
935,0.007580537,
934,0.005821032,
933,0.004723892,
932,0.004010514,
931,0.003513177,
930,0.003123921,
929,0.002776515,
928,0.00245132,
927,0.002165708,
926,0.00195614,
925,0.001858232,
924,0.001913375,
923,0.002195331,
922,0.00280608,
921,0.003508326,
920,0.003035289,
919,0.001654246,
918,0.000800203,
917,0.000425794,
916,0.00025704,
915,0.00017374,
914,0.000129271,
913,1.04E-04,
912,9.02E-05,
911,8.23E-05,
910,7.79E-05,
909,7.48E-05,
908,7.14E-05,
907,6.67E-05,
906,6.07E-05,
905,5.45E-05,
904,4.93E-05,
903,4.57E-05,
902,4.42E-05,
901,4.49E-05,
900,4.82E-05,