#Wavelength (nm),"M1, M2, or M3, 
#1 year"
2500,0.968093141
2499,0.967525991
2498,0.968532855
2497,0.968206819
2496,0.968407427
2495,0.968676294
2494,0.968587666
2493,0.968917999
2492,0.968603045
2491,0.968222027
2490,0.968276634
2489,0.96855566
2488,0.968178202
2487,0.968595212
2486,0.969185066
2485,0.969418526
2484,0.968228302
2483,0.96785052
2482,0.968710537
2481,0.969127083
2480,0.968111464
2479,0.968332348
2478,0.968362026
2477,0.968162187
2476,0.967874673
2475,0.967800662
2474,0.96829656
2473,0.967973251
2472,0.968085308
2471,0.968344739
2470,0.968210284
2469,0.967856636
2468,0.968303299
2467,0.968297571
2466,0.968205071
2465,0.967642053
2464,0.968025373
2463,0.968214213
2462,0.968621229
2461,0.967776496
2460,0.968266614
2459,0.967800566
2458,0.968023516
2457,0.967984549
2456,0.968501066
2455,0.968791962
2454,0.968037294
2453,0.967753118
2452,0.968132483
2451,0.968128872
2450,0.967524242
2449,0.968393631
2448,0.967411664
2447,0.968045413
2446,0.967848759
2445,0.967567952
2444,0.96801527
2443,0.967569059
2442,0.967917029
2441,0.967531274
2440,0.967898375
2439,0.967994359
2438,0.96780084
2437,0.967935568
2436,0.968262412
2435,0.967618516
2434,0.967381026
2433,0.9683907
2432,0.968339392
2431,0.967739239
2430,0.967133713
2429,0.968019377
2428,0.968141244
2427,0.967785447
2426,0.967744573
2425,0.968236828
2424,0.967995192
2423,0.968036054
2422,0.967709478
2421,0.96785759
2420,0.968256467
2419,0.967922293
2418,0.967762744
2417,0.967689126
2416,0.967813409
2415,0.968121535
2414,0.967590682
2413,0.968240903
2412,0.967741407
2411,0.968000266
2410,0.9684559
2409,0.967596601
2408,0.968055846
2407,0.968026733
2406,0.967790095
2405,0.967512932
2404,0.967810624
2403,0.967879416
2402,0.966591377
2401,0.968324591
2400,0.967805188
2399,0.967300816
2398,0.967231057
2397,0.96787
2396,0.968017648
2395,0.967848759
2394,0.967283834
2393,0.967750689
2392,0.96772583
2391,0.967746684
2390,0.967824332
2389,0.967319864
2388,0.96732804
2387,0.968223146
2386,0.968491402
2385,0.966735433
2384,0.967207724
2383,0.967576618
2382,0.968477014
2381,0.967955494
2380,0.967781302
2379,0.968088563
2378,0.967898337
2377,0.967993234
2376,0.967722149
2375,0.967767849
2374,0.968421116
2373,0.96820893
2372,0.968391476
2371,0.968103199
2370,0.968213317
2369,0.968014119
2368,0.967881502
2367,0.968405145
2366,0.968089739
2365,0.967866828
2364,0.968336328
2363,0.968719533
2362,0.96879371
2361,0.968074837
2360,0.968284931
2359,0.968660952
2358,0.968261871
2357,0.968627078
2356,0.968507417
2355,0.968297399
2354,0.968552113
2353,0.968309422
2352,0.968318157
2351,0.96874925
2350,0.968469671
2349,0.968398863
2348,0.968657792
2347,0.968545348
2346,0.968378391
2345,0.967895972
2344,0.968669624
2343,0.968193766
2342,0.96822361
2341,0.968179404
2340,0.968434709
2339,0.968012625
2338,0.96766489
2337,0.968200048
2336,0.968070711
2335,0.967682368
2334,0.967820803
2333,0.968150088
2332,0.967144038
2331,0.967472738
2330,0.967258002
2329,0.967277807
2328,0.968029346
2327,0.967729034
2326,0.967604198
2325,0.967494138
2324,0.96742288
2323,0.966698939
2322,0.966997039
2321,0.967390671
2320,0.967293262
2319,0.966970704
2318,0.967425664
2317,0.967177404
2316,0.966908404
2315,0.967590872
2314,0.967917538
2313,0.967510827
2312,0.967253825
2311,0.967618618
2310,0.967699095
2309,0.96730093
2308,0.967265072
2307,0.967222303
2306,0.967095203
2305,0.967322553
2304,0.967179317
2303,0.966829052
2302,0.967538058
2301,0.967274005
2300,0.966590042
2299,0.967313417
2298,0.967363466
2297,0.966995004
2296,0.966906929
2295,0.967510548
2294,0.966769257
2293,0.967329718
2292,0.967541192
2291,0.967530632
2290,0.967807547
2289,0.967243627
2288,0.967269319
2287,0.966743825
2286,0.966997897
2285,0.966956819
2284,0.966724803
2283,0.966813908
2282,0.96695392
2281,0.96671367
2280,0.967089895
2279,0.966870448
2278,0.966781966
2277,0.966720378
2276,0.966518377
2275,0.96671943
2274,0.966698195
2273,0.96680446
2272,0.967047818
2271,0.9668411
2270,0.966848729
2269,0.96715655
2268,0.966759027
2267,0.966770713
2266,0.967008705
2265,0.966337776
2264,0.967131042
2263,0.966530177
2262,0.966541195
2261,0.966574313
2260,0.96656374
2259,0.966727422
2258,0.96662639
2257,0.965890592
2256,0.966840591
2255,0.966645285
2254,0.965891081
2253,0.966375866
2252,0.966351871
2251,0.966470375
2250,0.966426951
2249,0.966212292
2248,0.966404235
2247,0.966756013
2246,0.965953592
2245,0.96653422
2244,0.966868248
2243,0.966486963
2242,0.966808974
2241,0.966828613
2240,0.96678079
2239,0.966915779
2238,0.966916555
2237,0.96695343
2236,0.966513379
2235,0.96635568
2234,0.966093553
2233,0.966581421
2232,0.96662686
2231,0.966512337
2230,0.966921387
2229,0.966540839
2228,0.965956128
2227,0.966304061
2226,0.966420517
2225,0.966455847
2224,0.965771707
2223,0.966257127
2222,0.96637249
2221,0.966295033
2220,0.965848084
2219,0.966051451
2218,0.966488215
2217,0.966325556
2216,0.966409391
2215,0.965757408
2214,0.966051242
2213,0.966174901
2212,0.96603775
2211,0.966401113
2210,0.965918948
2209,0.965387834
2208,0.965925153
2207,0.965300833
2206,0.966723588
2205,0.966110274
2204,0.96542553
2203,0.966055069
2202,0.966019859
2201,0.966035862
2200,0.965877501
2199,0.966232065
2198,0.96590449
2197,0.966096052
2196,0.965626456
2195,0.96573541
2194,0.96613203
2193,0.965613378
2192,0.965742486
2191,0.965921904
2190,0.965209471
2189,0.965948003
2188,0.965874157
2187,0.965582282
2186,0.965477632
2185,0.965658811
2184,0.965952581
2183,0.965792363
2182,0.965392386
2181,0.965811755
2180,0.965762552
2179,0.965716178
2178,0.965729987
2177,0.965210355
2176,0.966009534
2175,0.966187038
2174,0.965508035
2173,0.96525987
2172,0.965973085
2171,0.965097281
2170,0.965657164
2169,0.966083069
2168,0.965787938
2167,0.966064618
2166,0.965283381
2165,0.965498568
2164,0.965511837
2163,0.965226491
2162,0.965699221
2161,0.96551033
2160,0.9658708
2159,0.965076097
2158,0.96496102
2157,0.965930061
2156,0.965742938
2155,0.965561752
2154,0.96494168
2153,0.965391318
2152,0.965255191
2151,0.965036888
2150,0.965587495
2149,0.965371888
2148,0.965165183
2147,0.965304228
2146,0.965472387
2145,0.965314255
2144,0.965318871
2143,0.96511886
2142,0.964747588
2141,0.965600033
2140,0.965059675
2139,0.965059872
2138,0.964888846
2137,0.9650962
2136,0.965571251
2135,0.964748141
2134,0.965218881
2133,0.965101528
2132,0.965046902
2131,0.965116342
2130,0.965591278
2129,0.965051238
2128,0.965305939
2127,0.964866549
2126,0.96502135
2125,0.964730485
2124,0.964989821
2123,0.964585876
2122,0.965441863
2121,0.964490058
2120,0.965126349
2119,0.964737625
2118,0.964954777
2117,0.964661783
2116,0.964479402
2115,0.964967117
2114,0.965091419
2113,0.964684957
2112,0.964634291
2111,0.964988117
2110,0.965021782
2109,0.965094001
2108,0.964793205
2107,0.965448443
2106,0.964941025
2105,0.964280097
2104,0.964491151
2103,0.965202306
2102,0.965136941
2101,0.964506524
2100,0.964671777
2099,0.964694805
2098,0.964510911
2097,0.964409637
2096,0.964668121
2095,0.964517523
2094,0.964761779
2093,0.964191017
2092,0.965357304
2091,0.964725545
2090,0.964177659
2089,0.964649309
2088,0.964308345
2087,0.96468441
2086,0.963996213
2085,0.964378459
2084,0.964253222
2083,0.964928926
2082,0.964542185
2081,0.964454238
2080,0.964784641
2079,0.964934559
2078,0.963931986
2077,0.964275411
2076,0.96419316
2075,0.964282112
2074,0.964300296
2073,0.963993867
2072,0.964441662
2071,0.964028034
2070,0.963559227
2069,0.964465726
2068,0.964332002
2067,0.964167385
2066,0.963838234
2065,0.964203065
2064,0.964382769
2063,0.963942719
2062,0.96373614
2061,0.964705455
2060,0.964585196
2059,0.963552984
2058,0.964548581
2057,0.964095446
2056,0.963742097
2055,0.964047127
2054,0.964322802
2053,0.964339288
2052,0.964112282
2051,0.964519189
2050,0.96425108
2049,0.964377098
2048,0.964364859
2047,0.963925654
2046,0.964083767
2045,0.964206327
2044,0.964204063
2043,0.964312267
2042,0.963965143
2041,0.964222056
2040,0.963912182
2039,0.963835303
2038,0.963941816
2037,0.964287395
2036,0.963838495
2035,0.964319324
2034,0.964435635
2033,0.963804817
2032,0.964328403
2031,0.963967139
2030,0.964687862
2029,0.963885409
2028,0.963990936
2027,0.96418836
2026,0.963720207
2025,0.96351518
2024,0.964139881
2023,0.963727976
2022,0.963766308
2021,0.9641447
2020,0.964099433
2019,0.963781764
2018,0.96406929
2017,0.963489736
2016,0.963882682
2015,0.964050001
2014,0.963908316
2013,0.963692074
2012,0.963706207
2011,0.963971577
2010,0.963638592
2009,0.964113814
2008,0.963510259
2007,0.964106503
2006,0.963227793
2005,0.964128819
2004,0.963976237
2003,0.963561052
2002,0.963707625
2001,0.964013271
2000,0.96377285
1999,0.963722757
1998,0.963278732
1997,0.963139203
1996,0.963531679
1995,0.963675626
1994,0.963916499
1993,0.964048258
1992,0.963718599
1991,0.963550212
1990,0.963906364
1989,0.963773518
1988,0.963860111
1987,0.963437513
1986,0.963556709
1985,0.963522676
1984,0.962933178
1983,0.963129679
1982,0.963277346
1981,0.963225746
1980,0.963046379
1979,0.963056501
1978,0.963389104
1977,0.963574772
1976,0.963032366
1975,0.962890244
1974,0.963117097
1973,0.963698006
1972,0.963026142
1971,0.962988822
1970,0.963173726
1969,0.962598845
1968,0.963126704
1967,0.962757804
1966,0.963050283
1965,0.962885679
1964,0.96315822
1963,0.963145294
1962,0.963329035
1961,0.963100662
1960,0.963107707
1959,0.962986457
1958,0.962862078
1957,0.9628637
1956,0.962682088
1955,0.963449688
1954,0.962459704
1953,0.962712129
1952,0.962906151
1951,0.962984244
1950,0.962758172
1949,0.962979724
1948,0.962796923
1947,0.962976685
1946,0.96238397
1945,0.962312501
1944,0.962681039
1943,0.96367075
1942,0.96261666
1941,0.962827733
1940,0.963196672
1939,0.962885939
1938,0.962747415
1937,0.962724826
1936,0.962952232
1935,0.963506743
1934,0.962947235
1933,0.962524427
1932,0.962671674
1931,0.962688376
1930,0.962650852
1929,0.963036982
1928,0.962595418
1927,0.962368533
1926,0.962658742
1925,0.96313619
1924,0.962489446
1923,0.962799282
1922,0.962896805
1921,0.963212159
1920,0.962543977
1919,0.962984873
1918,0.963080985
1917,0.962681274
1916,0.962311452
1915,0.962574851
1914,0.962557812
1913,0.96301733
1912,0.96271862
1911,0.962857723
1910,0.962846553
1909,0.962966601
1908,0.962231414
1907,0.961847998
1906,0.962481143
1905,0.962899259
1904,0.962441845
1903,0.962205429
1902,0.962848714
1901,0.962326082
1900,0.962408549
1899,0.962910798
1898,0.962857253
1897,0.962052294
1896,0.961855195
1895,0.961981214
1894,0.962118193
1893,0.961595427
1892,0.962044748
1891,0.962592436
1890,0.962247378
1889,0.96266688
1888,0.962556661
1887,0.961472925
1886,0.962433484
1885,0.962341607
1884,0.962003778
1883,0.962016029
1882,0.962416954
1881,0.962257779
1880,0.961394094
1879,0.962034359
1878,0.961994267
1877,0.961743736
1876,0.962591591
1875,0.962058201
1874,0.961713734
1873,0.962223409
1872,0.962028319
1871,0.962144883
1870,0.962375768
1869,0.962824955
1868,0.962024053
1867,0.962207858
1866,0.962302087
1865,0.9619977
1864,0.961732375
1863,0.962334334
1862,0.962134883
1861,0.962248573
1860,0.961906668
1859,0.961704171
1858,0.962000548
1857,0.961744143
1856,0.9614446
1855,0.961490072
1854,0.961612542
1853,0.961993446
1852,0.962154675
1851,0.961730518
1850,0.961855869
1849,0.961643778
1848,0.961275679
1847,0.96151619
1846,0.962009048
1845,0.961671937
1844,0.961422583
1843,0.961332556
1842,0.961248035
1841,0.961651929
1840,0.961851273
1839,0.96174516
1838,0.961653722
1837,0.961354338
1836,0.961310514
1835,0.961842759
1834,0.961123104
1833,0.961343587
1832,0.961050987
1831,0.961169434
1830,0.96158226
1829,0.961125952
1828,0.960730165
1827,0.960911547
1826,0.961487834
1825,0.961232236
1824,0.960807743
1823,0.961019351
1822,0.961014957
1821,0.961363532
1820,0.960734069
1819,0.960704466
1818,0.961382802
1817,0.96109038
1816,0.961161919
1815,0.960983512
1814,0.961176637
1813,0.961010799
1812,0.960697053
1811,0.961272271
1810,0.960591761
1809,0.96053374
1808,0.960673555
1807,0.960915152
1806,0.960730731
1805,0.96051597
1804,0.960630226
1803,0.960656134
1802,0.960664075
1801,0.960325457
1800,0.960928567
1799,0.960803579
1798,0.960250231
1797,0.960439561
1796,0.960201931
1795,0.95987395
1794,0.960532322
1793,0.95999356
1792,0.9604599
1791,0.960204557
1790,0.960584927
1789,0.960465965
1788,0.960535704
1787,0.960386569
1786,0.960119603
1785,0.960598749
1784,0.96053477
1783,0.960863317
1782,0.959801776
1781,0.95983813
1780,0.960294228
1779,0.960516669
1778,0.960197481
1777,0.959766916
1776,0.960575485
1775,0.960155551
1774,0.960090415
1773,0.960622756
1772,0.960692991
1771,0.960096499
1770,0.960243944
1769,0.960505575
1768,0.960360006
1767,0.960076586
1766,0.960250727
1765,0.960399361
1764,0.960850576
1763,0.960605933
1762,0.960239404
1761,0.960209306
1760,0.960680332
1759,0.960304152
1758,0.959875514
1757,0.960248801
1756,0.960488078
1755,0.960125777
1754,0.960213203
1753,0.960567697
1752,0.960297286
1751,0.960508957
1750,0.960204042
1749,0.960034472
1748,0.960208867
1747,0.960262318
1746,0.960491327
1745,0.960274086
1744,0.960448488
1743,0.960333742
1742,0.96026741
1741,0.960570234
1740,0.960271912
1739,0.960723362
1738,0.960137971
1737,0.960514202
1736,0.960656471
1735,0.960389748
1734,0.960451603
1733,0.960793095
1732,0.960365047
1731,0.960772502
1730,0.961027953
1729,0.960563151
1728,0.960299524
1727,0.961199862
1726,0.960773169
1725,0.960435607
1724,0.960770111
1723,0.960586535
1722,0.961176936
1721,0.960614363
1720,0.960765311
1719,0.960702521
1718,0.960686766
1717,0.961070576
1716,0.960457268
1715,0.960532589
1714,0.960502809
1713,0.96103192
1712,0.960667604
1711,0.960639858
1710,0.960483812
1709,0.96063914
1708,0.961134834
1707,0.961479867
1706,0.960591908
1705,0.960886237
1704,0.961042926
1703,0.960559489
1702,0.961051108
1701,0.961034508
1700,0.960638504
1699,0.961014226
1698,0.960687288
1697,0.960359802
1696,0.961153558
1695,0.961163222
1694,0.960851885
1693,0.960438658
1692,0.96090704
1691,0.960777251
1690,0.960720024
1689,0.960549558
1688,0.960353165
1687,0.960707951
1686,0.960593141
1685,0.960725702
1684,0.961034857
1683,0.960991936
1682,0.960839475
1681,0.960122604
1680,0.960564499
1679,0.960379518
1678,0.960576172
1677,0.960961431
1676,0.960657075
1675,0.960908305
1674,0.961297181
1673,0.960812664
1672,0.960884043
1671,0.961339556
1670,0.960456537
1669,0.960712655
1668,0.960509262
1667,0.960669244
1666,0.960444132
1665,0.960481307
1664,0.961119906
1663,0.9605211
1662,0.960820891
1661,0.960799452
1660,0.960847588
1659,0.961060054
1658,0.960463587
1657,0.960678921
1656,0.960223649
1655,0.960791709
1654,0.960695705
1653,0.960829862
1652,0.960480735
1651,0.961063786
1650,0.960683645
1649,0.961078917
1648,0.960852623
1647,0.960734094
1646,0.960496928
1645,0.960651245
1644,0.96050148
1643,0.96057181
1642,0.960462163
1641,0.96039458
1640,0.960252393
1639,0.960058174
1638,0.960458228
1637,0.960310771
1636,0.959876588
1635,0.960526244
1634,0.960606117
1633,0.960341835
1632,0.96016798
1631,0.960327511
1630,0.960281188
1629,0.960818723
1628,0.960200583
1627,0.960111154
1626,0.960757192
1625,0.960421149
1624,0.960073547
1623,0.959989942
1622,0.960799338
1621,0.960474529
1620,0.960142994
1619,0.960036252
1618,0.960754064
1617,0.960406259
1616,0.959967359
1615,0.960320721
1614,0.960222823
1613,0.959894149
1612,0.959801153
1611,0.96031229
1610,0.960234076
1609,0.959853388
1608,0.960051034
1607,0.95973189
1606,0.960073407
1605,0.960321477
1604,0.960064831
1603,0.960255152
1602,0.959917526
1601,0.959965159
1600,0.960074081
1599,0.959606228
1598,0.959801413
1597,0.959614156
1596,0.960004228
1595,0.960091451
1594,0.959574973
1593,0.95970164
1592,0.959889336
1591,0.959447734
1590,0.959890232
1589,0.95960453
1588,0.959762224
1587,0.960040366
1586,0.959600824
1585,0.959579468
1584,0.959523067
1583,0.959247913
1582,0.960137831
1581,0.959729792
1580,0.959655609
1579,0.959389153
1578,0.959342492
1577,0.959271393
1576,0.959557985
1575,0.95971955
1574,0.959166953
1573,0.959697736
1572,0.959548804
1571,0.959547335
1570,0.959230385
1569,0.959371058
1568,0.959087868
1567,0.959271609
1566,0.959637915
1565,0.959872252
1564,0.959170596
1563,0.959499982
1562,0.959071
1561,0.959140587
1560,0.959019712
1559,0.959940325
1558,0.959007187
1557,0.959987348
1556,0.959360065
1555,0.959544239
1554,0.959076977
1553,0.959240551
1552,0.959510473
1551,0.959138762
1550,0.959669978
1549,0.959114418
1548,0.95912199
1547,0.959374116
1546,0.959502023
1545,0.959136988
1544,0.95900603
1543,0.959047483
1542,0.959181175
1541,0.959289188
1540,0.959576302
1539,0.95884826
1538,0.959076684
1537,0.959032466
1536,0.959286874
1535,0.95936175
1534,0.959290187
1533,0.95931345
1532,0.959236743
1531,0.959003843
1530,0.959518344
1529,0.958792102
1528,0.95919672
1527,0.958769817
1526,0.959256064
1525,0.959280949
1524,0.95905606
1523,0.959377975
1522,0.958905748
1521,0.959155312
1520,0.958831158
1519,0.959232655
1518,0.959145832
1517,0.959263376
1516,0.958883661
1515,0.958932234
1514,0.959051437
1513,0.958762067
1512,0.95943023
1511,0.959459337
1510,0.959214611
1509,0.95887818
1508,0.958919417
1507,0.959131667
1506,0.958785013
1505,0.958893471
1504,0.959536622
1503,0.958945287
1502,0.958814837
1501,0.958388933
1500,0.958566074
1499,0.959652208
1498,0.958732141
1497,0.959326045
1496,0.959176381
1495,0.959013646
1494,0.958756975
1493,0.959177545
1492,0.959002641
1491,0.959093806
1490,0.9591259
1489,0.958982226
1488,0.959531066
1487,0.959276066
1486,0.958852552
1485,0.959735718
1484,0.959137961
1483,0.95892259
1482,0.958964341
1481,0.959033928
1480,0.95940134
1479,0.959459883
1478,0.95958416
1477,0.958995132
1476,0.959063028
1475,0.959013284
1474,0.958669821
1473,0.959137643
1472,0.959238389
1471,0.95851675
1470,0.958873851
1469,0.959160194
1468,0.958496895
1467,0.958819701
1466,0.95878287
1465,0.959439252
1464,0.959457804
1463,0.958717079
1462,0.958946056
1461,0.958919239
1460,0.959482365
1459,0.959046224
1458,0.959102675
1457,0.959184132
1456,0.958810692
1455,0.958684025
1454,0.958927002
1453,0.959669882
1452,0.958511848
1451,0.958523782
1450,0.959053974
1449,0.959130567
1448,0.958915393
1447,0.958413067
1446,0.959298356
1445,0.959049905
1444,0.958101711
1443,0.958649432
1442,0.958928528
1441,0.958671767
1440,0.95870046
1439,0.958660564
1438,0.958940722
1437,0.959037685
1436,0.958599803
1435,0.958852208
1434,0.958507722
1433,0.958357245
1432,0.958728879
1431,0.9588716
1430,0.958651282
1429,0.958319709
1428,0.958978901
1427,0.958509318
1426,0.958816172
1425,0.958233274
1424,0.95839173
1423,0.958358879
1422,0.958792725
1421,0.95823597
1420,0.958409328
1419,0.958407904
1418,0.958095055
1417,0.958049831
1416,0.958063711
1415,0.958125254
1414,0.958206641
1413,0.95815663
1412,0.95832208
1411,0.957620977
1410,0.957886105
1409,0.957607765
1408,0.95778958
1407,0.957918549
1406,0.957696686
1405,0.957633444
1404,0.957859446
1403,0.957977339
1402,0.957083403
1401,0.957125111
1400,0.957955367
1399,0.957540309
1398,0.957583008
1397,0.956792723
1396,0.95753926
1395,0.957061596
1394,0.957029266
1393,0.957374382
1392,0.956966654
1391,0.957451623
1390,0.957044703
1389,0.957181282
1388,0.957556362
1387,0.957678827
1386,0.957372341
1385,0.956992709
1384,0.956700719
1383,0.956851044
1382,0.956835492
1381,0.957401307
1380,0.957775631
1379,0.957086894
1378,0.956394202
1377,0.957010791
1376,0.95642561
1375,0.956849219
1374,0.956517817
1373,0.956293856
1372,0.957126738
1371,0.956259282
1370,0.956719036
1369,0.956642246
1368,0.957091643
1367,0.956636028
1366,0.957112344
1365,0.957387911
1364,0.956674563
1363,0.956455854
1362,0.956983344
1361,0.956421274
1360,0.956873862
1359,0.956995665
1358,0.955962645
1357,0.956143926
1356,0.95610391
1355,0.955979074
1354,0.955754719
1353,0.956741772
1352,0.956069558
1351,0.95625611
1350,0.956827825
1349,0.956675593
1348,0.956548754
1347,0.956612829
1346,0.957157402
1345,0.956828105
1344,0.956750552
1343,0.957068017
1342,0.95686491
1341,0.956506411
1340,0.95678697
1339,0.956548971
1338,0.956598981
1337,0.956584816
1336,0.956776396
1335,0.956845105
1334,0.956687145
1333,0.956378142
1332,0.956404673
1331,0.956464729
1330,0.956334432
1329,0.956501865
1328,0.956800957
1327,0.956271324
1326,0.956363894
1325,0.956262309
1324,0.956293697
1323,0.95668939
1322,0.956137435
1321,0.956070493
1320,0.956038227
1319,0.956057091
1318,0.955571683
1317,0.956019719
1316,0.955877927
1315,0.955243301
1314,0.955539366
1313,0.955899544
1312,0.955510629
1311,0.954969114
1310,0.955422217
1309,0.955119228
1308,0.954987901
1307,0.955050983
1306,0.955170345
1305,0.954902611
1304,0.954745083
1303,0.955415618
1302,0.955194391
1301,0.954559828
1300,0.954969393
1299,0.954899394
1298,0.954415639
1297,0.954886367
1296,0.954500682
1295,0.955055586
1294,0.954483846
1293,0.954493186
1292,0.954577986
1291,0.954376825
1290,0.954680354
1289,0.954481144
1288,0.954112148
1287,0.954133568
1286,0.954211267
1285,0.953525937
1284,0.95355945
1283,0.954022732
1282,0.954034634
1281,0.953663451
1280,0.953945376
1279,0.953725268
1278,0.953702653
1277,0.954254373
1276,0.95370402
1275,0.953213634
1274,0.953175729
1273,0.953970928
1272,0.953461259
1271,0.953234189
1270,0.953187841
1269,0.953747133
1268,0.953413048
1267,0.952925371
1266,0.953251673
1265,0.952418181
1264,0.952705803
1263,0.952706273
1262,0.952906259
1261,0.952738679
1260,0.952536151
1259,0.952511145
1258,0.952359365
1257,0.951968962
1256,0.952875996
1255,0.952491805
1254,0.95277167
1253,0.952074369
1252,0.952380238
1251,0.952202346
1250,0.952391256
1249,0.952312266
1248,0.952199682
1247,0.952872041
1246,0.952193108
1245,0.952305145
1244,0.952211278
1243,0.952366873
1242,0.951974983
1241,0.951897628
1240,0.952229888
1239,0.951968943
1238,0.951716741
1237,0.951767127
1236,0.95224521
1235,0.952329973
1234,0.952197056
1233,0.951860231
1232,0.951320903
1231,0.951651382
1230,0.951266836
1229,0.951914285
1228,0.95131101
1227,0.9517589
1226,0.951577606
1225,0.951534538
1224,0.9516583
1223,0.951515465
1222,0.951475048
1221,0.951077652
1220,0.951669629
1219,0.951064637
1218,0.951268972
1217,0.95105643
1216,0.951862526
1215,0.950994155
1214,0.950980167
1213,0.950945047
1212,0.95107825
1211,0.950870463
1210,0.951286894
1209,0.95133522
1208,0.951180534
1207,0.951313578
1206,0.951591981
1205,0.951041145
1204,0.950720094
1203,0.95087951
1202,0.951334438
1201,0.951008739
1200,0.951057828
1199,0.952669754
1198,0.952480443
1197,0.952553342
1196,0.952260005
1195,0.952710361
1194,0.952294235
1193,0.95235096
1192,0.95230655
1191,0.952060623
1190,0.952248249
1189,0.952404722
1188,0.952170982
1187,0.951824443
1186,0.951688385
1185,0.95189462
1184,0.951665834
1183,0.951379547
1182,0.952196452
1181,0.951579539
1180,0.95133969
1179,0.95135725
1178,0.951217721
1177,0.951158015
1176,0.951444009
1175,0.950941518
1174,0.951330916
1173,0.951312046
1172,0.951217499
1171,0.950766513
1170,0.95101998
1169,0.95147131
1168,0.951205966
1167,0.950616995
1166,0.951111348
1165,0.950928485
1164,0.951117776
1163,0.950996558
1162,0.95038449
1161,0.950321356
1160,0.949912879
1159,0.950306098
1158,0.9502005
1157,0.950077394
1156,0.950376422
1155,0.949490306
1154,0.949879831
1153,0.95003931
1152,0.949534829
1151,0.949694742
1150,0.949586582
1149,0.94948082
1148,0.949602877
1147,0.948774687
1146,0.949236526
1145,0.949494343
1144,0.948875987
1143,0.949270255
1142,0.949277445
1141,0.94898941
1140,0.94932368
1139,0.94878938
1138,0.948891767
1137,0.948208866
1136,0.948817406
1135,0.948507671
1134,0.948251896
1133,0.948341045
1132,0.948121916
1131,0.948156319
1130,0.947489287
1129,0.947842553
1128,0.948196443
1127,0.947917207
1126,0.947877502
1125,0.947655156
1124,0.946648547
1123,0.94773592
1122,0.947557621
1121,0.947104429
1120,0.94689333
1119,0.947113304
1118,0.946989352
1117,0.946410472
1116,0.946951052
1115,0.946820412
1114,0.946239808
1113,0.946642768
1112,0.94663084
1111,0.946544456
1110,0.945907612
1109,0.946092428
1108,0.945799802
1107,0.945865281
1106,0.945375023
1105,0.945681477
1104,0.945940069
1103,0.945172647
1102,0.945747954
1101,0.945161438
1100,0.944970837
1099,0.94490195
1098,0.944702752
1097,0.944680818
1096,0.945210463
1095,0.944590111
1094,0.944567254
1093,0.944404666
1092,0.94395291
1091,0.943935782
1090,0.943726877
1089,0.943815816
1088,0.943645058
1087,0.943751246
1086,0.943407084
1085,0.94339866
1084,0.943157717
1083,0.94309234
1082,0.942896309
1081,0.942687868
1080,0.942390963
1079,0.942322534
1078,0.942737001
1077,0.94224376
1076,0.94163983
1075,0.941492488
1074,0.941732769
1073,0.941779245
1072,0.941500295
1071,0.941086966
1070,0.941114566
1069,0.940794093
1068,0.940871696
1067,0.940620486
1066,0.94051431
1065,0.940437393
1064,0.939752655
1063,0.939994939
1062,0.939458256
1061,0.939541861
1060,0.93965704
1059,0.939172586
1058,0.938509356
1057,0.939318956
1056,0.938707555
1055,0.938616982
1054,0.938275979
1053,0.93785806
1052,0.937967676
1051,0.937685483
1050,0.937944571
1049,0.937983335
1048,0.937605406
1047,0.937063828
1046,0.937596258
1045,0.936574574
1044,0.936410281
1043,0.936785418
1042,0.936806335
1041,0.935744616
1040,0.935862605
1039,0.936137238
1038,0.935793546
1037,0.935447343
1036,0.935100136
1035,0.935097523
1034,0.934646899
1033,0.934906324
1032,0.934464531
1031,0.934567445
1030,0.934352729
1029,0.933987471
1028,0.933716056
1027,0.933896898
1026,0.93329923
1025,0.933548209
1024,0.933401814
1023,0.933210195
1022,0.933199081
1021,0.93298151
1020,0.932350267
1019,0.932801832
1018,0.932117399
1017,0.931886622
1016,0.931893412
1015,0.931735109
1014,0.931344541
1013,0.931166655
1012,0.931602427
1011,0.930392996
1010,0.930481911
1009,0.930526212
1008,0.930451412
1007,0.930030766
1006,0.929958108
1005,0.929598045
1004,0.92929142
1003,0.929158268
1002,0.928758837
1001,0.928516115
1000,0.928718713
999,0.927742062
998,0.92856177
997,0.927469699
996,0.927110271
995,0.927487081
994,0.926402556
993,0.926153755
992,0.925447318
991,0.925855776
990,0.925190493
989,0.924902636
988,0.924965687
987,0.924084174
986,0.924032224
985,0.923428491
984,0.923312308
983,0.92253973
982,0.922334569
981,0.922256953
980,0.92166488
979,0.921383127
978,0.920534763
977,0.920301749
976,0.919804014
975,0.920150592
974,0.919559816
973,0.919200617
972,0.918326003
971,0.918000412
970,0.917836685
969,0.917159748
968,0.916958167
967,0.916282272
966,0.916124802
965,0.916195526
964,0.915009689
963,0.914476986
962,0.914105657
961,0.913497423
960,0.913013312
959,0.912854112
958,0.911990636
957,0.911942209
956,0.911445274
955,0.910536976
954,0.910288874
953,0.9100892
952,0.909375515
951,0.908574861
950,0.908463427
949,0.907651412
948,0.907666556
947,0.906968218
946,0.906926314
945,0.905944786
944,0.905908451
943,0.905531228
942,0.905095584
941,0.904323832
940,0.90405014
939,0.90400828
938,0.903327274
937,0.902451363
936,0.902208513
935,0.902225062
934,0.901364727
933,0.901195189
932,0.899994303
931,0.899681625
930,0.899128056
929,0.898768578
928,0.898298537
927,0.897532571
926,0.896786448
925,0.896454519
924,0.895649376
923,0.895155735
922,0.894416008
921,0.893922545
920,0.893737551
919,0.893314336
918,0.892150625
917,0.89215271
916,0.891221612
915,0.890722014
914,0.889931304
913,0.889186363
912,0.888253428
911,0.887916279
910,0.887508214
909,0.886566919
908,0.886073755
907,0.88551576
906,0.884526157
905,0.883882211
904,0.883085124
903,0.882871672
902,0.882443314
901,0.881248792
900,0.881167316
899,0.88114343
898,0.88068676
897,0.87956508
896,0.879587536
895,0.879622434
894,0.878929424
893,0.878601653
892,0.878053627
891,0.878081277
890,0.878446051
889,0.878575706
888,0.878095303
887,0.879289322
886,0.879440575
885,0.879868069
884,0.879334812
883,0.878424034
882,0.877736352
881,0.876763757
880,0.875124289
879,0.87352363
878,0.872702459
877,0.871242739
876,0.870212549
875,0.86934885
874,0.868560435
873,0.868190142
872,0.866887652
871,0.866511358
870,0.865556564
869,0.86508412
868,0.864096673
867,0.863129565
866,0.862426802
865,0.861826973
864,0.861368237
863,0.860736866
862,0.859939499
861,0.858400981
860,0.858482507
859,0.857681185
858,0.857280858
857,0.857237396
856,0.856789824
855,0.855567042
854,0.855141919
853,0.854881045
852,0.854320609
851,0.853864384
850,0.853114923
849,0.852065074
848,0.852095941
847,0.851674417
846,0.851284307
845,0.851053785
844,0.850675793
843,0.850205867
842,0.850244052
841,0.849396604
840,0.849091511
839,0.848534387
838,0.849739056
837,0.84879687
836,0.847849483
835,0.846666018
834,0.847410806
833,0.847117265
832,0.847215074
831,0.846275705
830,0.846512241
829,0.845724646
828,0.846369324
827,0.846247304
826,0.845519765
825,0.84805865
824,0.84538276
823,0.846039047
822,0.846539682
821,0.847005151
820,0.845631886
819,0.845849616
818,0.848667323
817,0.847642485
816,0.846021563
815,0.847416732
814,0.847797807
813,0.848263041
812,0.848547433
811,0.848223127
810,0.849574191
809,0.847474194
808,0.847941577
807,0.84988013
806,0.850329876
805,0.848767325
804,0.849282602
803,0.849134121
802,0.850081221
801,0.849030355
800,0.84816527
799,0.846865603
798,0.848080978
797,0.84835502
796,0.846326739
795,0.849592228
794,0.848623498
793,0.848279756
792,0.849989694
791,0.850162818
790,0.850511748
789,0.849503695
788,0.851264769
787,0.850830606
786,0.851146876
785,0.851326555
784,0.85268788
783,0.852061335
782,0.853755449
781,0.852546991
780,0.853698463
779,0.855188592
778,0.855010465
777,0.853162689
776,0.856099294
775,0.856142375
774,0.855776215
773,0.85658357
772,0.857445621
771,0.858088627
770,0.857872747
769,0.856606108
768,0.859495837
767,0.85944617
766,0.857615617
765,0.859302368
764,0.859181194
763,0.860351664
762,0.861286793
761,0.861505159
760,0.86170091
759,0.861632468
758,0.861572069
757,0.86125447
756,0.862424431
755,0.862437197
754,0.862399629
753,0.862697684
752,0.863784186
751,0.863511639
750,0.863355897
749,0.864218782
748,0.864052645
747,0.864503136
746,0.865237974
745,0.866187471
744,0.865560188
743,0.865948257
742,0.865417309
741,0.866303876
740,0.866234697
739,0.867854328
738,0.86768261
737,0.867995644
736,0.86804582
735,0.868922386
734,0.868581734
733,0.869940701
732,0.86988306
731,0.86974074
730,0.869791597
729,0.869569092
728,0.869773617
727,0.870011775
726,0.870758654
725,0.871041616
724,0.871736571
723,0.871520265
722,0.871708927
721,0.87205363
720,0.87301747
719,0.872495944
718,0.872934469
717,0.873092206
716,0.872993749
715,0.873395977
714,0.872737961
713,0.87378252
712,0.873868949
711,0.874045773
710,0.87393266
709,0.875401669
708,0.875202662
707,0.875345548
706,0.875520242
705,0.874935691
704,0.875459245
703,0.875634454
702,0.8762872
701,0.876716353
700,0.87569451
699,0.876609879
698,0.877037423
697,0.876981074
696,0.877271837
695,0.877561296
694,0.877531484
693,0.878089822
692,0.878492298
691,0.878076833
690,0.878372682
689,0.878896109
688,0.879006329
687,0.879285997
686,0.879389712
685,0.879233284
684,0.879785004
683,0.880018113
682,0.88042661
681,0.880245037
680,0.880559483
679,0.88107858
678,0.880905018
677,0.88097126
676,0.881489709
675,0.881893126
674,0.881830858
673,0.881757946
672,0.88207475
671,0.882409515
670,0.882427031
669,0.88263518
668,0.883271885
667,0.882844232
666,0.882905114
665,0.883383497
664,0.883661474
663,0.883942293
662,0.884123217
661,0.884064795
660,0.883757502
659,0.884742393
658,0.884181321
657,0.884762141
656,0.88512139
655,0.885423775
654,0.885440998
653,0.885427761
652,0.885985635
651,0.885971343
650,0.885947291
649,0.885964832
648,0.886148459
647,0.886058737
646,0.886007512
645,0.886534659
644,0.887030271
643,0.887232094
642,0.886857923
641,0.887517738
640,0.887465795
639,0.887681408
638,0.888093522
637,0.887842166
636,0.88782903
635,0.888141829
634,0.888654461
633,0.888372555
632,0.888374151
631,0.889100367
630,0.888699589
629,0.889217834
628,0.889029554
627,0.88892046
626,0.88953598
625,0.8894299
624,0.889517104
623,0.889819082
622,0.890020383
621,0.890334352
620,0.890182927
619,0.890430895
618,0.890762666
617,0.890657304
616,0.890867456
615,0.890941531
614,0.890474625
613,0.891256593
612,0.891730556
611,0.891651071
610,0.891824678
609,0.891544323
608,0.89205932
607,0.892089144
606,0.891924572
605,0.892256152
604,0.892287884
603,0.892813524
602,0.892394969
601,0.893222173
600,0.892899812
599,0.892918631
598,0.893357671
597,0.893384819
596,0.893563398
595,0.89349268
594,0.893967209
593,0.893845069
592,0.893838501
591,0.894071064
590,0.893760668
589,0.894939264
588,0.894320037
587,0.894409199
586,0.895073662
585,0.894757404
584,0.894430154
583,0.895077445
582,0.89476799
581,0.895611184
580,0.895267131
579,0.895834815
578,0.895194295
577,0.895658271
576,0.89539458
575,0.895778662
574,0.895794938
573,0.896251647
572,0.895958761
571,0.895692056
570,0.896119671
569,0.895814298
568,0.896074384
567,0.896224779
566,0.896732572
565,0.896491547
564,0.89713974
563,0.897275836
562,0.896443837
561,0.897182636
560,0.897398752
559,0.897320423
558,0.897484169
557,0.898036404
556,0.897424329
555,0.898124599
554,0.897444045
553,0.898197244
552,0.897938449
551,0.897827752
550,0.898208313
549,0.898443451
548,0.898285885
547,0.898572865
546,0.898594481
545,0.899085509
544,0.898529797
543,0.898563461
542,0.899178969
541,0.899069093
540,0.899637095
539,0.898652681
538,0.899350033
537,0.899483865
536,0.899630451
535,0.899445019
534,0.899831676
533,0.899909007
532,0.899262733
531,0.899152101
530,0.899372673
529,0.899950593
528,0.900113525
527,0.899619204
526,0.900042375
525,0.899769173
524,0.900420183
523,0.90050115
522,0.900362167
521,0.900691853
520,0.900440737
519,0.900273946
518,0.900982138
517,0.90105566
516,0.900557391
515,0.900985864
514,0.900893892
513,0.900993245
512,0.900408033
511,0.900933336
510,0.901256968
509,0.901295961
508,0.901466497
507,0.901319192
506,0.901694094
505,0.901339118
504,0.901341991
503,0.901583805
502,0.902060897
501,0.902192001
500,0.902294089
499,0.902018191
498,0.901824455
497,0.90191925
496,0.902274526
495,0.902219321
494,0.902166862
493,0.902485339
492,0.901878942
491,0.902395229
490,0.903129571
489,0.902450867
488,0.902388522
487,0.902688249
486,0.902452984
485,0.90283097
484,0.902882493
483,0.902758624
482,0.903224748
481,0.902556883
480,0.903065688
479,0.903183835
478,0.903267873
477,0.903205598
476,0.903183473
475,0.903216788
474,0.903301862
473,0.903345381
472,0.903283017
471,0.903466562
470,0.904089108
469,0.903812154
468,0.903435898
467,0.903681208
466,0.903681774
465,0.903809115
464,0.904119867
463,0.903990606
462,0.904127382
461,0.9038274
460,0.904480699
459,0.903753274
458,0.904516907
457,0.904536304
456,0.904024512
455,0.904179738
454,0.904850718
453,0.904756921
452,0.904347553
451,0.904942576
450,0.904450804
449,0.903896599
448,0.904449476
447,0.90461935
446,0.904499798
445,0.904232159
444,0.904244296
443,0.904618562
442,0.905141799
441,0.90533123
440,0.90519907
439,0.904871146
438,0.905180658
437,0.904892985
436,0.904684016
435,0.904995575
434,0.905316111
433,0.905027529
432,0.90533055
431,0.90566337
430,0.904735966
429,0.905379416
428,0.904771976
427,0.905401026
426,0.905491066
425,0.905161101
424,0.905328248
423,0.905215162
422,0.905711193
421,0.905464694
420,0.90538765
419,0.905685539
418,0.905448411
417,0.905321198
416,0.905731773
415,0.905309022
414,0.905105578
413,0.905821571
412,0.905724157
411,0.905295989
410,0.905954755
409,0.905041135
408,0.906046371
407,0.906722349
406,0.906044674
405,0.90612353
404,0.906096948
403,0.906200263
402,0.905300484
401,0.90621343
400,0.905798435
399,0.90615633
398,0.906351566
397,0.905489279
396,0.905632464
395,0.906476498
394,0.906260001
393,0.906712379
392,0.905980517
391,0.905730451
390,0.905597776
389,0.906439387
388,0.906682173
387,0.906042207
386,0.905227318
385,0.906613242
384,0.905941588
383,0.906271343
382,0.904731668
381,0.905444349
380,0.905286916
379,0.905368799
378,0.905794182
377,0.906067944
376,0.905287972
375,0.906142877
374,0.905405693
373,0.905740115
372,0.905211461
371,0.905954234
370,0.904740283
369,0.906318696
368,0.90585364
367,0.905683238
366,0.906353353
365,0.904627844
364,0.905889034
363,0.906197357
362,0.906717612
361,0.905981782
360,0.90549825
359,0.905264079
358,0.905116431
357,0.905218493
356,0.904861857
355,0.904860503
354,0.905367406
353,0.90484031
352,0.903339513
351,0.9048489
350,0.905975863
349,0.904652195
348,0.906001886
347,0.904038423
346,0.904983209
345,0.905389271
344,0.904856027
343,0.903391012
342,0.905091496
341,0.904116885
340,0.904414584
339,0.902491334
338,0.902076518
337,0.901851082
336,0.901706441
335,0.901428496
334,0.900671202
333,0.901212826
332,0.900705814
331,0.900203667
330,0.90084163
329,0.900318273
328,0.901215006
327,0.901914857
326,0.900731494
325,0.900659695
324,0.900845235
323,0.901212374
322,0.900116202
321,0.899523347
320,0.899652557
319,0.899656499
318,0.899676533
317,0.899960117
316,0.899979846
315,0.900158386
314,0.900079397
313,0.89971419
312,0.899884783
311,0.900219002
310,0.899428552
309,0.89904335
308,0.900047474
307,0.899046885
306,0.899425106
305,0.899202518
304,0.899075178
303,0.898796679
302,0.899379152
301,0.898937327
300,0.898783182
299,0.898047778
298,0.898895518
297,0.898886865
296,0.898272616
295,0.898811067
294,0.898472583
293,0.898460032
292,0.898637575
291,0.898559589
290,0.897872524
289,0.897853406
288,0.897916311
287,0.897975063
286,0.897517217
285,0.897965126
284,0.897768294
283,0.897152036
282,0.89759175
281,0.896835219
280,0.896928272
279,0.896566855
278,0.896631788
277,0.896678416
276,0.896540248
275,0.895911611
274,0.896283824
273,0.895979684
272,0.895996615
271,0.895706234
270,0.895394217
269,0.895375665
268,0.894865735
267,0.894895331
266,0.895051072
265,0.894597613
264,0.894826565
263,0.894468079
262,0.893996474
261,0.893712794
260,0.89373216
259,0.893194701
258,0.892662265
257,0.892799765
256,0.892630742
255,0.892122746
254,0.891555112
253,0.891338768
252,0.890951494
251,0.890808697
250,0.890216039
249,0.889916674
248,0.889402396
247,0.889452902
246,0.889032981
245,0.887817936
244,0.888029219
243,0.887496071
242,0.88629783
241,0.885979137
240,0.885548757
239,0.884421151
238,0.88384222
237,0.88294363
236,0.882623157
235,0.881393592
234,0.880622203
233,0.879299698
232,0.878923957
231,0.8773725
230,0.876485526
229,0.875593739
228,0.874454123
227,0.873205204
226,0.871816673
225,0.870207227
224,0.869384638
223,0.867418149
222,0.865975819
221,0.86446895
220,0.862426675
219,0.86110302
218,0.859003328
217,0.857515965
216,0.855051759
215,0.852799619
214,0.850361506
213,0.848345165
212,0.846172117
211,0.843156687
210,0.841034133
209,0.837491016
208,0.834953461
207,0.831538359
206,0.828023624
205,0.824901689
204,0.822074356
203,0.817721685
202,0.813904444
201,0.810389296
200,0.806110198