#Wavelength (nm),"M1, M2, or M3
#2 years"
2500,0.953093141
2499,0.952525991
2498,0.953532855
2497,0.953206819
2496,0.953407427
2495,0.953676294
2494,0.953587666
2493,0.953917999
2492,0.953603045
2491,0.953222027
2490,0.953276634
2489,0.95355566
2488,0.953178202
2487,0.953595212
2486,0.954185066
2485,0.954418526
2484,0.953228302
2483,0.95285052
2482,0.953710537
2481,0.954127083
2480,0.953111464
2479,0.953332348
2478,0.953362026
2477,0.953162187
2476,0.952874673
2475,0.952800662
2474,0.95329656
2473,0.952973251
2472,0.953085308
2471,0.953344739
2470,0.953210284
2469,0.952856636
2468,0.953303299
2467,0.953297571
2466,0.953205071
2465,0.952642053
2464,0.953025373
2463,0.953214213
2462,0.953621229
2461,0.952776496
2460,0.953266614
2459,0.952800566
2458,0.953023516
2457,0.952984549
2456,0.953501066
2455,0.953791962
2454,0.953037294
2453,0.952753118
2452,0.953132483
2451,0.953128872
2450,0.952524242
2449,0.953393631
2448,0.952411664
2447,0.953045413
2446,0.952848759
2445,0.952567952
2444,0.95301527
2443,0.952569059
2442,0.952917029
2441,0.952531274
2440,0.952898375
2439,0.952994359
2438,0.95280084
2437,0.952935568
2436,0.953262412
2435,0.952618516
2434,0.952381026
2433,0.9533907
2432,0.953339392
2431,0.952739239
2430,0.952133713
2429,0.953019377
2428,0.953141244
2427,0.952785447
2426,0.952744573
2425,0.953236828
2424,0.952995192
2423,0.953036054
2422,0.952709478
2421,0.95285759
2420,0.953256467
2419,0.952922293
2418,0.952762744
2417,0.952689126
2416,0.952813409
2415,0.953121535
2414,0.952590682
2413,0.953240903
2412,0.952741407
2411,0.953000266
2410,0.9534559
2409,0.952596601
2408,0.953055846
2407,0.953026733
2406,0.952790095
2405,0.952512932
2404,0.952810624
2403,0.952879416
2402,0.951591377
2401,0.953324591
2400,0.952805188
2399,0.952300816
2398,0.952231057
2397,0.95287
2396,0.953017648
2395,0.952848759
2394,0.952283834
2393,0.952750689
2392,0.95272583
2391,0.952746684
2390,0.952824332
2389,0.952319864
2388,0.95232804
2387,0.953223146
2386,0.953491402
2385,0.951735433
2384,0.952207724
2383,0.952576618
2382,0.953477014
2381,0.952955494
2380,0.952781302
2379,0.953088563
2378,0.952898337
2377,0.952993234
2376,0.952722149
2375,0.952767849
2374,0.953421116
2373,0.95320893
2372,0.953391476
2371,0.953103199
2370,0.953213317
2369,0.953014119
2368,0.952881502
2367,0.953405145
2366,0.953089739
2365,0.952866828
2364,0.953336328
2363,0.953719533
2362,0.95379371
2361,0.953074837
2360,0.953284931
2359,0.953660952
2358,0.953261871
2357,0.953627078
2356,0.953507417
2355,0.953297399
2354,0.953552113
2353,0.953309422
2352,0.953318157
2351,0.95374925
2350,0.953469671
2349,0.953398863
2348,0.953657792
2347,0.953545348
2346,0.953378391
2345,0.952895972
2344,0.953669624
2343,0.953193766
2342,0.95322361
2341,0.953179404
2340,0.953434709
2339,0.953012625
2338,0.95266489
2337,0.953200048
2336,0.953070711
2335,0.952682368
2334,0.952820803
2333,0.953150088
2332,0.952144038
2331,0.952472738
2330,0.952258002
2329,0.952277807
2328,0.953029346
2327,0.952729034
2326,0.952604198
2325,0.952494138
2324,0.95242288
2323,0.951698939
2322,0.951997039
2321,0.952390671
2320,0.952293262
2319,0.951970704
2318,0.952425664
2317,0.952177404
2316,0.951908404
2315,0.952590872
2314,0.952917538
2313,0.952510827
2312,0.952253825
2311,0.952618618
2310,0.952699095
2309,0.95230093
2308,0.952265072
2307,0.952222303
2306,0.952095203
2305,0.952322553
2304,0.952179317
2303,0.951829052
2302,0.952538058
2301,0.952274005
2300,0.951590042
2299,0.952313417
2298,0.952363466
2297,0.951995004
2296,0.951906929
2295,0.952510548
2294,0.951769257
2293,0.952329718
2292,0.952541192
2291,0.952530632
2290,0.952807547
2289,0.952243627
2288,0.952269319
2287,0.951743825
2286,0.951997897
2285,0.951956819
2284,0.951724803
2283,0.951813908
2282,0.95195392
2281,0.95171367
2280,0.952089895
2279,0.951870448
2278,0.951781966
2277,0.951720378
2276,0.951518377
2275,0.95171943
2274,0.951698195
2273,0.95180446
2272,0.952047818
2271,0.9518411
2270,0.951848729
2269,0.95215655
2268,0.951759027
2267,0.951770713
2266,0.952008705
2265,0.951337776
2264,0.952131042
2263,0.951530177
2262,0.951541195
2261,0.951574313
2260,0.95156374
2259,0.951727422
2258,0.95162639
2257,0.950890592
2256,0.951840591
2255,0.951645285
2254,0.950891081
2253,0.951375866
2252,0.951351871
2251,0.951470375
2250,0.951426951
2249,0.951212292
2248,0.951404235
2247,0.951756013
2246,0.950953592
2245,0.95153422
2244,0.951868248
2243,0.951486963
2242,0.951808974
2241,0.951828613
2240,0.95178079
2239,0.951915779
2238,0.951916555
2237,0.95195343
2236,0.951513379
2235,0.95135568
2234,0.951093553
2233,0.951581421
2232,0.95162686
2231,0.951512337
2230,0.951921387
2229,0.951540839
2228,0.950956128
2227,0.951304061
2226,0.951420517
2225,0.951455847
2224,0.950771707
2223,0.951257127
2222,0.95137249
2221,0.951295033
2220,0.950848084
2219,0.951051451
2218,0.951488215
2217,0.951325556
2216,0.951409391
2215,0.950757408
2214,0.951051242
2213,0.951174901
2212,0.95103775
2211,0.951401113
2210,0.950918948
2209,0.950387834
2208,0.950925153
2207,0.950300833
2206,0.951723588
2205,0.951110274
2204,0.95042553
2203,0.951055069
2202,0.951019859
2201,0.951035862
2200,0.950877501
2199,0.951232065
2198,0.95090449
2197,0.951096052
2196,0.950626456
2195,0.95073541
2194,0.95113203
2193,0.950613378
2192,0.950742486
2191,0.950921904
2190,0.950209471
2189,0.950948003
2188,0.950874157
2187,0.950582282
2186,0.950477632
2185,0.950658811
2184,0.950952581
2183,0.950792363
2182,0.950392386
2181,0.950811755
2180,0.950762552
2179,0.950716178
2178,0.950729987
2177,0.950210355
2176,0.951009534
2175,0.951187038
2174,0.950508035
2173,0.95025987
2172,0.950973085
2171,0.950097281
2170,0.950657164
2169,0.951083069
2168,0.950787938
2167,0.951064618
2166,0.950283381
2165,0.950498568
2164,0.950511837
2163,0.950226491
2162,0.950699221
2161,0.95051033
2160,0.9508708
2159,0.950076097
2158,0.94996102
2157,0.950930061
2156,0.950742938
2155,0.950561752
2154,0.94994168
2153,0.950391318
2152,0.950255191
2151,0.950036888
2150,0.950587495
2149,0.950371888
2148,0.950165183
2147,0.950304228
2146,0.950472387
2145,0.950314255
2144,0.950318871
2143,0.95011886
2142,0.949747588
2141,0.950600033
2140,0.950059675
2139,0.950059872
2138,0.949888846
2137,0.9500962
2136,0.950571251
2135,0.949748141
2134,0.950218881
2133,0.950101528
2132,0.950046902
2131,0.950116342
2130,0.950591278
2129,0.950051238
2128,0.950305939
2127,0.949866549
2126,0.95002135
2125,0.949730485
2124,0.949989821
2123,0.949585876
2122,0.950441863
2121,0.949490058
2120,0.950126349
2119,0.949737625
2118,0.949954777
2117,0.949661783
2116,0.949479402
2115,0.949967117
2114,0.950091419
2113,0.949684957
2112,0.949634291
2111,0.949988117
2110,0.950021782
2109,0.950094001
2108,0.949793205
2107,0.950448443
2106,0.949941025
2105,0.949280097
2104,0.949491151
2103,0.950202306
2102,0.950136941
2101,0.949506524
2100,0.949671777
2099,0.949694805
2098,0.949510911
2097,0.949409637
2096,0.949668121
2095,0.949517523
2094,0.949761779
2093,0.949191017
2092,0.950357304
2091,0.949725545
2090,0.949177659
2089,0.949649309
2088,0.949308345
2087,0.94968441
2086,0.948996213
2085,0.949378459
2084,0.949253222
2083,0.949928926
2082,0.949542185
2081,0.949454238
2080,0.949784641
2079,0.949934559
2078,0.948931986
2077,0.949275411
2076,0.94919316
2075,0.949282112
2074,0.949300296
2073,0.948993867
2072,0.949441662
2071,0.949028034
2070,0.948559227
2069,0.949465726
2068,0.949332002
2067,0.949167385
2066,0.948838234
2065,0.949203065
2064,0.949382769
2063,0.948942719
2062,0.94873614
2061,0.949705455
2060,0.949585196
2059,0.948552984
2058,0.949548581
2057,0.949095446
2056,0.948742097
2055,0.949047127
2054,0.949322802
2053,0.949339288
2052,0.949112282
2051,0.949519189
2050,0.94925108
2049,0.949377098
2048,0.949364859
2047,0.948925654
2046,0.949083767
2045,0.949206327
2044,0.949204063
2043,0.949312267
2042,0.948965143
2041,0.949222056
2040,0.948912182
2039,0.948835303
2038,0.948941816
2037,0.949287395
2036,0.948838495
2035,0.949319324
2034,0.949435635
2033,0.948804817
2032,0.949328403
2031,0.948967139
2030,0.949687862
2029,0.948885409
2028,0.948990936
2027,0.94918836
2026,0.948720207
2025,0.94851518
2024,0.949139881
2023,0.948727976
2022,0.948766308
2021,0.9491447
2020,0.949099433
2019,0.948781764
2018,0.94906929
2017,0.948489736
2016,0.948882682
2015,0.949050001
2014,0.948908316
2013,0.948692074
2012,0.948706207
2011,0.948971577
2010,0.948638592
2009,0.949113814
2008,0.948510259
2007,0.949106503
2006,0.948227793
2005,0.949128819
2004,0.948976237
2003,0.948561052
2002,0.948707625
2001,0.949013271
2000,0.94877285
1999,0.948722757
1998,0.948278732
1997,0.948139203
1996,0.948531679
1995,0.948675626
1994,0.948916499
1993,0.949048258
1992,0.948718599
1991,0.948550212
1990,0.948906364
1989,0.948773518
1988,0.948860111
1987,0.948437513
1986,0.948556709
1985,0.948522676
1984,0.947933178
1983,0.948129679
1982,0.948277346
1981,0.948225746
1980,0.948046379
1979,0.948056501
1978,0.948389104
1977,0.948574772
1976,0.948032366
1975,0.947890244
1974,0.948117097
1973,0.948698006
1972,0.948026142
1971,0.947988822
1970,0.948173726
1969,0.947598845
1968,0.948126704
1967,0.947757804
1966,0.948050283
1965,0.947885679
1964,0.94815822
1963,0.948145294
1962,0.948329035
1961,0.948100662
1960,0.948107707
1959,0.947986457
1958,0.947862078
1957,0.9478637
1956,0.947682088
1955,0.948449688
1954,0.947459704
1953,0.947712129
1952,0.947906151
1951,0.947984244
1950,0.947758172
1949,0.947979724
1948,0.947796923
1947,0.947976685
1946,0.94738397
1945,0.947312501
1944,0.947681039
1943,0.94867075
1942,0.94761666
1941,0.947827733
1940,0.948196672
1939,0.947885939
1938,0.947747415
1937,0.947724826
1936,0.947952232
1935,0.948506743
1934,0.947947235
1933,0.947524427
1932,0.947671674
1931,0.947688376
1930,0.947650852
1929,0.948036982
1928,0.947595418
1927,0.947368533
1926,0.947658742
1925,0.94813619
1924,0.947489446
1923,0.947799282
1922,0.947896805
1921,0.948212159
1920,0.947543977
1919,0.947984873
1918,0.948080985
1917,0.947681274
1916,0.947311452
1915,0.947574851
1914,0.947557812
1913,0.94801733
1912,0.94771862
1911,0.947857723
1910,0.947846553
1909,0.947966601
1908,0.947231414
1907,0.946847998
1906,0.947481143
1905,0.947899259
1904,0.947441845
1903,0.947205429
1902,0.947848714
1901,0.947326082
1900,0.947408549
1899,0.947910798
1898,0.947857253
1897,0.947052294
1896,0.946855195
1895,0.946981214
1894,0.947118193
1893,0.946595427
1892,0.947044748
1891,0.947592436
1890,0.947247378
1889,0.94766688
1888,0.947556661
1887,0.946472925
1886,0.947433484
1885,0.947341607
1884,0.947003778
1883,0.947016029
1882,0.947416954
1881,0.947257779
1880,0.946394094
1879,0.947034359
1878,0.946994267
1877,0.946743736
1876,0.947591591
1875,0.947058201
1874,0.946713734
1873,0.947223409
1872,0.947028319
1871,0.947144883
1870,0.947375768
1869,0.947824955
1868,0.947024053
1867,0.947207858
1866,0.947302087
1865,0.9469977
1864,0.946732375
1863,0.947334334
1862,0.947134883
1861,0.947248573
1860,0.946906668
1859,0.946704171
1858,0.947000548
1857,0.946744143
1856,0.9464446
1855,0.946490072
1854,0.946612542
1853,0.946993446
1852,0.947154675
1851,0.946730518
1850,0.946855869
1849,0.946643778
1848,0.946275679
1847,0.94651619
1846,0.947009048
1845,0.946671937
1844,0.946422583
1843,0.946332556
1842,0.946248035
1841,0.946651929
1840,0.946851273
1839,0.94674516
1838,0.946653722
1837,0.946354338
1836,0.946310514
1835,0.946842759
1834,0.946123104
1833,0.946343587
1832,0.946050987
1831,0.946169434
1830,0.94658226
1829,0.946125952
1828,0.945730165
1827,0.945911547
1826,0.946487834
1825,0.946232236
1824,0.945807743
1823,0.946019351
1822,0.946014957
1821,0.946363532
1820,0.945734069
1819,0.945704466
1818,0.946382802
1817,0.94609038
1816,0.946161919
1815,0.945983512
1814,0.946176637
1813,0.946010799
1812,0.945697053
1811,0.946272271
1810,0.945591761
1809,0.94553374
1808,0.945673555
1807,0.945915152
1806,0.945730731
1805,0.94551597
1804,0.945630226
1803,0.945656134
1802,0.945664075
1801,0.945325457
1800,0.945928567
1799,0.945803579
1798,0.945250231
1797,0.945439561
1796,0.945201931
1795,0.94487395
1794,0.945532322
1793,0.94499356
1792,0.9454599
1791,0.945204557
1790,0.945584927
1789,0.945465965
1788,0.945535704
1787,0.945386569
1786,0.945119603
1785,0.945598749
1784,0.94553477
1783,0.945863317
1782,0.944801776
1781,0.94483813
1780,0.945294228
1779,0.945516669
1778,0.945197481
1777,0.944766916
1776,0.945575485
1775,0.945155551
1774,0.945090415
1773,0.945622756
1772,0.945692991
1771,0.945096499
1770,0.945243944
1769,0.945505575
1768,0.945360006
1767,0.945076586
1766,0.945250727
1765,0.945399361
1764,0.945850576
1763,0.945605933
1762,0.945239404
1761,0.945209306
1760,0.945680332
1759,0.945304152
1758,0.944875514
1757,0.945248801
1756,0.945488078
1755,0.945125777
1754,0.945213203
1753,0.945567697
1752,0.945297286
1751,0.945508957
1750,0.945204042
1749,0.945034472
1748,0.945208867
1747,0.945262318
1746,0.945491327
1745,0.945274086
1744,0.945448488
1743,0.945333742
1742,0.94526741
1741,0.945570234
1740,0.945271912
1739,0.945723362
1738,0.945137971
1737,0.945514202
1736,0.945656471
1735,0.945389748
1734,0.945451603
1733,0.945793095
1732,0.945365047
1731,0.945772502
1730,0.946027953
1729,0.945563151
1728,0.945299524
1727,0.946199862
1726,0.945773169
1725,0.945435607
1724,0.945770111
1723,0.945586535
1722,0.946176936
1721,0.945614363
1720,0.945765311
1719,0.945702521
1718,0.945686766
1717,0.946070576
1716,0.945457268
1715,0.945532589
1714,0.945502809
1713,0.94603192
1712,0.945667604
1711,0.945639858
1710,0.945483812
1709,0.94563914
1708,0.946134834
1707,0.946479867
1706,0.945591908
1705,0.945886237
1704,0.946042926
1703,0.945559489
1702,0.946051108
1701,0.946034508
1700,0.945638504
1699,0.946014226
1698,0.945687288
1697,0.945359802
1696,0.946153558
1695,0.946163222
1694,0.945851885
1693,0.945438658
1692,0.94590704
1691,0.945777251
1690,0.945720024
1689,0.945549558
1688,0.945353165
1687,0.945707951
1686,0.945593141
1685,0.945725702
1684,0.946034857
1683,0.945991936
1682,0.945839475
1681,0.945122604
1680,0.945564499
1679,0.945379518
1678,0.945576172
1677,0.945961431
1676,0.945657075
1675,0.945908305
1674,0.946297181
1673,0.945812664
1672,0.945884043
1671,0.946339556
1670,0.945456537
1669,0.945712655
1668,0.945509262
1667,0.945669244
1666,0.945444132
1665,0.945481307
1664,0.946119906
1663,0.9455211
1662,0.945820891
1661,0.945799452
1660,0.945847588
1659,0.946060054
1658,0.945463587
1657,0.945678921
1656,0.945223649
1655,0.945791709
1654,0.945695705
1653,0.945829862
1652,0.945480735
1651,0.946063786
1650,0.945683645
1649,0.946078917
1648,0.945852623
1647,0.945734094
1646,0.945496928
1645,0.945651245
1644,0.94550148
1643,0.94557181
1642,0.945462163
1641,0.94539458
1640,0.945252393
1639,0.945058174
1638,0.945458228
1637,0.945310771
1636,0.944876588
1635,0.945526244
1634,0.945606117
1633,0.945341835
1632,0.94516798
1631,0.945327511
1630,0.945281188
1629,0.945818723
1628,0.945200583
1627,0.945111154
1626,0.945757192
1625,0.945421149
1624,0.945073547
1623,0.944989942
1622,0.945799338
1621,0.945474529
1620,0.945142994
1619,0.945036252
1618,0.945754064
1617,0.945406259
1616,0.944967359
1615,0.945320721
1614,0.945222823
1613,0.944894149
1612,0.944801153
1611,0.94531229
1610,0.945234076
1609,0.944853388
1608,0.945051034
1607,0.94473189
1606,0.945073407
1605,0.945321477
1604,0.945064831
1603,0.945255152
1602,0.944917526
1601,0.944965159
1600,0.945074081
1599,0.944606228
1598,0.944801413
1597,0.944614156
1596,0.945004228
1595,0.945091451
1594,0.944574973
1593,0.94470164
1592,0.944889336
1591,0.944447734
1590,0.944890232
1589,0.94460453
1588,0.944762224
1587,0.945040366
1586,0.944600824
1585,0.944579468
1584,0.944523067
1583,0.944247913
1582,0.945137831
1581,0.944729792
1580,0.944655609
1579,0.944389153
1578,0.944342492
1577,0.944271393
1576,0.944557985
1575,0.94471955
1574,0.944166953
1573,0.944697736
1572,0.944548804
1571,0.944547335
1570,0.944230385
1569,0.944371058
1568,0.944087868
1567,0.944271609
1566,0.944637915
1565,0.944872252
1564,0.944170596
1563,0.944499982
1562,0.944071
1561,0.944140587
1560,0.944019712
1559,0.944940325
1558,0.944007187
1557,0.944987348
1556,0.944360065
1555,0.944544239
1554,0.944076977
1553,0.944240551
1552,0.944510473
1551,0.944138762
1550,0.944669978
1549,0.944114418
1548,0.94412199
1547,0.944374116
1546,0.944502023
1545,0.944136988
1544,0.94400603
1543,0.944047483
1542,0.944181175
1541,0.944289188
1540,0.944576302
1539,0.94384826
1538,0.944076684
1537,0.944032466
1536,0.944286874
1535,0.94436175
1534,0.944290187
1533,0.94431345
1532,0.944236743
1531,0.944003843
1530,0.944518344
1529,0.943792102
1528,0.94419672
1527,0.943769817
1526,0.944256064
1525,0.944280949
1524,0.94405606
1523,0.944377975
1522,0.943905748
1521,0.944155312
1520,0.943831158
1519,0.944232655
1518,0.944145832
1517,0.944263376
1516,0.943883661
1515,0.943932234
1514,0.944051437
1513,0.943762067
1512,0.94443023
1511,0.944459337
1510,0.944214611
1509,0.94387818
1508,0.943919417
1507,0.944131667
1506,0.943785013
1505,0.943893471
1504,0.944536622
1503,0.943945287
1502,0.943814837
1501,0.943388933
1500,0.943566074
1499,0.944652208
1498,0.943732141
1497,0.944326045
1496,0.944176381
1495,0.944013646
1494,0.943756975
1493,0.944177545
1492,0.944002641
1491,0.944093806
1490,0.9441259
1489,0.943982226
1488,0.944531066
1487,0.944276066
1486,0.943852552
1485,0.944735718
1484,0.944137961
1483,0.94392259
1482,0.943964341
1481,0.944033928
1480,0.94440134
1479,0.944459883
1478,0.94458416
1477,0.943995132
1476,0.944063028
1475,0.944013284
1474,0.943669821
1473,0.944137643
1472,0.944238389
1471,0.94351675
1470,0.943873851
1469,0.944160194
1468,0.943496895
1467,0.943819701
1466,0.94378287
1465,0.944439252
1464,0.944457804
1463,0.943717079
1462,0.943946056
1461,0.943919239
1460,0.944482365
1459,0.944046224
1458,0.944102675
1457,0.944184132
1456,0.943810692
1455,0.943684025
1454,0.943927002
1453,0.944669882
1452,0.943511848
1451,0.943523782
1450,0.944053974
1449,0.944130567
1448,0.943915393
1447,0.943413067
1446,0.944298356
1445,0.944049905
1444,0.943101711
1443,0.943649432
1442,0.943928528
1441,0.943671767
1440,0.94370046
1439,0.943660564
1438,0.943940722
1437,0.944037685
1436,0.943599803
1435,0.943852208
1434,0.943507722
1433,0.943357245
1432,0.943728879
1431,0.9438716
1430,0.943651282
1429,0.943319709
1428,0.943978901
1427,0.943509318
1426,0.943816172
1425,0.943233274
1424,0.94339173
1423,0.943358879
1422,0.943792725
1421,0.94323597
1420,0.943409328
1419,0.943407904
1418,0.943095055
1417,0.943049831
1416,0.943063711
1415,0.943125254
1414,0.943206641
1413,0.94315663
1412,0.94332208
1411,0.942620977
1410,0.942886105
1409,0.942607765
1408,0.94278958
1407,0.942918549
1406,0.942696686
1405,0.942633444
1404,0.942859446
1403,0.942977339
1402,0.942083403
1401,0.942125111
1400,0.942955367
1399,0.942540309
1398,0.942583008
1397,0.941792723
1396,0.94253926
1395,0.942061596
1394,0.942029266
1393,0.942374382
1392,0.941966654
1391,0.942451623
1390,0.942044703
1389,0.942181282
1388,0.942556362
1387,0.942678827
1386,0.942372341
1385,0.941992709
1384,0.941700719
1383,0.941851044
1382,0.941835492
1381,0.942401307
1380,0.942775631
1379,0.942086894
1378,0.941394202
1377,0.942010791
1376,0.94142561
1375,0.941849219
1374,0.941517817
1373,0.941293856
1372,0.942126738
1371,0.941259282
1370,0.941719036
1369,0.941642246
1368,0.942091643
1367,0.941636028
1366,0.942112344
1365,0.942387911
1364,0.941674563
1363,0.941455854
1362,0.941983344
1361,0.941421274
1360,0.941873862
1359,0.941995665
1358,0.940962645
1357,0.941143926
1356,0.94110391
1355,0.940979074
1354,0.940754719
1353,0.941741772
1352,0.941069558
1351,0.94125611
1350,0.941827825
1349,0.941675593
1348,0.941548754
1347,0.941612829
1346,0.942157402
1345,0.941828105
1344,0.941750552
1343,0.942068017
1342,0.94186491
1341,0.941506411
1340,0.94178697
1339,0.941548971
1338,0.941598981
1337,0.941584816
1336,0.941776396
1335,0.941845105
1334,0.941687145
1333,0.941378142
1332,0.941404673
1331,0.941464729
1330,0.941334432
1329,0.941501865
1328,0.941800957
1327,0.941271324
1326,0.941363894
1325,0.941262309
1324,0.941293697
1323,0.94168939
1322,0.941137435
1321,0.941070493
1320,0.941038227
1319,0.941057091
1318,0.940571683
1317,0.941019719
1316,0.940877927
1315,0.940243301
1314,0.940539366
1313,0.940899544
1312,0.940510629
1311,0.939969114
1310,0.940422217
1309,0.940119228
1308,0.939987901
1307,0.940050983
1306,0.940170345
1305,0.939902611
1304,0.939745083
1303,0.940415618
1302,0.940194391
1301,0.939559828
1300,0.939969393
1299,0.939899394
1298,0.939415639
1297,0.939886367
1296,0.939500682
1295,0.940055586
1294,0.939483846
1293,0.939493186
1292,0.939577986
1291,0.939376825
1290,0.939680354
1289,0.939481144
1288,0.939112148
1287,0.939133568
1286,0.939211267
1285,0.938525937
1284,0.93855945
1283,0.939022732
1282,0.939034634
1281,0.938663451
1280,0.938945376
1279,0.938725268
1278,0.938702653
1277,0.939254373
1276,0.93870402
1275,0.938213634
1274,0.938175729
1273,0.938970928
1272,0.938461259
1271,0.938234189
1270,0.938187841
1269,0.938747133
1268,0.938413048
1267,0.937925371
1266,0.938251673
1265,0.937418181
1264,0.937705803
1263,0.937706273
1262,0.937906259
1261,0.937738679
1260,0.937536151
1259,0.937511145
1258,0.937359365
1257,0.936968962
1256,0.937875996
1255,0.937491805
1254,0.93777167
1253,0.937074369
1252,0.937380238
1251,0.937202346
1250,0.937391256
1249,0.937312266
1248,0.937199682
1247,0.937872041
1246,0.937193108
1245,0.937305145
1244,0.937211278
1243,0.937366873
1242,0.936974983
1241,0.936897628
1240,0.937229888
1239,0.936968943
1238,0.936716741
1237,0.936767127
1236,0.93724521
1235,0.937329973
1234,0.937197056
1233,0.936860231
1232,0.936320903
1231,0.936651382
1230,0.936266836
1229,0.936914285
1228,0.93631101
1227,0.9367589
1226,0.936577606
1225,0.936534538
1224,0.9366583
1223,0.936515465
1222,0.936475048
1221,0.936077652
1220,0.936669629
1219,0.936064637
1218,0.936268972
1217,0.93605643
1216,0.936862526
1215,0.935994155
1214,0.935980167
1213,0.935945047
1212,0.93607825
1211,0.935870463
1210,0.936286894
1209,0.93633522
1208,0.936180534
1207,0.936313578
1206,0.936591981
1205,0.936041145
1204,0.935720094
1203,0.93587951
1202,0.936334438
1201,0.936008739
1200,0.936057828
1199,0.937669754
1198,0.937480443
1197,0.937553342
1196,0.937260005
1195,0.937710361
1194,0.937294235
1193,0.93735096
1192,0.93730655
1191,0.937060623
1190,0.937248249
1189,0.937404722
1188,0.937170982
1187,0.936824443
1186,0.936688385
1185,0.93689462
1184,0.936665834
1183,0.936379547
1182,0.937196452
1181,0.936579539
1180,0.93633969
1179,0.93635725
1178,0.936217721
1177,0.936158015
1176,0.936444009
1175,0.935941518
1174,0.936330916
1173,0.936312046
1172,0.936217499
1171,0.935766513
1170,0.93601998
1169,0.93647131
1168,0.936205966
1167,0.935616995
1166,0.936111348
1165,0.935928485
1164,0.936117776
1163,0.935996558
1162,0.93538449
1161,0.935321356
1160,0.934912879
1159,0.935306098
1158,0.9352005
1157,0.935077394
1156,0.935376422
1155,0.934490306
1154,0.934879831
1153,0.93503931
1152,0.934534829
1151,0.934694742
1150,0.934586582
1149,0.93448082
1148,0.934602877
1147,0.933774687
1146,0.934236526
1145,0.934494343
1144,0.933875987
1143,0.934270255
1142,0.934277445
1141,0.93398941
1140,0.93432368
1139,0.93378938
1138,0.933891767
1137,0.933208866
1136,0.933817406
1135,0.933507671
1134,0.933251896
1133,0.933341045
1132,0.933121916
1131,0.933156319
1130,0.932489287
1129,0.932842553
1128,0.933196443
1127,0.932917207
1126,0.932877502
1125,0.932655156
1124,0.931648547
1123,0.93273592
1122,0.932557621
1121,0.932104429
1120,0.93189333
1119,0.932113304
1118,0.931989352
1117,0.931410472
1116,0.931951052
1115,0.931820412
1114,0.931239808
1113,0.931642768
1112,0.93163084
1111,0.931544456
1110,0.930907612
1109,0.931092428
1108,0.930799802
1107,0.930865281
1106,0.930375023
1105,0.930681477
1104,0.930940069
1103,0.930172647
1102,0.930747954
1101,0.930161438
1100,0.929970837
1099,0.92990195
1098,0.929702752
1097,0.929680818
1096,0.930210463
1095,0.929590111
1094,0.929567254
1093,0.929404666
1092,0.92895291
1091,0.928935782
1090,0.928726877
1089,0.928815816
1088,0.928645058
1087,0.928751246
1086,0.928407084
1085,0.92839866
1084,0.928157717
1083,0.92809234
1082,0.927896309
1081,0.927687868
1080,0.927390963
1079,0.927322534
1078,0.927737001
1077,0.92724376
1076,0.92663983
1075,0.926492488
1074,0.926732769
1073,0.926779245
1072,0.926500295
1071,0.926086966
1070,0.926114566
1069,0.925794093
1068,0.925871696
1067,0.925620486
1066,0.92551431
1065,0.925437393
1064,0.924752655
1063,0.924994939
1062,0.924458256
1061,0.924541861
1060,0.92465704
1059,0.924172586
1058,0.923509356
1057,0.924318956
1056,0.923707555
1055,0.923616982
1054,0.923275979
1053,0.92285806
1052,0.922967676
1051,0.922685483
1050,0.922944571
1049,0.922983335
1048,0.922605406
1047,0.922063828
1046,0.922596258
1045,0.921574574
1044,0.921410281
1043,0.921785418
1042,0.921806335
1041,0.920744616
1040,0.920862605
1039,0.921137238
1038,0.920793546
1037,0.920447343
1036,0.920100136
1035,0.920097523
1034,0.919646899
1033,0.919906324
1032,0.919464531
1031,0.919567445
1030,0.919352729
1029,0.918987471
1028,0.918716056
1027,0.918896898
1026,0.91829923
1025,0.918548209
1024,0.918401814
1023,0.918210195
1022,0.918199081
1021,0.91798151
1020,0.917350267
1019,0.917801832
1018,0.917117399
1017,0.916886622
1016,0.916893412
1015,0.916735109
1014,0.916344541
1013,0.916166655
1012,0.916602427
1011,0.915392996
1010,0.915481911
1009,0.915526212
1008,0.915451412
1007,0.915030766
1006,0.914958108
1005,0.914598045
1004,0.91429142
1003,0.914158268
1002,0.913758837
1001,0.913516115
1000,0.913718713
999,0.912742062
998,0.91356177
997,0.912469699
996,0.912110271
995,0.912487081
994,0.911402556
993,0.911153755
992,0.910447318
991,0.910855776
990,0.910190493
989,0.909902636
988,0.909965687
987,0.909084174
986,0.909032224
985,0.908428491
984,0.908312308
983,0.90753973
982,0.907334569
981,0.907256953
980,0.90666488
979,0.906383127
978,0.905534763
977,0.905301749
976,0.904804014
975,0.905150592
974,0.904559816
973,0.904200617
972,0.903326003
971,0.903000412
970,0.902836685
969,0.902159748
968,0.901958167
967,0.901282272
966,0.901124802
965,0.901195526
964,0.900009689
963,0.899476986
962,0.899105657
961,0.898497423
960,0.898013312
959,0.897854112
958,0.896990636
957,0.896942209
956,0.896445274
955,0.895536976
954,0.895288874
953,0.8950892
952,0.894375515
951,0.893574861
950,0.893463427
949,0.892651412
948,0.892666556
947,0.891968218
946,0.891926314
945,0.890944786
944,0.890908451
943,0.890531228
942,0.890095584
941,0.889323832
940,0.88905014
939,0.88900828
938,0.888327274
937,0.887451363
936,0.887208513
935,0.887225062
934,0.886364727
933,0.886195189
932,0.884994303
931,0.884681625
930,0.884128056
929,0.883768578
928,0.883298537
927,0.882532571
926,0.881786448
925,0.881454519
924,0.880649376
923,0.880155735
922,0.879416008
921,0.878922545
920,0.878737551
919,0.878314336
918,0.877150625
917,0.87715271
916,0.876221612
915,0.875722014
914,0.874931304
913,0.874186363
912,0.873253428
911,0.872916279
910,0.872508214
909,0.871566919
908,0.871073755
907,0.87051576
906,0.869526157
905,0.868882211
904,0.868085124
903,0.867871672
902,0.867443314
901,0.866248792
900,0.866167316
899,0.86614343
898,0.86568676
897,0.86456508
896,0.864587536
895,0.864622434
894,0.863929424
893,0.863601653
892,0.863053627
891,0.863081277
890,0.863446051
889,0.863575706
888,0.863095303
887,0.864289322
886,0.864440575
885,0.864868069
884,0.864334812
883,0.863424034
882,0.862736352
881,0.861763757
880,0.860124289
879,0.85852363
878,0.857702459
877,0.856242739
876,0.855212549
875,0.85434885
874,0.853560435
873,0.853190142
872,0.851887652
871,0.851511358
870,0.850556564
869,0.85008412
868,0.849096673
867,0.848129565
866,0.847426802
865,0.846826973
864,0.846368237
863,0.845736866
862,0.844939499
861,0.843400981
860,0.843482507
859,0.842681185
858,0.842280858
857,0.842237396
856,0.841789824
855,0.840567042
854,0.840141919
853,0.839881045
852,0.839320609
851,0.838864384
850,0.838114923
849,0.837065074
848,0.837095941
847,0.836674417
846,0.836284307
845,0.836053785
844,0.835675793
843,0.835205867
842,0.835244052
841,0.834396604
840,0.834091511
839,0.833534387
838,0.834739056
837,0.83379687
836,0.832849483
835,0.831666018
834,0.832410806
833,0.832117265
832,0.832215074
831,0.831275705
830,0.831512241
829,0.830724646
828,0.831369324
827,0.831247304
826,0.830519765
825,0.83305865
824,0.83038276
823,0.831039047
822,0.831539682
821,0.832005151
820,0.830631886
819,0.830849616
818,0.833667323
817,0.832642485
816,0.831021563
815,0.832416732
814,0.832797807
813,0.833263041
812,0.833547433
811,0.833223127
810,0.834574191
809,0.832474194
808,0.832941577
807,0.83488013
806,0.835329876
805,0.833767325
804,0.834282602
803,0.834134121
802,0.835081221
801,0.834030355
800,0.83316527
799,0.831865603
798,0.833080978
797,0.83335502
796,0.831326739
795,0.834592228
794,0.833623498
793,0.833279756
792,0.834989694
791,0.835162818
790,0.835511748
789,0.834503695
788,0.836264769
787,0.835830606
786,0.836146876
785,0.836326555
784,0.83768788
783,0.837061335
782,0.838755449
781,0.837546991
780,0.838698463
779,0.840188592
778,0.840010465
777,0.838162689
776,0.841099294
775,0.841142375
774,0.840776215
773,0.84158357
772,0.842445621
771,0.843088627
770,0.842872747
769,0.841606108
768,0.844495837
767,0.84444617
766,0.842615617
765,0.844302368
764,0.844181194
763,0.845351664
762,0.846286793
761,0.846505159
760,0.84670091
759,0.846632468
758,0.846572069
757,0.84625447
756,0.847424431
755,0.847437197
754,0.847399629
753,0.847697684
752,0.848784186
751,0.848511639
750,0.848355897
749,0.849218782
748,0.849052645
747,0.849503136
746,0.850237974
745,0.851187471
744,0.850560188
743,0.850948257
742,0.850417309
741,0.851303876
740,0.851234697
739,0.852854328
738,0.85268261
737,0.852995644
736,0.85304582
735,0.853922386
734,0.853581734
733,0.854940701
732,0.85488306
731,0.85474074
730,0.854791597
729,0.854569092
728,0.854773617
727,0.855011775
726,0.855758654
725,0.856041616
724,0.856736571
723,0.856520265
722,0.856708927
721,0.85705363
720,0.85801747
719,0.857495944
718,0.857934469
717,0.858092206
716,0.857993749
715,0.858395977
714,0.857737961
713,0.85878252
712,0.858868949
711,0.859045773
710,0.85893266
709,0.860401669
708,0.860202662
707,0.860345548
706,0.860520242
705,0.859935691
704,0.860459245
703,0.860634454
702,0.8612872
701,0.861716353
700,0.86069451
699,0.861609879
698,0.862037423
697,0.861981074
696,0.862271837
695,0.862561296
694,0.862531484
693,0.863089822
692,0.863492298
691,0.863076833
690,0.863372682
689,0.863896109
688,0.864006329
687,0.864285997
686,0.864389712
685,0.864233284
684,0.864785004
683,0.865018113
682,0.86542661
681,0.865245037
680,0.865559483
679,0.86607858
678,0.865905018
677,0.86597126
676,0.866489709
675,0.866893126
674,0.866830858
673,0.866757946
672,0.86707475
671,0.867409515
670,0.867427031
669,0.86763518
668,0.868271885
667,0.867844232
666,0.867905114
665,0.868383497
664,0.868661474
663,0.868942293
662,0.869123217
661,0.869064795
660,0.868757502
659,0.869742393
658,0.869181321
657,0.869762141
656,0.87012139
655,0.870423775
654,0.870440998
653,0.870427761
652,0.870985635
651,0.870971343
650,0.870947291
649,0.870964832
648,0.871148459
647,0.871058737
646,0.871007512
645,0.871534659
644,0.872030271
643,0.872232094
642,0.871857923
641,0.872517738
640,0.872465795
639,0.872681408
638,0.873093522
637,0.872842166
636,0.87282903
635,0.873141829
634,0.873654461
633,0.873372555
632,0.873374151
631,0.874100367
630,0.873699589
629,0.874217834
628,0.874029554
627,0.87392046
626,0.87453598
625,0.8744299
624,0.874517104
623,0.874819082
622,0.875020383
621,0.875334352
620,0.875182927
619,0.875430895
618,0.875762666
617,0.875657304
616,0.875867456
615,0.875941531
614,0.875474625
613,0.876256593
612,0.876730556
611,0.876651071
610,0.876824678
609,0.876544323
608,0.87705932
607,0.877089144
606,0.876924572
605,0.877256152
604,0.877287884
603,0.877813524
602,0.877394969
601,0.878222173
600,0.877899812
599,0.877918631
598,0.878357671
597,0.878384819
596,0.878563398
595,0.87849268
594,0.878967209
593,0.878845069
592,0.878838501
591,0.879071064
590,0.878760668
589,0.879939264
588,0.879320037
587,0.879409199
586,0.880073662
585,0.879757404
584,0.879430154
583,0.880077445
582,0.87976799
581,0.880611184
580,0.880267131
579,0.880834815
578,0.880194295
577,0.880658271
576,0.88039458
575,0.880778662
574,0.880794938
573,0.881251647
572,0.880958761
571,0.880692056
570,0.881119671
569,0.880814298
568,0.881074384
567,0.881224779
566,0.881732572
565,0.881491547
564,0.88213974
563,0.882275836
562,0.881443837
561,0.882182636
560,0.882398752
559,0.882320423
558,0.882484169
557,0.883036404
556,0.882424329
555,0.883124599
554,0.882444045
553,0.883197244
552,0.882938449
551,0.882827752
550,0.883208313
549,0.883443451
548,0.883285885
547,0.883572865
546,0.883594481
545,0.884085509
544,0.883529797
543,0.883563461
542,0.884178969
541,0.884069093
540,0.884637095
539,0.883652681
538,0.884350033
537,0.884483865
536,0.884630451
535,0.884445019
534,0.884831676
533,0.884909007
532,0.884262733
531,0.884152101
530,0.884372673
529,0.884950593
528,0.885113525
527,0.884619204
526,0.885042375
525,0.884769173
524,0.885420183
523,0.88550115
522,0.885362167
521,0.885691853
520,0.885440737
519,0.885273946
518,0.885982138
517,0.88605566
516,0.885557391
515,0.885985864
514,0.885893892
513,0.885993245
512,0.885408033
511,0.885933336
510,0.886256968
509,0.886295961
508,0.886466497
507,0.886319192
506,0.886694094
505,0.886339118
504,0.886341991
503,0.886583805
502,0.887060897
501,0.887192001
500,0.887294089
499,0.887018191
498,0.886824455
497,0.88691925
496,0.887274526
495,0.887219321
494,0.887166862
493,0.887485339
492,0.886878942
491,0.887395229
490,0.888129571
489,0.887450867
488,0.887388522
487,0.887688249
486,0.887452984
485,0.88783097
484,0.887882493
483,0.887758624
482,0.888224748
481,0.887556883
480,0.888065688
479,0.888183835
478,0.888267873
477,0.888205598
476,0.888183473
475,0.888216788
474,0.888301862
473,0.888345381
472,0.888283017
471,0.888466562
470,0.889089108
469,0.888812154
468,0.888435898
467,0.888681208
466,0.888681774
465,0.888809115
464,0.889119867
463,0.888990606
462,0.889127382
461,0.8888274
460,0.889480699
459,0.888753274
458,0.889516907
457,0.889536304
456,0.889024512
455,0.889179738
454,0.889850718
453,0.889756921
452,0.889347553
451,0.889942576
450,0.889450804
449,0.888896599
448,0.889449476
447,0.88961935
446,0.889499798
445,0.889232159
444,0.889244296
443,0.889618562
442,0.890141799
441,0.89033123
440,0.89019907
439,0.889871146
438,0.890180658
437,0.889892985
436,0.889684016
435,0.889995575
434,0.890316111
433,0.890027529
432,0.89033055
431,0.89066337
430,0.889735966
429,0.890379416
428,0.889771976
427,0.890401026
426,0.890491066
425,0.890161101
424,0.890328248
423,0.890215162
422,0.890711193
421,0.890464694
420,0.89038765
419,0.890685539
418,0.890448411
417,0.890321198
416,0.890731773
415,0.890309022
414,0.890105578
413,0.890821571
412,0.890724157
411,0.890295989
410,0.890954755
409,0.890041135
408,0.891046371
407,0.891722349
406,0.891044674
405,0.89112353
404,0.891096948
403,0.891200263
402,0.890300484
401,0.89121343
400,0.890798435
399,0.89115633
398,0.891351566
397,0.890489279
396,0.890632464
395,0.891476498
394,0.891260001
393,0.891712379
392,0.890980517
391,0.890730451
390,0.890597776
389,0.891439387
388,0.891682173
387,0.891042207
386,0.890227318
385,0.891613242
384,0.890941588
383,0.891271343
382,0.889731668
381,0.890444349
380,0.890286916
379,0.890368799
378,0.890794182
377,0.891067944
376,0.890287972
375,0.891142877
374,0.890405693
373,0.890740115
372,0.890211461
371,0.890954234
370,0.889740283
369,0.891318696
368,0.89085364
367,0.890683238
366,0.891353353
365,0.889627844
364,0.890889034
363,0.891197357
362,0.891717612
361,0.890981782
360,0.89049825
359,0.890264079
358,0.890116431
357,0.890218493
356,0.889861857
355,0.889860503
354,0.890367406
353,0.88984031
352,0.888339513
351,0.8898489
350,0.890975863
349,0.889652195
348,0.891001886
347,0.889038423
346,0.889983209
345,0.890389271
344,0.889856027
343,0.888391012
342,0.890091496
341,0.889116885
340,0.889414584
339,0.887491334
338,0.887076518
337,0.886851082
336,0.886706441
335,0.886428496
334,0.885671202
333,0.886212826
332,0.885705814
331,0.885203667
330,0.88584163
329,0.885318273
328,0.886215006
327,0.886914857
326,0.885731494
325,0.885659695
324,0.885845235
323,0.886212374
322,0.885116202
321,0.884523347
320,0.884652557
319,0.884656499
318,0.884676533
317,0.884960117
316,0.884979846
315,0.885158386
314,0.885079397
313,0.88471419
312,0.884884783
311,0.885219002
310,0.884428552
309,0.88404335
308,0.885047474
307,0.884046885
306,0.884425106
305,0.884202518
304,0.884075178
303,0.883796679
302,0.884379152
301,0.883937327
300,0.883783182
299,0.883047778
298,0.883895518
297,0.883886865
296,0.883272616
295,0.883811067
294,0.883472583
293,0.883460032
292,0.883637575
291,0.883559589
290,0.882872524
289,0.882853406
288,0.882916311
287,0.882975063
286,0.882517217
285,0.882965126
284,0.882768294
283,0.882152036
282,0.88259175
281,0.881835219
280,0.881928272
279,0.881566855
278,0.881631788
277,0.881678416
276,0.881540248
275,0.880911611
274,0.881283824
273,0.880979684
272,0.880996615
271,0.880706234
270,0.880394217
269,0.880375665
268,0.879865735
267,0.879895331
266,0.880051072
265,0.879597613
264,0.879826565
263,0.879468079
262,0.878996474
261,0.878712794
260,0.87873216
259,0.878194701
258,0.877662265
257,0.877799765
256,0.877630742
255,0.877122746
254,0.876555112
253,0.876338768
252,0.875951494
251,0.875808697
250,0.875216039
249,0.874916674
248,0.874402396
247,0.874452902
246,0.874032981
245,0.872817936
244,0.873029219
243,0.872496071
242,0.87129783
241,0.870979137
240,0.870548757
239,0.869421151
238,0.86884222
237,0.86794363
236,0.867623157
235,0.866393592
234,0.865622203
233,0.864299698
232,0.863923957
231,0.8623725
230,0.861485526
229,0.860593739
228,0.859454123
227,0.858205204
226,0.856816673
225,0.855207227
224,0.854384638
223,0.852418149
222,0.850975819
221,0.84946895
220,0.847426675
219,0.84610302
218,0.844003328
217,0.842515965
216,0.840051759
215,0.837799619
214,0.835361506
213,0.833345165
212,0.831172117
211,0.828156687
210,0.826034133
209,0.822491016
208,0.819953461
207,0.816538359
206,0.813023624
205,0.809901689
204,0.807074356
203,0.802721685
202,0.798904444
201,0.795389296
200,0.791110198